2026-06-28 08:43:46,913 | INFO | Pipeline started
2026-06-28 08:43:46,914 | INFO | Starting Text Analyzer...
2026-06-28 08:43:46,914 | INFO | Loading script...
2026-06-28 08:43:46,915 | INFO | Normalizing text...
2026-06-28 08:43:46,916 | INFO | Building presentation structure...
2026-06-28 08:43:46,916 | INFO | Detecting slides...
2026-06-28 08:43:46,917 | INFO | Calculating statistics...
2026-06-28 08:43:46,918 | INFO | Text Analyzer completed.
2026-06-28 08:43:46,919 | INFO | Pipeline completed successfully
2026-06-28 08:43:55,944 | INFO | Pipeline started
2026-06-28 08:43:55,945 | INFO | Starting Text Analyzer...
2026-06-28 08:43:55,945 | INFO | Loading script...
2026-06-28 08:43:55,946 | INFO | Normalizing text...
2026-06-28 08:43:55,948 | INFO | Building presentation structure...
2026-06-28 08:43:55,948 | INFO | Detecting slides...
2026-06-28 08:43:55,949 | INFO | Calculating statistics...
2026-06-28 08:43:55,950 | INFO | Text Analyzer completed.
2026-06-28 08:43:55,951 | INFO | Pipeline completed successfully
2026-06-28 08:48:45,414 | INFO | Pipeline started
2026-06-28 08:48:45,414 | INFO | Starting Text Analyzer...
2026-06-28 08:48:45,415 | INFO | Loading script...
2026-06-28 08:48:45,415 | INFO | Normalizing text...
2026-06-28 08:48:45,416 | INFO | Building presentation structure...
2026-06-28 08:48:45,416 | INFO | Detecting slides...
2026-06-28 08:48:45,417 | INFO | Calculating statistics...
2026-06-28 08:48:45,418 | INFO | Text Analyzer completed.
2026-06-28 08:48:45,418 | INFO | Building narration...
2026-06-28 08:48:45,428 | INFO | 6 narration blocks created
2026-06-28 08:48:45,429 | INFO | Narration exported to D:\Projetos\SpeechAI\output\narration.txt
2026-06-28 08:48:45,431 | INFO | Pipeline completed successfully
2026-06-28 08:53:38,888 | INFO | Pipeline started
2026-06-28 08:53:38,889 | INFO | Starting Text Analyzer...
2026-06-28 08:53:38,889 | INFO | Loading script...
2026-06-28 08:53:38,890 | INFO | Normalizing text...
2026-06-28 08:53:38,892 | INFO | Building presentation structure...
2026-06-28 08:53:38,892 | INFO | Detecting slides...
2026-06-28 08:53:38,893 | INFO | Calculating statistics...
2026-06-28 08:53:38,894 | INFO | Text Analyzer completed.
2026-06-28 08:53:38,894 | INFO | Building narration...
2026-06-28 08:53:38,895 | INFO | 6 narration blocks created
2026-06-28 08:53:38,895 | INFO | Building SSML...
2026-06-28 08:53:38,897 | INFO | SSML generated successfully.
2026-06-28 08:53:38,898 | INFO | Narration exported to D:\Projetos\SpeechAI\output\narration.txt
2026-06-28 08:53:38,899 | INFO | SSML exported to D:\Projetos\SpeechAI\output\speech.xml
2026-06-28 08:53:38,901 | INFO | Pipeline completed successfully
2026-06-28 08:57:05,894 | INFO | Pipeline started
2026-06-28 08:57:05,894 | INFO | Starting Text Analyzer...
2026-06-28 08:57:05,894 | INFO | Loading script...
2026-06-28 08:57:05,895 | INFO | Normalizing text...
2026-06-28 08:57:05,896 | INFO | Building presentation structure...
2026-06-28 08:57:05,896 | INFO | Detecting slides...
2026-06-28 08:57:05,897 | INFO | Calculating statistics...
2026-06-28 08:57:05,898 | INFO | Text Analyzer completed.
2026-06-28 08:57:05,898 | INFO | Building narration...
2026-06-28 08:57:05,898 | INFO | 6 narration blocks created
2026-06-28 08:57:05,898 | INFO | Building SSML...
2026-06-28 08:57:05,901 | INFO | SSML generated successfully.
2026-06-28 08:57:05,902 | INFO | Narration exported to D:\Projetos\SpeechAI\output\narration.txt
2026-06-28 08:57:05,903 | INFO | SSML exported to D:\Projetos\SpeechAI\output\speech.xml
2026-06-28 08:57:05,903 | INFO | Pipeline completed successfully
2026-06-28 08:57:05,919 | INFO | SSML loaded, generating audio...
2026-06-28 08:57:05,933 | INFO | Starting TTS generation...
2026-06-28 08:57:05,934 | ERROR | Pipeline error: Communicate.__init__() got an unexpected keyword argument 'style'
2026-06-28 08:58:26,348 | INFO | Pipeline started
2026-06-28 08:58:26,348 | INFO | Starting Text Analyzer...
2026-06-28 08:58:26,349 | INFO | Loading script...
2026-06-28 08:58:26,349 | INFO | Normalizing text...
2026-06-28 08:58:26,350 | INFO | Building presentation structure...
2026-06-28 08:58:26,350 | INFO | Detecting slides...
2026-06-28 08:58:26,351 | INFO | Calculating statistics...
2026-06-28 08:58:26,351 | INFO | Text Analyzer completed.
2026-06-28 08:58:26,351 | INFO | Building narration...
2026-06-28 08:58:26,352 | INFO | 6 narration blocks created
2026-06-28 08:58:26,352 | INFO | Building SSML...
2026-06-28 08:58:26,354 | INFO | SSML generated successfully.
2026-06-28 08:58:26,355 | INFO | Narration exported to D:\Projetos\SpeechAI\output\narration.txt
2026-06-28 08:58:26,355 | INFO | SSML exported to D:\Projetos\SpeechAI\output\speech.xml
2026-06-28 08:58:26,357 | INFO | Pipeline completed successfully
2026-06-28 08:58:26,375 | INFO | SSML loaded, generating audio...
2026-06-28 08:58:26,376 | INFO | Starting TTS generation...
2026-06-28 08:59:03,496 | INFO | Audio saved at D:\Projetos\SpeechAI\output\audio.mp3
2026-06-28 09:02:15,607 | INFO | Pipeline started
2026-06-28 09:02:15,607 | INFO | Starting Text Analyzer...
2026-06-28 09:02:15,607 | INFO | Loading script...
2026-06-28 09:02:15,608 | INFO | Normalizing text...
2026-06-28 09:02:15,609 | INFO | Building presentation structure...
2026-06-28 09:02:15,609 | INFO | Detecting slides...
2026-06-28 09:02:15,609 | INFO | Calculating statistics...
2026-06-28 09:02:15,610 | INFO | Text Analyzer completed.
2026-06-28 09:02:15,610 | INFO | Building narration...
2026-06-28 09:02:15,611 | INFO | 6 narration blocks created
2026-06-28 09:02:15,611 | INFO | Building SSML...
2026-06-28 09:02:15,613 | INFO | SSML generated successfully.
2026-06-28 09:02:15,613 | INFO | Narration exported to D:\Projetos\SpeechAI\output\narration.txt
2026-06-28 09:02:15,613 | INFO | SSML exported to D:\Projetos\SpeechAI\output\speech.xml
2026-06-28 09:02:15,614 | INFO | Pipeline completed successfully
2026-06-28 09:02:15,630 | INFO | SSML loaded, generating audio...
2026-06-28 09:02:15,631 | INFO | Starting TTS generation...
2026-06-28 09:02:45,936 | INFO | Audio saved at D:\Projetos\SpeechAI\output\audio.mp3
2026-06-28 11:25:26,806 | INFO | Pipeline started
2026-06-28 11:25:26,806 | INFO | Starting Text Analyzer...
2026-06-28 11:25:26,806 | INFO | Loading script...
2026-06-28 11:25:26,819 | INFO | Normalizing text...
2026-06-28 11:25:26,819 | INFO | Building presentation structure...
2026-06-28 11:25:26,820 | INFO | Detecting slides...
2026-06-28 11:25:26,820 | INFO | Calculating statistics...
2026-06-28 11:25:26,821 | INFO | Text Analyzer completed.
2026-06-28 11:25:26,821 | INFO | Building narration...
2026-06-28 11:25:26,822 | INFO | 6 narration blocks created
2026-06-28 11:25:26,823 | INFO | Narration exported to D:\Projetos\SpeechAI\output\narration.txt
2026-06-28 11:25:26,823 | INFO | Building SSML...
2026-06-28 11:25:26,825 | INFO | SSML generated successfully.
2026-06-28 11:25:26,826 | INFO | SSML exported to D:\Projetos\SpeechAI\output\speech.xml
2026-06-28 11:25:26,840 | INFO | SSML loaded, generating audio...
2026-06-28 11:25:26,842 | INFO | Starting TTS generation...
2026-06-28 11:25:47,476 | INFO | Audio saved at D:\Projetos\SpeechAI\output\audio.mp3
2026-06-28 11:25:47,478 | INFO | Pipeline completed successfully
2026-06-28 11:28:03,241 | INFO | Pipeline started
2026-06-28 11:28:03,241 | INFO | Starting Text Analyzer...
2026-06-28 11:28:03,242 | INFO | Loading script...
2026-06-28 11:28:03,242 | INFO | Normalizing text...
2026-06-28 11:28:03,243 | INFO | Building presentation structure...
2026-06-28 11:28:03,243 | INFO | Detecting slides...
2026-06-28 11:28:03,243 | INFO | Calculating statistics...
2026-06-28 11:28:03,244 | INFO | Text Analyzer completed.
2026-06-28 11:28:03,244 | INFO | Building narration...
2026-06-28 11:28:03,244 | INFO | 6 narration blocks created
2026-06-28 11:28:03,245 | INFO | Narration exported to D:\Projetos\SpeechAI\output\narration.txt
2026-06-28 11:28:03,245 | INFO | Building SSML...
2026-06-28 11:28:03,246 | INFO | SSML generated successfully.
2026-06-28 11:28:03,247 | INFO | SSML exported to D:\Projetos\SpeechAI\output\speech.xml
2026-06-28 11:28:12,924 | INFO | Pipeline completed successfully
2026-06-28 11:37:52,122 | INFO | Pipeline started
2026-06-28 11:37:52,122 | INFO | Starting Text Analyzer...
2026-06-28 11:37:52,122 | INFO | Loading script...
2026-06-28 11:37:52,123 | INFO | Normalizing text...
2026-06-28 11:37:52,123 | INFO | Building presentation structure...
2026-06-28 11:37:52,123 | INFO | Detecting slides...
2026-06-28 11:37:52,124 | INFO | Calculating statistics...
2026-06-28 11:37:52,125 | INFO | Text Analyzer completed.
2026-06-28 11:37:52,125 | INFO | Building narration...
2026-06-28 11:37:52,125 | INFO | 6 narration blocks created
2026-06-28 11:37:52,125 | INFO | Narration exported to D:\Projetos\SpeechAI\output\narration.txt
2026-06-28 11:37:52,125 | INFO | Building speech-optimized text...
2026-06-28 11:37:52,126 | INFO | Speech text generated successfully
2026-06-28 11:37:52,127 | INFO | Speech text exported to D:\Projetos\SpeechAI\output\speech.xml
2026-06-28 11:38:20,507 | INFO | Pipeline completed successfully
2026-06-28 11:43:16,939 | INFO | Pipeline started
2026-06-28 11:43:16,939 | INFO | Starting Text Analyzer...
2026-06-28 11:43:16,939 | INFO | Loading script...
2026-06-28 11:43:16,940 | INFO | Normalizing text...
2026-06-28 11:43:16,940 | INFO | Building presentation structure...
2026-06-28 11:43:16,940 | INFO | Detecting slides...
2026-06-28 11:43:16,941 | INFO | Calculating statistics...
2026-06-28 11:43:16,942 | INFO | Text Analyzer completed.
2026-06-28 11:43:16,942 | INFO | Building narration...
2026-06-28 11:43:16,942 | INFO | 6 narration blocks created
2026-06-28 11:43:16,943 | INFO | Narration exported to D:\Projetos\SpeechAI\output\narration.txt
2026-06-28 11:43:16,944 | INFO | Building speech-optimized text...
2026-06-28 11:43:16,945 | INFO | Speech text generated successfully
2026-06-28 11:43:16,946 | INFO | Speech text exported to D:\Projetos\SpeechAI\output\speech.xml
2026-06-28 11:43:55,438 | INFO | Pipeline completed successfully
2026-06-28 11:46:04,665 | INFO | Pipeline started
2026-06-28 11:46:04,666 | INFO | Starting Text Analyzer...
2026-06-28 11:46:04,666 | INFO | Loading script...
2026-06-28 11:46:04,666 | INFO | Normalizing text...
2026-06-28 11:46:04,667 | INFO | Building presentation structure...
2026-06-28 11:46:04,667 | INFO | Detecting slides...
2026-06-28 11:46:04,667 | INFO | Calculating statistics...
2026-06-28 11:46:04,668 | INFO | Text Analyzer completed.
2026-06-28 11:46:04,668 | INFO | Building narration...
2026-06-28 11:46:04,668 | INFO | 6 narration blocks created
2026-06-28 11:46:04,669 | INFO | Narration exported to D:\Projetos\SpeechAI\output\narration.txt
2026-06-28 11:46:04,669 | INFO | Building speech-optimized text...
2026-06-28 11:46:04,670 | INFO | Speech text generated successfully
2026-06-28 11:46:04,670 | INFO | Speech text exported to D:\Projetos\SpeechAI\output\speech.xml
2026-06-28 11:46:11,762 | INFO | Pipeline completed successfully
2026-06-28 11:47:51,196 | INFO | Pipeline started
2026-06-28 11:47:51,196 | INFO | Starting Text Analyzer...
2026-06-28 11:47:51,196 | INFO | Loading script...
2026-06-28 11:47:51,196 | INFO | Normalizing text...
2026-06-28 11:47:51,198 | INFO | Building presentation structure...
2026-06-28 11:47:51,198 | INFO | Detecting slides...
2026-06-28 11:47:51,199 | INFO | Calculating statistics...
2026-06-28 11:47:51,199 | INFO | Text Analyzer completed.
2026-06-28 11:47:51,199 | INFO | Building narration...
2026-06-28 11:47:51,200 | INFO | 6 narration blocks created
2026-06-28 11:47:51,201 | INFO | Narration exported to D:\Projetos\SpeechAI\output\narration.txt
2026-06-28 11:47:51,201 | INFO | Building speech-optimized text...
2026-06-28 11:47:51,202 | INFO | Speech text generated successfully
2026-06-28 11:47:51,203 | INFO | Speech text exported to D:\Projetos\SpeechAI\output\speech.xml
2026-06-28 11:48:05,283 | INFO | Pipeline completed successfully
2026-06-29 10:21:59,295 | INFO | Pipeline started
2026-06-29 10:21:59,310 | INFO | Starting Text Analyzer...
2026-06-29 10:21:59,310 | INFO | Loading script...
2026-06-29 10:21:59,311 | INFO | Normalizing text...
2026-06-29 10:21:59,311 | INFO | Building presentation structure...
2026-06-29 10:21:59,311 | INFO | Detecting slides...
2026-06-29 10:21:59,312 | INFO | Calculating statistics...
2026-06-29 10:21:59,312 | INFO | Text Analyzer completed.
2026-06-29 10:21:59,313 | INFO | Building narration...
2026-06-29 10:21:59,313 | INFO | 3 narration blocks created
2026-06-29 10:21:59,313 | INFO | Narration exported to D:\Projetos\SpeechAI\output\narration.txt
2026-06-29 10:21:59,313 | INFO | Building speech-optimized text...
2026-06-29 10:21:59,314 | INFO | Speech text generated successfully
2026-06-29 10:21:59,314 | INFO | Speech text exported to D:\Projetos\SpeechAI\output\speech.xml
2026-06-29 10:22:09,499 | INFO | Pipeline completed successfully
2026-06-29 10:25:14,413 | INFO | Pipeline started
2026-06-29 10:25:14,413 | INFO | Starting Text Analyzer...
2026-06-29 10:25:14,413 | INFO | Loading script...
2026-06-29 10:25:14,414 | INFO | Normalizing text...
2026-06-29 10:25:14,414 | INFO | Building presentation structure...
2026-06-29 10:25:14,414 | INFO | Detecting slides...
2026-06-29 10:25:14,414 | INFO | Calculating statistics...
2026-06-29 10:25:14,415 | INFO | Text Analyzer completed.
2026-06-29 10:25:14,415 | INFO | Building narration...
2026-06-29 10:25:14,415 | INFO | 3 narration blocks created
2026-06-29 10:25:14,415 | INFO | Narration exported to D:\Projetos\SpeechAI\output\narration.txt
2026-06-29 10:25:14,415 | INFO | Building speech-optimized text...
2026-06-29 10:25:14,416 | INFO | Speech text generated successfully
2026-06-29 10:25:14,416 | INFO | Speech text exported to D:\Projetos\SpeechAI\output\speech.xml
2026-06-29 10:25:14,423 | ERROR | Pipeline error: 'TTSEngine' object has no attribute 'voice'
2026-06-29 10:25:48,994 | INFO | Pipeline started
2026-06-29 10:25:48,995 | INFO | Starting Text Analyzer...
2026-06-29 10:25:48,995 | INFO | Loading script...
2026-06-29 10:25:48,995 | INFO | Normalizing text...
2026-06-29 10:25:48,995 | INFO | Building presentation structure...
2026-06-29 10:25:48,995 | INFO | Detecting slides...
2026-06-29 10:25:48,996 | INFO | Calculating statistics...
2026-06-29 10:25:48,997 | INFO | Text Analyzer completed.
2026-06-29 10:25:48,997 | INFO | Building narration...
2026-06-29 10:25:48,997 | INFO | 3 narration blocks created
2026-06-29 10:25:48,998 | INFO | Narration exported to D:\Projetos\SpeechAI\output\narration.txt
2026-06-29 10:25:48,998 | INFO | Building speech-optimized text...
2026-06-29 10:25:48,999 | INFO | Speech text generated successfully
2026-06-29 10:25:48,999 | INFO | Speech text exported to D:\Projetos\SpeechAI\output\speech.xml
2026-06-29 10:25:49,814 | ERROR | Pipeline error: No audio was received. Please verify that your parameters are correct.
2026-06-29 10:26:25,902 | INFO | Pipeline started
2026-06-29 10:26:25,902 | INFO | Starting Text Analyzer...
2026-06-29 10:26:25,902 | INFO | Loading script...
2026-06-29 10:26:25,902 | INFO | Normalizing text...
2026-06-29 10:26:25,903 | INFO | Building presentation structure...
2026-06-29 10:26:25,903 | INFO | Detecting slides...
2026-06-29 10:26:25,903 | INFO | Calculating statistics...
2026-06-29 10:26:25,904 | INFO | Text Analyzer completed.
2026-06-29 10:26:25,904 | INFO | Building narration...
2026-06-29 10:26:25,904 | INFO | 3 narration blocks created
2026-06-29 10:26:25,905 | INFO | Narration exported to D:\Projetos\SpeechAI\output\narration.txt
2026-06-29 10:26:25,905 | INFO | Building speech-optimized text...
2026-06-29 10:26:25,906 | INFO | Speech text generated successfully
2026-06-29 10:26:25,906 | INFO | Speech text exported to D:\Projetos\SpeechAI\output\speech.xml
2026-06-29 10:26:25,911 | INFO | SSML loaded, generating audio...
2026-06-29 10:26:25,912 | INFO | Starting TTS generation...
2026-06-29 10:26:37,593 | INFO | Audio saved at D:\Projetos\SpeechAI\output\Audio_Governance_SouthAmerica.mp3
2026-06-29 10:26:37,597 | INFO | Pipeline completed successfully
2026-06-29 10:27:05,155 | INFO | Pipeline started
2026-06-29 10:27:05,155 | INFO | Starting Text Analyzer...
2026-06-29 10:27:05,156 | INFO | Loading script...
2026-06-29 10:27:05,156 | INFO | Normalizing text...
2026-06-29 10:27:05,156 | INFO | Building presentation structure...
2026-06-29 10:27:05,157 | INFO | Detecting slides...
2026-06-29 10:27:05,157 | INFO | Calculating statistics...
2026-06-29 10:27:05,158 | INFO | Text Analyzer completed.
2026-06-29 10:27:05,158 | INFO | Building narration...
2026-06-29 10:27:05,158 | INFO | 3 narration blocks created
2026-06-29 10:27:05,159 | INFO | Narration exported to D:\Projetos\SpeechAI\output\narration.txt
2026-06-29 10:27:05,159 | INFO | Building speech-optimized text...
2026-06-29 10:27:05,160 | INFO | Speech text generated successfully
2026-06-29 10:27:05,161 | INFO | Speech text exported to D:\Projetos\SpeechAI\output\speech.xml
2026-06-29 10:27:05,164 | INFO | SSML loaded, generating audio...
2026-06-29 10:27:05,166 | INFO | Starting TTS generation...
2026-06-29 10:27:17,811 | INFO | Audio saved at D:\Projetos\SpeechAI\output\Audio_Governance_SouthAmerica.mp3
2026-06-29 10:27:17,815 | INFO | Pipeline completed successfully
2026-06-29 15:01:31,561 | INFO | Pipeline started
2026-06-29 15:01:31,561 | INFO | Starting Text Analyzer
2026-06-29 15:01:31,562 | INFO | Loading script...
2026-06-29 15:04:25,119 | INFO | Pipeline started
2026-06-29 15:04:25,119 | INFO | Starting Text Analyzer
2026-06-29 15:04:25,119 | INFO | Loading script...
2026-06-29 15:04:25,136 | INFO | Normalizing text...
2026-06-29 15:04:25,137 | INFO | Building presentation...
2026-06-29 15:04:25,137 | INFO | Detecting slides...
2026-06-29 15:04:25,138 | INFO | Calculating statistics...
2026-06-29 15:06:07,028 | INFO | Pipeline started
2026-06-29 15:06:07,029 | INFO | Starting Text Analyzer
2026-06-29 15:06:07,029 | INFO | Loading script...
2026-06-29 15:06:07,029 | INFO | Normalizing text...
2026-06-29 15:06:07,029 | INFO | Building presentation...
2026-06-29 15:06:07,029 | INFO | Detecting slides...
2026-06-29 15:06:07,030 | INFO | Calculating statistics...
2026-06-29 15:06:21,671 | INFO | Pipeline started
2026-06-29 15:06:21,672 | INFO | Starting Text Analyzer
2026-06-29 15:06:21,672 | INFO | Loading script...
2026-06-29 15:06:21,672 | INFO | Normalizing text...
2026-06-29 15:06:21,673 | INFO | Building presentation...
2026-06-29 15:06:21,673 | INFO | Detecting slides...
2026-06-29 15:06:21,673 | INFO | Calculating statistics...
2026-06-29 15:06:21,673 | INFO | Text Analyzer completed
2026-06-29 15:06:21,673 | INFO | Building narration...
2026-06-29 15:06:21,673 | INFO | 3 narration blocks created
2026-06-29 15:06:21,674 | INFO | Narration exported to D:\Projetos\SpeechAI\output\narration.txt
2026-06-29 15:06:21,674 | INFO | Building speech-optimized text...
2026-06-29 15:06:21,674 | INFO | Speech text generated successfully
2026-06-29 15:06:21,675 | INFO | Speech text exported to D:\Projetos\SpeechAI\output\speech.xml
2026-06-29 15:06:21,688 | INFO | Generating audio...
2026-06-29 15:06:21,690 | INFO | Starting TTS generation...
2026-06-29 15:06:34,257 | INFO | Audio saved: D:\Projetos\SpeechAI\output\Audio_Governance_SouthAmerica.mp3
2026-06-29 15:06:34,261 | INFO | Pipeline finished
2026-06-29 15:33:01,524 | INFO | Pipeline started
2026-06-29 15:33:01,525 | INFO | Starting Text Analyzer
2026-06-29 15:33:01,525 | INFO | Loading script...
2026-06-29 15:33:01,525 | INFO | Normalizing text...
2026-06-29 15:33:01,526 | INFO | Building presentation...
2026-06-29 15:33:01,526 | INFO | Detecting slides...
2026-06-29 15:33:01,526 | INFO | Calculating statistics...
2026-06-29 15:33:01,527 | INFO | Text Analyzer completed
2026-06-29 15:33:01,527 | INFO | Building narration...
2026-06-29 15:33:01,527 | INFO | 3 narration blocks generated.
2026-06-29 15:33:01,527 | INFO | Narration exported to D:\Projetos\SpeechAI\output\narration.txt
2026-06-29 15:33:01,527 | INFO | Building speech-optimized text...
2026-06-29 15:33:01,528 | INFO | Speech text generated successfully
2026-06-29 15:33:01,528 | INFO | Speech text exported to D:\Projetos\SpeechAI\output\speech.xml
2026-06-29 15:33:01,532 | INFO | Generating audio...
2026-06-29 15:33:01,534 | INFO | Starting TTS generation...
2026-06-29 15:33:03,885 | INFO | Audio saved: D:\Projetos\SpeechAI\output\Audio_Governance_SouthAmerica.mp3
2026-06-29 15:33:03,888 | INFO | Pipeline finished
2026-06-29 15:35:31,685 | INFO | Pipeline started
2026-06-29 15:35:31,685 | INFO | Starting Text Analyzer
2026-06-29 15:35:31,685 | INFO | Loading script...
2026-06-29 15:35:31,686 | INFO | Normalizing text...
2026-06-29 15:35:31,686 | INFO | Building presentation...
2026-06-29 15:35:31,686 | INFO | Detecting slides...
2026-06-29 15:35:31,687 | INFO | Calculating statistics...
2026-06-29 15:35:31,687 | INFO | Text Analyzer completed
2026-06-29 15:35:31,687 | INFO | Building narration...
2026-06-29 15:35:31,687 | INFO | 3 narration blocks generated.
2026-06-29 15:35:31,688 | INFO | Narration exported to D:\Projetos\SpeechAI\output\narration.txt
2026-06-29 15:35:31,688 | INFO | Building speech text...
2026-06-29 15:35:31,688 | INFO | Speech text generated.
2026-06-29 15:35:31,689 | INFO | Speech text exported to D:\Projetos\SpeechAI\output\speech.xml
2026-06-29 15:35:31,691 | INFO | Generating audio...
2026-06-29 15:35:31,692 | INFO | Starting TTS generation...
2026-06-29 15:35:33,612 | INFO | Audio saved: D:\Projetos\SpeechAI\output\Audio_Governance_SouthAmerica.mp3
2026-06-29 15:35:33,626 | INFO | Pipeline finished
2026-06-29 16:38:06,051 | INFO | Pipeline started
2026-06-29 16:38:06,051 | INFO | Starting Text Analyzer
2026-06-29 16:38:06,051 | INFO | Loading script...
2026-06-29 16:38:06,052 | INFO | Normalizing text...
2026-06-29 16:38:06,052 | INFO | Building presentation...
2026-06-29 16:38:06,053 | INFO | Detecting slides...
2026-06-29 16:38:06,054 | INFO | Calculating statistics...
2026-06-29 16:38:06,054 | INFO | Text Analyzer completed
2026-06-29 16:38:06,054 | INFO | Building narration...
2026-06-29 16:38:06,055 | INFO | 3 narration blocks generated.
2026-06-29 16:38:06,055 | INFO | Narration exported to D:\Projetos\SpeechAI\output\narration.txt
2026-06-29 16:38:06,056 | INFO | Building speech text...
2026-06-29 16:38:06,057 | INFO | Speech text generated.
2026-06-29 16:38:06,058 | INFO | Speech text exported to D:\Projetos\SpeechAI\output\speech.xml
2026-06-29 16:38:06,062 | INFO | Generating audio...
2026-06-29 16:38:06,063 | INFO | Starting TTS generation...
2026-06-29 16:38:07,978 | INFO | Audio saved: D:\Projetos\SpeechAI\output\Audio_Governance_SouthAmerica.mp3
2026-06-29 16:38:07,981 | INFO | Pipeline finished
2026-06-29 18:31:51,900 | INFO | Pipeline started
2026-06-29 18:31:51,901 | INFO | Starting Text Analyzer
2026-06-29 18:31:51,901 | INFO | Loading script...
2026-06-29 18:31:51,902 | INFO | Normalizing text...
2026-06-29 18:31:51,902 | INFO | Building presentation...
2026-06-29 18:31:51,902 | INFO | Detecting slides...
2026-06-29 18:31:51,903 | INFO | Calculating statistics...
2026-06-29 18:31:51,903 | INFO | Text Analyzer completed
2026-06-29 18:31:51,903 | INFO | Building narration...
2026-06-29 18:31:51,903 | INFO | 3 narration blocks generated.
2026-06-29 18:31:51,904 | INFO | Narration exported to D:\Projetos\SpeechAI\output\narration.txt
2026-06-29 18:31:51,904 | INFO | Building speech text...
2026-06-29 18:31:51,904 | INFO | Speech text generated.
2026-06-29 18:31:51,904 | INFO | Speech text exported to D:\Projetos\SpeechAI\output\speech.xml
2026-06-29 18:31:51,909 | INFO | Generating audio using Edge TTS...
2026-06-29 18:31:54,236 | INFO | Audio generated successfully.
2026-06-29 18:31:54,238 | INFO | Pipeline finished
2026-06-29 18:46:13,814 | INFO | Pipeline started
2026-06-29 18:46:13,814 | INFO | Starting Text Analyzer
2026-06-29 18:46:13,814 | INFO | Loading script...
2026-06-29 18:46:13,815 | INFO | Normalizing text...
2026-06-29 18:46:13,815 | INFO | Building presentation...
2026-06-29 18:46:13,815 | INFO | Detecting slides...
2026-06-29 18:46:13,816 | INFO | Calculating statistics...
2026-06-29 18:46:13,816 | INFO | Text Analyzer completed
2026-06-29 18:46:13,816 | INFO | Building narration...
2026-06-29 18:46:13,817 | INFO | 3 narration blocks generated.
2026-06-29 18:46:13,817 | INFO | Narration exported to D:\Projetos\SpeechAI\output\narration.txt
2026-06-29 18:46:13,817 | INFO | Building speech text...
2026-06-29 18:46:13,818 | INFO | Speech text generated.
2026-06-29 18:46:13,818 | INFO | Speech text exported to D:\Projetos\SpeechAI\output\speech.xml
2026-06-29 18:46:13,825 | INFO | Generating audio using Edge TTS...
2026-06-29 18:46:15,990 | INFO | Audio generated successfully.
2026-06-29 18:46:15,994 | INFO | Pipeline finished
2026-06-30 09:55:02,513 | INFO | Pipeline started
2026-06-30 09:55:02,527 | INFO | Starting Text Analyzer
2026-06-30 09:55:02,527 | INFO | Loading script...
2026-06-30 09:55:02,543 | INFO | Normalizing text...
2026-06-30 09:55:02,544 | INFO | Building presentation...
2026-06-30 09:55:02,544 | INFO | Detecting slides...
2026-06-30 09:55:02,545 | INFO | Calculating statistics...
2026-06-30 09:55:02,546 | INFO | Text Analyzer completed
2026-06-30 09:55:02,546 | INFO | Building narration...
2026-06-30 09:55:02,547 | INFO | 3 narration blocks generated.
2026-06-30 09:55:02,547 | INFO | Narration exported to D:\Projetos\SpeechAI\output\narration.txt
2026-06-30 09:55:02,547 | INFO | Building speech text...
2026-06-30 09:55:02,548 | INFO | Speech text generated.
2026-06-30 09:55:02,548 | INFO | Speech text exported to D:\Projetos\SpeechAI\output\speech.txt
2026-06-30 09:58:04,738 | INFO | Pipeline started
2026-06-30 09:58:04,739 | INFO | Starting Text Analyzer
2026-06-30 09:58:04,739 | INFO | Loading script...
2026-06-30 09:58:04,739 | INFO | Normalizing text...
2026-06-30 09:58:04,740 | INFO | Building presentation...
2026-06-30 09:58:04,740 | INFO | Detecting slides...
2026-06-30 09:58:04,740 | INFO | Calculating statistics...
2026-06-30 09:58:04,740 | INFO | Text Analyzer completed
2026-06-30 09:58:04,740 | INFO | Building narration...
2026-06-30 09:58:04,741 | INFO | 3 narration blocks generated.
2026-06-30 09:58:04,741 | INFO | Narration exported to D:\Projetos\SpeechAI\output\narration.txt
2026-06-30 09:58:04,741 | INFO | Building speech text...
2026-06-30 09:58:04,741 | INFO | Speech text generated.
2026-06-30 09:58:04,742 | INFO | Speech text exported to D:\Projetos\SpeechAI\output\speech.txt
2026-06-30 09:58:04,760 | INFO | Generating audio using provider 'edge'
2026-06-30 09:58:18,710 | INFO | Pipeline finished
2026-06-30 10:25:07,251 | INFO | Pipeline started
2026-06-30 10:25:07,251 | INFO | Starting Text Analyzer
2026-06-30 10:25:07,252 | INFO | Loading script...
2026-06-30 10:25:07,252 | INFO | Normalizing text...
2026-06-30 10:25:07,253 | INFO | Building presentation...
2026-06-30 10:25:07,253 | INFO | Detecting slides...
2026-06-30 10:25:07,253 | INFO | Calculating statistics...
2026-06-30 10:25:07,253 | INFO | Text Analyzer completed
2026-06-30 10:25:07,253 | INFO | Building narration...
2026-06-30 10:25:07,254 | INFO | 3 narration blocks generated.
2026-06-30 10:25:07,254 | INFO | Narration exported to D:\Projetos\SpeechAI\output\narration.txt
2026-06-30 10:25:07,255 | INFO | Building speech text...
2026-06-30 10:25:07,255 | INFO | Speech text generated.
2026-06-30 10:25:07,255 | INFO | Speech text exported to D:\Projetos\SpeechAI\output\speech.txt
2026-06-30 10:25:07,256 | INFO | Provider loaded: Microsoft Edge TTS (Microsoft) v1.0.0
2026-06-30 10:25:07,259 | INFO | Generating audio using provider 'edge'
2026-06-30 10:25:07,261 | INFO | Generating audio using Microsoft Edge TTS...
2026-06-30 10:25:10,066 | INFO | Audio successfully generated.
2026-06-30 10:25:10,069 | INFO | Pipeline finished
2026-06-30 10:40:05,542 | INFO | Pipeline started
2026-06-30 10:40:05,543 | INFO | Starting Text Analyzer
2026-06-30 10:40:05,543 | INFO | Loading script...
2026-06-30 10:40:05,543 | INFO | Normalizing text...
2026-06-30 10:40:05,544 | INFO | Building presentation...
2026-06-30 10:40:05,544 | INFO | Detecting slides...
2026-06-30 10:40:05,545 | INFO | Calculating statistics...
2026-06-30 10:40:05,545 | INFO | Text Analyzer completed
2026-06-30 10:40:05,545 | INFO | Building narration...
2026-06-30 10:40:05,545 | INFO | 3 narration blocks generated.
2026-06-30 10:40:05,546 | INFO | Narration exported to D:\Projetos\SpeechAI\output\narration.txt
2026-06-30 10:40:05,546 | INFO | Building speech text...
2026-06-30 10:40:05,546 | INFO | Speech text generated.
2026-06-30 10:40:05,547 | INFO | Speech text exported to D:\Projetos\SpeechAI\output\speech.txt
2026-06-30 10:42:19,608 | INFO | Pipeline started
2026-06-30 10:42:19,608 | INFO | Starting Text Analyzer
2026-06-30 10:42:19,609 | INFO | Loading script...
2026-06-30 10:42:19,609 | INFO | Normalizing text...
2026-06-30 10:42:19,609 | INFO | Building presentation...
2026-06-30 10:42:19,609 | INFO | Detecting slides...
2026-06-30 10:42:19,610 | INFO | Calculating statistics...
2026-06-30 10:42:19,610 | INFO | Text Analyzer completed
2026-06-30 10:42:19,610 | INFO | Building narration...
2026-06-30 10:42:19,611 | INFO | 3 narration blocks generated.
2026-06-30 10:42:19,611 | INFO | Narration exported to D:\Projetos\SpeechAI\output\narration.txt
2026-06-30 10:42:19,612 | INFO | Building speech text...
2026-06-30 10:42:19,612 | INFO | Speech text generated.
2026-06-30 10:42:19,612 | INFO | Speech text exported to D:\Projetos\SpeechAI\output\speech.txt
2026-06-30 14:01:17,866 | INFO | Pipeline started
2026-06-30 14:01:17,866 | INFO | Starting Text Analyzer
2026-06-30 14:01:17,866 | INFO | Loading script...
2026-06-30 14:01:17,868 | INFO | Normalizing text...
2026-06-30 14:01:17,869 | INFO | Building presentation...
2026-06-30 14:01:17,869 | INFO | Detecting slides...
2026-06-30 14:01:17,870 | INFO | Calculating statistics...
2026-06-30 14:01:17,871 | INFO | Text Analyzer completed
2026-06-30 14:01:17,871 | INFO | Building narration...
2026-06-30 14:01:17,871 | INFO | 3 narration blocks generated.
2026-06-30 14:01:17,872 | INFO | Narration exported to D:\Projetos\SpeechAI\output\narration.txt
2026-06-30 14:01:17,872 | INFO | Building speech text...
2026-06-30 14:01:17,873 | INFO | Speech text generated.
2026-06-30 14:01:17,873 | INFO | Speech text exported to D:\Projetos\SpeechAI\output\speech.txt
2026-06-30 14:49:27,649 | INFO | Pipeline started
2026-06-30 14:49:27,649 | INFO | Starting Text Analyzer
2026-06-30 14:49:27,649 | INFO | Loading script...
2026-06-30 14:49:27,650 | INFO | Normalizing text...
2026-06-30 14:49:27,650 | INFO | Building presentation...
2026-06-30 14:49:27,650 | INFO | Detecting slides...
2026-06-30 14:49:27,651 | INFO | Calculating statistics...
2026-06-30 14:49:27,651 | INFO | Text Analyzer completed
2026-06-30 14:49:27,651 | INFO | Building narration...
2026-06-30 14:49:27,651 | INFO | 3 narration blocks generated.
2026-06-30 14:49:27,652 | INFO | Narration exported to D:\Projetos\SpeechAI\output\narration.txt
2026-06-30 14:49:27,652 | INFO | Building speech text...
2026-06-30 14:49:27,652 | INFO | Speech text generated.
2026-06-30 14:49:27,652 | INFO | Speech text exported to D:\Projetos\SpeechAI\output\speech.txt
2026-06-30 14:59:13,032 | INFO | Pipeline started
2026-06-30 14:59:13,032 | INFO | Starting Text Analyzer
2026-06-30 14:59:13,032 | INFO | Loading script...
2026-06-30 14:59:13,033 | INFO | Normalizing text...
2026-06-30 14:59:13,033 | INFO | Building presentation...
2026-06-30 14:59:13,033 | INFO | Detecting slides...
2026-06-30 14:59:13,034 | INFO | Calculating statistics...
2026-06-30 14:59:13,034 | INFO | Text Analyzer completed
2026-06-30 14:59:13,034 | INFO | Building narration...
2026-06-30 14:59:13,034 | INFO | 3 narration blocks generated.
2026-06-30 14:59:13,035 | INFO | Narration exported to D:\Projetos\SpeechAI\output\narration.txt
2026-06-30 14:59:13,035 | INFO | Building speech text...
2026-06-30 14:59:13,036 | INFO | Speech text generated.
2026-06-30 14:59:13,036 | INFO | Speech text exported to D:\Projetos\SpeechAI\output\speech.txt
2026-06-30 14:59:13,037 | INFO | Provider loaded: Microsoft Edge TTS (Microsoft) v1.0.0
2026-06-30 14:59:13,050 | INFO | Generating audio using provider 'edge'
2026-06-30 14:59:13,052 | INFO | Generating audio using Microsoft Edge TTS...
2026-06-30 14:59:15,534 | INFO | Audio successfully generated.
2026-06-30 14:59:15,539 | INFO | Pipeline finished
2026-06-30 15:06:20,678 | INFO | Pipeline started
2026-06-30 15:06:20,678 | INFO | Starting Text Analyzer
2026-06-30 15:06:20,678 | INFO | Loading script...
2026-06-30 15:06:20,679 | INFO | Normalizing text...
2026-06-30 15:06:20,679 | INFO | Building presentation...
2026-06-30 15:06:20,679 | INFO | Detecting slides...
2026-06-30 15:06:20,680 | INFO | Calculating statistics...
2026-06-30 15:06:20,680 | INFO | Text Analyzer completed
2026-06-30 15:06:20,680 | INFO | Building narration...
2026-06-30 15:06:20,680 | INFO | 3 narration blocks generated.
2026-06-30 15:06:20,681 | INFO | Narration exported to D:\Projetos\SpeechAI\output\narration.txt
2026-06-30 15:06:20,681 | INFO | Building speech text...
2026-06-30 15:06:20,681 | INFO | Speech text generated.
2026-06-30 15:06:20,682 | INFO | Speech text exported to D:\Projetos\SpeechAI\output\speech.txt
2026-06-30 15:07:37,737 | INFO | Pipeline started
2026-06-30 15:07:37,737 | INFO | Starting Text Analyzer
2026-06-30 15:07:37,737 | INFO | Loading script...
2026-06-30 15:07:37,738 | INFO | Normalizing text...
2026-06-30 15:07:37,738 | INFO | Building presentation...
2026-06-30 15:07:37,738 | INFO | Detecting slides...
2026-06-30 15:07:37,739 | INFO | Calculating statistics...
2026-06-30 15:07:37,739 | INFO | Text Analyzer completed
2026-06-30 15:07:37,739 | INFO | Building narration...
2026-06-30 15:07:37,740 | INFO | 3 narration blocks generated.
2026-06-30 15:07:37,740 | INFO | Narration exported to D:\Projetos\SpeechAI\output\narration.txt
2026-06-30 15:07:37,741 | INFO | Building speech text...
2026-06-30 15:07:37,741 | INFO | Speech text generated.
2026-06-30 15:07:37,742 | INFO | Speech text exported to D:\Projetos\SpeechAI\output\speech.txt
2026-06-30 15:07:37,742 | INFO | Provider loaded: Microsoft Edge TTS (Microsoft) v1.0.0
2026-06-30 15:07:37,747 | INFO | Generating audio using Microsoft Edge TTS...
2026-06-30 15:07:39,662 | INFO | Audio successfully generated.
2026-06-30 15:07:39,667 | INFO | Pipeline finished
2026-06-30 15:33:05,808 | INFO | Pipeline started
2026-06-30 15:33:05,808 | INFO | Starting Text Analyzer
2026-06-30 15:33:05,808 | INFO | Loading script...
2026-06-30 15:33:05,809 | INFO | Normalizing text...
2026-06-30 15:33:05,810 | INFO | Building presentation...
2026-06-30 15:33:05,810 | INFO | Detecting slides...
2026-06-30 15:33:05,811 | INFO | Calculating statistics...
2026-06-30 15:33:05,812 | INFO | Text Analyzer completed
2026-06-30 15:33:05,812 | INFO | Building narration...
2026-06-30 15:33:05,812 | INFO | 3 narration blocks generated.
2026-06-30 15:33:05,812 | INFO | Narration exported to D:\Projetos\SpeechAI\output\narration.txt
2026-06-30 15:33:05,812 | INFO | Building speech text...
2026-06-30 15:33:05,813 | INFO | Speech text generated.
2026-06-30 15:33:05,813 | INFO | Speech text exported to D:\Projetos\SpeechAI\output\speech.txt
2026-06-30 15:33:05,813 | INFO | Provider loaded: Microsoft Edge TTS (Microsoft) v1.0.0
2026-06-30 15:33:05,818 | INFO | Generating audio using Microsoft Edge TTS...
2026-06-30 15:33:08,071 | INFO | Audio successfully generated.
2026-06-30 15:33:08,075 | INFO | Pipeline finished
2026-06-30 16:04:15,697 | INFO | Pipeline started
2026-06-30 16:04:15,698 | INFO | Starting Text Analyzer
2026-06-30 16:04:15,698 | INFO | Loading script...
2026-06-30 16:04:15,717 | INFO | Normalizing text...
2026-06-30 16:04:15,717 | INFO | Building presentation...
2026-06-30 16:04:15,717 | INFO | Detecting slides...
2026-06-30 16:04:15,718 | INFO | Calculating statistics...
2026-06-30 16:04:15,719 | INFO | Text Analyzer completed
2026-06-30 16:04:15,719 | INFO | Building narration...
2026-06-30 16:04:15,720 | INFO | 6 narration blocks generated.
2026-06-30 16:04:15,721 | INFO | Narration exported to D:\Projetos\SpeechAI\output\narration.txt
2026-06-30 16:04:15,721 | INFO | Building speech text...
2026-06-30 16:04:15,722 | INFO | Speech text generated.
2026-06-30 16:04:15,722 | INFO | Speech text exported to D:\Projetos\SpeechAI\output\speech.txt
2026-06-30 16:04:15,722 | INFO | Provider loaded: Microsoft Edge TTS (Microsoft) v1.0.0
2026-06-30 16:04:15,740 | INFO | Generating audio using Microsoft Edge TTS...
2026-06-30 16:04:48,983 | INFO | Audio successfully generated.
2026-06-30 16:04:48,987 | INFO | Pipeline finished
2026-06-30 18:00:23,244 | INFO | Pipeline started
2026-06-30 18:00:23,245 | INFO | Starting Text Analyzer
2026-06-30 18:00:23,245 | INFO | Loading script...
2026-06-30 18:00:23,245 | INFO | Normalizing text...
2026-06-30 18:00:23,246 | INFO | Building presentation...
2026-06-30 18:00:23,246 | INFO | Detecting slides...
2026-06-30 18:00:23,246 | INFO | Calculating statistics...
2026-06-30 18:00:23,247 | INFO | Text Analyzer completed
2026-06-30 18:00:23,247 | INFO | Building narration...
2026-06-30 18:00:23,247 | INFO | 6 narration blocks generated.
2026-06-30 18:00:23,248 | INFO | Narration exported to D:\Projetos\SpeechAI\output\narration.txt
2026-06-30 18:00:23,248 | INFO | Building speech text...
2026-06-30 18:00:23,249 | INFO | Speech text generated.
2026-06-30 18:00:23,249 | INFO | Speech text exported to D:\Projetos\SpeechAI\output\speech.txt
2026-06-30 18:00:23,249 | INFO | Provider loaded: Microsoft Edge TTS (Microsoft) v1.0.0
2026-06-30 18:00:23,252 | INFO | Generating audio using Microsoft Edge TTS...
2026-06-30 18:00:29,576 | INFO | Audio successfully generated.
2026-06-30 18:00:29,580 | INFO | Pipeline finished
2026-06-30 18:11:21,858 | INFO | Pipeline started
2026-06-30 18:11:21,858 | INFO | Starting Text Analyzer
2026-06-30 18:11:21,858 | INFO | Loading script...
2026-06-30 18:11:21,859 | INFO | Normalizing text...
2026-06-30 18:11:21,861 | INFO | Building presentation...
2026-06-30 18:11:21,861 | INFO | Detecting slides...
2026-06-30 18:11:21,862 | INFO | Calculating statistics...
2026-06-30 18:11:21,863 | INFO | Text Analyzer completed
2026-06-30 18:11:21,863 | INFO | Building narration...
2026-06-30 18:11:21,863 | INFO | 6 narration blocks generated.
2026-06-30 18:11:21,864 | INFO | Narration exported to D:\Projetos\SpeechAI\output\narration.txt
2026-06-30 18:11:21,864 | INFO | Building speech text...
2026-06-30 18:11:21,865 | INFO | Speech text generated.
2026-06-30 18:11:21,866 | INFO | Speech text exported to D:\Projetos\SpeechAI\output\speech.txt
2026-06-30 18:11:21,866 | INFO | Provider loaded: Microsoft Edge TTS (Microsoft) v1.0.0
2026-06-30 18:11:21,871 | INFO | Generating audio using Microsoft Edge TTS...
2026-06-30 18:11:27,533 | INFO | Audio successfully generated.
2026-06-30 18:11:27,535 | INFO | Pipeline finished
2026-06-30 18:14:01,855 | INFO | Pipeline started
2026-06-30 18:14:01,855 | INFO | Starting Text Analyzer
2026-06-30 18:14:01,855 | INFO | Loading script...
2026-06-30 18:14:01,856 | INFO | Normalizing text...
2026-06-30 18:14:01,856 | INFO | Building presentation...
2026-06-30 18:14:01,857 | INFO | Detecting slides...
2026-06-30 18:14:01,857 | INFO | Calculating statistics...
2026-06-30 18:14:01,857 | INFO | Text Analyzer completed
2026-06-30 18:14:01,857 | INFO | Building narration...
2026-06-30 18:14:01,858 | INFO | 3 narration blocks generated.
2026-06-30 18:14:01,858 | INFO | Narration exported to D:\Projetos\SpeechAI\output\narration.txt
2026-06-30 18:14:01,858 | INFO | Building speech text...
2026-06-30 18:14:01,859 | INFO | Speech text generated.
2026-06-30 18:14:01,859 | INFO | Speech text exported to D:\Projetos\SpeechAI\output\speech.txt
2026-06-30 18:14:01,859 | INFO | Provider loaded: Microsoft Edge TTS (Microsoft) v1.0.0
2026-06-30 18:14:01,863 | INFO | Generating audio using Microsoft Edge TTS...
2026-06-30 18:14:03,936 | INFO | Audio successfully generated.
2026-06-30 18:14:03,940 | INFO | Pipeline finished
2026-06-30 18:14:19,689 | INFO | Pipeline started
2026-06-30 18:14:19,690 | INFO | Starting Text Analyzer
2026-06-30 18:14:19,690 | INFO | Loading script...
2026-06-30 18:14:19,691 | INFO | Normalizing text...
2026-06-30 18:14:19,691 | INFO | Building presentation...
2026-06-30 18:14:19,691 | INFO | Detecting slides...
2026-06-30 18:14:19,692 | INFO | Calculating statistics...
2026-06-30 18:14:19,692 | INFO | Text Analyzer completed
2026-06-30 18:14:19,692 | INFO | Building narration...
2026-06-30 18:14:19,692 | INFO | 3 narration blocks generated.
2026-06-30 18:14:19,693 | INFO | Narration exported to D:\Projetos\SpeechAI\output\narration.txt
2026-06-30 18:14:19,693 | INFO | Building speech text...
2026-06-30 18:14:19,694 | INFO | Speech text generated.
2026-06-30 18:14:19,694 | INFO | Speech text exported to D:\Projetos\SpeechAI\output\speech.txt
2026-06-30 18:14:19,694 | INFO | Provider loaded: Microsoft Edge TTS (Microsoft) v1.0.0
2026-06-30 18:14:19,698 | INFO | Generating audio using Microsoft Edge TTS...
2026-06-30 18:14:21,927 | INFO | Audio successfully generated.
2026-06-30 18:14:21,931 | INFO | Pipeline finished
2026-06-30 18:19:57,241 | INFO | Pipeline started
2026-06-30 18:19:57,241 | INFO | Starting Text Analyzer
2026-06-30 18:19:57,241 | INFO | Loading script...
2026-06-30 18:19:57,242 | INFO | Normalizing text...
2026-06-30 18:19:57,242 | INFO | Building presentation...
2026-06-30 18:19:57,243 | INFO | Detecting slides...
2026-06-30 18:19:57,243 | INFO | Calculating statistics...
2026-06-30 18:19:57,244 | INFO | Text Analyzer completed
2026-06-30 18:19:57,244 | INFO | Building narration...
2026-06-30 18:19:57,244 | INFO | 3 narration blocks generated.
2026-06-30 18:19:57,245 | INFO | Narration exported to D:\Projetos\SpeechAI\output\narration.txt
2026-06-30 18:19:57,245 | INFO | Building speech text...
2026-06-30 18:19:57,245 | INFO | Speech text generated.
2026-06-30 18:19:57,246 | INFO | Speech text exported to D:\Projetos\SpeechAI\output\speech.txt
2026-06-30 18:19:57,246 | INFO | Provider loaded: Microsoft Edge TTS (Microsoft) v1.0.0
2026-06-30 18:19:57,249 | INFO | Generating audio using Microsoft Edge TTS...
2026-06-30 18:19:59,168 | INFO | Audio successfully generated.
2026-06-30 18:19:59,171 | INFO | Pipeline finished
2026-07-01 07:11:21,945 | INFO | Pipeline started
2026-07-01 07:11:21,947 | INFO | Starting Text Analyzer
2026-07-01 07:11:21,947 | INFO | Loading script...
2026-07-01 07:11:21,958 | INFO | Normalizing text...
2026-07-01 07:11:21,959 | INFO | Building presentation...
2026-07-01 07:11:21,959 | INFO | Detecting slides...
2026-07-01 07:11:21,960 | INFO | Calculating statistics...
2026-07-01 07:11:21,961 | INFO | Text Analyzer completed
2026-07-01 07:11:21,961 | INFO | Building narration...
2026-07-01 07:11:21,962 | INFO | 3 narration blocks generated.
2026-07-01 07:11:21,963 | INFO | Narration exported to D:\Projetos\SpeechAI\output\narration.txt
2026-07-01 07:11:21,963 | INFO | Building speech text...
2026-07-01 07:11:21,963 | INFO | Speech text generated.
2026-07-01 07:11:21,964 | INFO | Speech text exported to D:\Projetos\SpeechAI\output\speech.txt
2026-07-01 07:11:21,964 | INFO | Provider loaded: Microsoft Edge TTS (Microsoft) v1.0.0
2026-07-01 07:11:21,980 | INFO | Generating audio using Microsoft Edge TTS...
2026-07-01 07:11:30,463 | INFO | Audio successfully generated.
2026-07-01 07:11:30,468 | INFO | Pipeline finished
2026-07-01 07:25:14,131 | INFO | Pipeline started
2026-07-01 07:25:14,131 | INFO | Starting Text Analyzer
2026-07-01 07:25:14,132 | INFO | Loading script...
2026-07-01 07:25:14,132 | INFO | Normalizing text...
2026-07-01 07:25:14,133 | INFO | Building presentation...
2026-07-01 07:25:14,133 | INFO | Detecting slides...
2026-07-01 07:25:14,133 | INFO | Calculating statistics...
2026-07-01 07:25:14,134 | INFO | Text Analyzer completed
2026-07-01 07:25:14,134 | INFO | Building narration...
2026-07-01 07:25:14,134 | INFO | 3 narration blocks generated.
2026-07-01 07:25:14,136 | INFO | Narration exported to D:\Projetos\SpeechAI\output\narration.txt
2026-07-01 07:25:14,136 | INFO | Building speech text...
2026-07-01 07:25:14,136 | INFO | Speech text generated.
2026-07-01 07:25:14,136 | INFO | Speech text exported to D:\Projetos\SpeechAI\output\speech.txt
2026-07-01 07:25:14,137 | INFO | Provider loaded: Microsoft Edge TTS (Microsoft) v1.0.0
2026-07-01 07:25:14,141 | INFO | Generating audio using Microsoft Edge TTS...
2026-07-01 07:25:16,166 | INFO | Audio successfully generated.
2026-07-01 07:25:16,171 | INFO | Pipeline finished
2026-07-01 12:28:32,800 | INFO | Pipeline started
2026-07-01 12:28:32,800 | INFO | Starting Text Analyzer
2026-07-01 12:28:32,800 | INFO | Loading script...
2026-07-01 12:28:32,802 | INFO | Normalizing text...
2026-07-01 12:28:32,802 | INFO | Building Presentation...
2026-07-01 12:28:32,802 | INFO | Detecting slides...
2026-07-01 12:28:32,803 | INFO | Calculating statistics...
2026-07-01 12:28:32,803 | INFO | Text Analyzer completed
2026-07-01 12:28:32,803 | INFO | Building narration...
2026-07-01 12:28:32,803 | INFO | 3 narration blocks generated.
2026-07-01 12:28:32,804 | INFO | Narration exported to D:\Projetos\SpeechAI\output\narration.txt
2026-07-01 12:28:32,804 | INFO | Building speech text...
2026-07-01 12:28:32,805 | INFO | Speech text generated.
2026-07-01 12:28:32,805 | INFO | Speech text exported to D:\Projetos\SpeechAI\output\speech.txt
2026-07-01 12:28:32,805 | INFO | Provider loaded: Microsoft Edge TTS (Microsoft) v1.0.0
2026-07-01 12:28:32,808 | INFO | Generating audio using Microsoft Edge TTS...
2026-07-01 12:28:35,050 | INFO | Audio successfully generated.
2026-07-01 12:34:15,048 | INFO | Pipeline started
2026-07-01 12:34:15,049 | INFO | Starting Text Analyzer
2026-07-01 12:34:15,049 | INFO | Loading script...
2026-07-01 12:34:15,049 | INFO | Normalizing text...
2026-07-01 12:34:15,049 | INFO | Building Presentation...
2026-07-01 12:34:15,049 | INFO | Detecting slides...
2026-07-01 12:34:15,050 | INFO | Calculating statistics...
2026-07-01 12:34:15,050 | INFO | Text Analyzer completed
2026-07-01 12:34:15,050 | INFO | Building narration...
2026-07-01 12:34:15,050 | INFO | 3 narration blocks generated.
2026-07-01 12:34:15,051 | INFO | Narration exported to D:\Projetos\SpeechAI\output\narration.txt
2026-07-01 12:34:15,051 | INFO | Building speech text...
2026-07-01 12:34:15,052 | INFO | Speech text generated.
2026-07-01 12:34:15,052 | INFO | Speech text exported to D:\Projetos\SpeechAI\output\speech.txt
2026-07-01 12:34:15,052 | INFO | Provider loaded: Microsoft Edge TTS (Microsoft) v1.0.0
2026-07-01 12:34:15,057 | INFO | Generating audio using Microsoft Edge TTS...
2026-07-01 12:34:17,267 | INFO | Audio successfully generated.
2026-07-01 12:34:17,272 | INFO | Pipeline finished
2026-07-01 12:34:23,235 | INFO | Pipeline started
2026-07-01 12:34:23,235 | INFO | Starting Text Analyzer
2026-07-01 12:34:23,236 | INFO | Loading script...
2026-07-01 12:34:23,236 | INFO | Normalizing text...
2026-07-01 12:34:23,237 | INFO | Building Presentation...
2026-07-01 12:34:23,237 | INFO | Detecting slides...
2026-07-01 12:34:23,237 | INFO | Calculating statistics...
2026-07-01 12:34:23,238 | INFO | Text Analyzer completed
2026-07-01 12:34:23,238 | INFO | Building narration...
2026-07-01 12:34:23,238 | INFO | 3 narration blocks generated.
2026-07-01 12:34:23,239 | INFO | Narration exported to D:\Projetos\SpeechAI\output\narration.txt
2026-07-01 12:34:23,239 | INFO | Building speech text...
2026-07-01 12:34:23,239 | INFO | Speech text generated.
2026-07-01 12:34:23,240 | INFO | Speech text exported to D:\Projetos\SpeechAI\output\speech.txt
2026-07-01 12:34:23,240 | INFO | Provider loaded: Microsoft Edge TTS (Microsoft) v1.0.0
2026-07-01 12:34:23,244 | INFO | Generating audio using Microsoft Edge TTS...
2026-07-01 12:34:25,804 | INFO | Audio successfully generated.
2026-07-01 12:34:25,807 | INFO | Pipeline finished
2026-07-01 12:36:01,795 | INFO | Pipeline started
2026-07-01 12:36:01,795 | INFO | Starting Text Analyzer
2026-07-01 12:36:01,795 | INFO | Loading script...
2026-07-01 12:36:01,795 | INFO | Normalizing text...
2026-07-01 12:36:01,796 | INFO | Building Presentation...
2026-07-01 12:36:01,796 | INFO | Detecting slides...
2026-07-01 12:36:01,797 | INFO | Calculating statistics...
2026-07-01 12:36:01,797 | INFO | Text Analyzer completed
2026-07-01 12:36:01,797 | INFO | Building narration...
2026-07-01 12:36:01,798 | INFO | 3 narration blocks generated.
2026-07-01 12:36:01,798 | INFO | Narration exported to D:\Projetos\SpeechAI\output\narration.txt
2026-07-01 12:36:01,798 | INFO | Building speech text...
2026-07-01 12:36:01,799 | INFO | Speech text generated.
2026-07-01 12:36:01,800 | INFO | Speech text exported to D:\Projetos\SpeechAI\output\speech.txt
2026-07-01 12:36:01,800 | INFO | Provider loaded: Microsoft Edge TTS (Microsoft) v1.0.0
2026-07-01 12:36:01,804 | INFO | Generating audio using Microsoft Edge TTS...
2026-07-01 12:36:03,843 | INFO | Audio successfully generated.
2026-07-01 12:36:03,847 | INFO | Pipeline finished
2026-07-01 12:37:40,312 | INFO | Pipeline started
2026-07-01 12:37:40,313 | INFO | Starting Text Analyzer
2026-07-01 12:37:40,313 | INFO | Loading script...
2026-07-01 12:37:40,344 | INFO | Normalizing text...
2026-07-01 12:37:40,345 | INFO | Building Presentation...
2026-07-01 12:37:40,345 | INFO | Detecting slides...
2026-07-01 12:37:40,346 | INFO | Calculating statistics...
2026-07-01 12:37:40,347 | INFO | Text Analyzer completed
2026-07-01 12:37:40,347 | INFO | Building narration...
2026-07-01 12:37:40,348 | INFO | 6 narration blocks generated.
2026-07-01 12:37:40,349 | INFO | Narration exported to D:\Projetos\SpeechAI\output\narration.txt
2026-07-01 12:37:40,349 | INFO | Building speech text...
2026-07-01 12:37:40,350 | INFO | Speech text generated.
2026-07-01 12:37:40,351 | INFO | Speech text exported to D:\Projetos\SpeechAI\output\speech.txt
2026-07-01 12:37:40,351 | INFO | Provider loaded: Microsoft Edge TTS (Microsoft) v1.0.0
2026-07-01 12:37:40,367 | INFO | Generating audio using Microsoft Edge TTS...
2026-07-01 12:38:16,775 | INFO | Audio successfully generated.
2026-07-01 12:38:16,780 | INFO | Pipeline finished
2026-07-01 12:43:36,653 | INFO | Pipeline started
2026-07-01 12:43:36,653 | INFO | Starting Text Analyzer
2026-07-01 12:43:36,653 | INFO | Loading script...
2026-07-01 12:43:36,654 | INFO | Normalizing text...
2026-07-01 12:43:36,655 | INFO | Building Presentation...
2026-07-01 12:43:36,655 | INFO | Detecting slides...
2026-07-01 12:43:36,656 | INFO | Calculating statistics...
2026-07-01 12:43:36,657 | INFO | Text Analyzer completed
2026-07-01 12:43:36,657 | INFO | Building narration...
2026-07-01 12:43:36,658 | INFO | 6 narration blocks generated.
2026-07-01 12:43:36,658 | INFO | Narration exported to D:\Projetos\SpeechAI\output\narration.txt
2026-07-01 12:43:36,658 | INFO | Building speech text...
2026-07-01 12:43:36,659 | INFO | Speech text generated.
2026-07-01 12:43:36,660 | INFO | Speech text exported to D:\Projetos\SpeechAI\output\speech.txt
2026-07-01 12:46:02,814 | INFO | Pipeline started
2026-07-01 12:46:02,814 | INFO | Starting Text Analyzer
2026-07-01 12:46:02,814 | INFO | Loading script...
2026-07-01 12:46:02,814 | INFO | Normalizing text...
2026-07-01 12:46:02,815 | INFO | Building Presentation...
2026-07-01 12:46:02,815 | INFO | Detecting slides...
2026-07-01 12:46:02,816 | INFO | Calculating statistics...
2026-07-01 12:46:02,817 | INFO | Text Analyzer completed
2026-07-01 12:46:02,817 | INFO | Building narration...
2026-07-01 12:46:02,817 | INFO | 6 narration blocks generated.
2026-07-01 12:46:02,818 | INFO | Narration exported to D:\Projetos\SpeechAI\output\narration.txt
2026-07-01 12:46:02,818 | INFO | Building speech text...
2026-07-01 12:46:02,819 | INFO | Speech text generated.
2026-07-01 12:46:02,820 | INFO | Speech text exported to D:\Projetos\SpeechAI\output\speech.txt
2026-07-01 12:46:02,820 | INFO | ============================================================
2026-07-01 12:46:02,820 | INFO | Speech Service
2026-07-01 12:46:02,820 | INFO | ============================================================
2026-07-01 12:46:02,820 | INFO | Loading narration...
2026-07-01 12:48:38,379 | INFO | Pipeline started
2026-07-01 12:48:38,380 | INFO | Starting Text Analyzer
2026-07-01 12:48:38,380 | INFO | Loading script...
2026-07-01 12:48:38,380 | INFO | Normalizing text...
2026-07-01 12:48:38,381 | INFO | Building Presentation...
2026-07-01 12:48:38,381 | INFO | Detecting slides...
2026-07-01 12:48:38,382 | INFO | Calculating statistics...
2026-07-01 12:48:38,383 | INFO | Text Analyzer completed
2026-07-01 12:48:38,383 | INFO | Building narration...
2026-07-01 12:48:38,383 | INFO | 6 narration blocks generated.
2026-07-01 12:48:38,384 | INFO | Narration exported to D:\Projetos\SpeechAI\output\narration.txt
2026-07-01 12:48:38,384 | INFO | Building speech text...
2026-07-01 12:48:38,385 | INFO | Speech text generated.
2026-07-01 12:48:38,385 | INFO | Speech text exported to D:\Projetos\SpeechAI\output\speech.txt
2026-07-01 12:48:38,385 | INFO | ============================================================
2026-07-01 12:48:38,385 | INFO | Speech Service
2026-07-01 12:48:38,385 | INFO | ============================================================
2026-07-01 12:48:38,385 | INFO | Loading narration...
2026-07-01 12:48:38,388 | INFO | Detecting language...
2026-07-01 12:48:39,614 | INFO | Language detected: English (100.00%)
2026-07-01 12:48:39,614 | INFO | Detected language: en
2026-07-01 12:48:39,614 | INFO | Voice selected: en-US-GuyNeural
2026-07-01 12:48:39,614 | INFO | ============================================================
2026-07-01 12:48:39,614 | INFO | VOICE PROFILE
2026-07-01 12:48:39,614 | INFO | ============================================================
2026-07-01 12:48:39,614 | INFO | Profile   : en-us-guy
2026-07-01 12:48:39,614 | INFO | Name      : English US - Guy
2026-07-01 12:48:39,614 | INFO | Provider  : edge
2026-07-01 12:48:39,614 | INFO | Language  : en
2026-07-01 12:48:39,614 | INFO | Locale    : en-US
2026-07-01 12:48:39,614 | INFO | Voice     : en-US-GuyNeural
2026-07-01 12:48:39,615 | INFO | Rate      : -15%
2026-07-01 12:48:39,615 | INFO | Pitch     : +0Hz
2026-07-01 12:48:39,615 | INFO | Volume    : +0%
2026-07-01 12:48:39,615 | INFO | ============================================================
2026-07-01 12:49:28,851 | INFO | Pipeline started
2026-07-01 12:49:28,852 | INFO | Starting Text Analyzer
2026-07-01 12:49:28,852 | INFO | Loading script...
2026-07-01 12:49:28,852 | INFO | Normalizing text...
2026-07-01 12:49:28,853 | INFO | Building Presentation...
2026-07-01 12:49:28,853 | INFO | Detecting slides...
2026-07-01 12:49:28,854 | INFO | Calculating statistics...
2026-07-01 12:49:28,856 | INFO | Text Analyzer completed
2026-07-01 12:49:28,856 | INFO | Building narration...
2026-07-01 12:49:28,856 | INFO | 6 narration blocks generated.
2026-07-01 12:49:28,857 | INFO | Narration exported to D:\Projetos\SpeechAI\output\narration.txt
2026-07-01 12:49:28,858 | INFO | Building speech text...
2026-07-01 12:49:28,859 | INFO | Speech text generated.
2026-07-01 12:49:28,860 | INFO | Speech text exported to D:\Projetos\SpeechAI\output\speech.txt
2026-07-01 12:49:28,860 | INFO | ============================================================
2026-07-01 12:49:28,860 | INFO | Speech Service
2026-07-01 12:49:28,860 | INFO | ============================================================
2026-07-01 12:49:28,860 | INFO | Loading narration...
2026-07-01 12:49:28,862 | INFO | Detecting language...
2026-07-01 12:49:29,257 | INFO | Language detected: English (100.00%)
2026-07-01 12:49:29,257 | INFO | Detected language: en
2026-07-01 12:49:29,257 | INFO | Voice selected: en-US-GuyNeural
2026-07-01 12:49:29,257 | INFO | ============================================================
2026-07-01 12:49:29,257 | INFO | VOICE PROFILE
2026-07-01 12:49:29,257 | INFO | ============================================================
2026-07-01 12:49:29,257 | INFO | Profile   : en-us-guy
2026-07-01 12:49:29,257 | INFO | Name      : English US - Guy
2026-07-01 12:49:29,257 | INFO | Provider  : edge
2026-07-01 12:49:29,257 | INFO | Language  : en
2026-07-01 12:49:29,257 | INFO | Locale    : en-US
2026-07-01 12:49:29,258 | INFO | Voice     : en-US-GuyNeural
2026-07-01 12:49:29,258 | INFO | Rate      : -15%
2026-07-01 12:49:29,258 | INFO | Pitch     : +0Hz
2026-07-01 12:49:29,258 | INFO | Volume    : +0%
2026-07-01 12:49:29,258 | INFO | ============================================================
2026-07-01 16:39:07,070 | INFO | Pipeline started
2026-07-01 16:39:07,070 | INFO | Starting Text Analyzer
2026-07-01 16:39:07,071 | INFO | Loading script...
2026-07-01 16:39:07,097 | INFO | Normalizing text...
2026-07-01 16:39:07,099 | INFO | Building Presentation...
2026-07-01 16:39:07,099 | INFO | Detecting slides...
2026-07-01 16:39:07,101 | INFO | Calculating statistics...
2026-07-01 16:39:07,103 | INFO | Text Analyzer completed
2026-07-01 16:39:07,103 | INFO | Building narration...
2026-07-01 16:39:07,104 | INFO | 6 narration blocks generated.
2026-07-01 16:39:07,106 | INFO | Narration exported to D:\Projetos\SpeechAI\output\narration.txt
2026-07-01 16:39:07,106 | INFO | Building speech text...
2026-07-01 16:39:07,107 | INFO | Speech text generated.
2026-07-01 16:39:07,108 | INFO | Speech text exported to D:\Projetos\SpeechAI\output\speech.txt
2026-07-01 16:39:07,108 | INFO | ============================================================
2026-07-01 16:39:07,109 | INFO | Speech Service
2026-07-01 16:39:07,109 | INFO | ============================================================
2026-07-01 16:39:07,109 | INFO | Loading narration...
2026-07-01 16:39:07,132 | INFO | Detecting language...
2026-07-01 16:39:08,092 | INFO | Language detected: English (100.00%)
2026-07-01 16:39:08,092 | INFO | Detected language: en
2026-07-01 16:39:08,092 | INFO | Voice selected: en-US-GuyNeural
2026-07-01 16:39:08,092 | INFO | ============================================================
2026-07-01 16:39:08,092 | INFO | VOICE PROFILE
2026-07-01 16:39:08,092 | INFO | ============================================================
2026-07-01 16:39:08,092 | INFO | Profile   : en-us-guy
2026-07-01 16:39:08,092 | INFO | Name      : English US - Guy
2026-07-01 16:39:08,092 | INFO | Provider  : edge
2026-07-01 16:39:08,092 | INFO | Language  : en
2026-07-01 16:39:08,092 | INFO | Locale    : en-US
2026-07-01 16:39:08,092 | INFO | Voice     : en-US-GuyNeural
2026-07-01 16:39:08,092 | INFO | Rate      : -15%
2026-07-01 16:39:08,092 | INFO | Pitch     : +0Hz
2026-07-01 16:39:08,093 | INFO | Volume    : +0%
2026-07-01 16:39:08,093 | INFO | ============================================================
2026-07-01 17:18:58,560 | INFO | Pipeline started
2026-07-01 17:18:58,560 | INFO | Starting Text Analyzer
2026-07-01 17:18:58,560 | INFO | Loading script...
2026-07-01 17:18:58,561 | INFO | Normalizing text...
2026-07-01 17:18:58,562 | INFO | Building Presentation...
2026-07-01 17:18:58,562 | INFO | Detecting slides...
2026-07-01 17:18:58,563 | INFO | Calculating statistics...
2026-07-01 17:18:58,564 | INFO | Text Analyzer completed
2026-07-01 17:18:58,564 | INFO | Building narration...
2026-07-01 17:18:58,565 | INFO | 6 narration blocks generated.
2026-07-01 17:18:58,566 | INFO | Narration exported to D:\Projetos\SpeechAI\output\narration.txt
2026-07-01 17:18:58,567 | INFO | Building speech text...
2026-07-01 17:18:58,568 | INFO | Speech text generated.
2026-07-01 17:18:58,569 | INFO | Speech text exported to D:\Projetos\SpeechAI\output\speech.txt
2026-07-01 17:18:58,569 | INFO | ============================================================
2026-07-01 17:18:58,569 | INFO | Speech Service
2026-07-01 17:18:58,569 | INFO | ============================================================
2026-07-01 17:18:58,570 | INFO | Loading narration...
2026-07-01 17:18:58,573 | INFO | Characters loaded: 7349
2026-07-01 17:18:58,573 | INFO | Detecting language...
2026-07-01 17:18:58,975 | INFO | Language detected: English (100.00%)
2026-07-01 17:18:58,975 | INFO | Detected language: en
2026-07-01 17:18:58,975 | INFO | Voice selected: en-US-GuyNeural
2026-07-01 17:18:58,975 | INFO | ============================================================
2026-07-01 17:18:58,975 | INFO | VOICE PROFILE
2026-07-01 17:18:58,976 | INFO | ============================================================
2026-07-01 17:18:58,976 | INFO | Profile....: en-us-guy
2026-07-01 17:18:58,976 | INFO | Name.......: English US - Guy
2026-07-01 17:18:58,976 | INFO | Provider...: edge
2026-07-01 17:18:58,976 | INFO | Language...: en
2026-07-01 17:18:58,976 | INFO | Locale.....: en-US
2026-07-01 17:18:58,976 | INFO | Voice......: en-US-GuyNeural
2026-07-01 17:18:58,976 | INFO | Rate.......: -15%
2026-07-01 17:18:58,976 | INFO | Pitch......: +0Hz
2026-07-01 17:18:58,976 | INFO | Volume.....: +0%
2026-07-01 17:18:58,976 | INFO | ============================================================
2026-07-01 17:18:58,976 | INFO | Creating provider from VoiceProfile: edge
2026-07-01 17:18:58,976 | INFO | Provider initialized: Microsoft Edge TTS (Microsoft) v1.1.0
2026-07-01 17:18:58,976 | INFO | Voice........: en-US-GuyNeural
2026-07-01 17:18:58,976 | INFO | Language.....: en
2026-07-01 17:18:58,976 | INFO | Locale.......: en-US
2026-07-01 17:18:58,976 | INFO | Provider created successfully.
2026-07-01 17:18:58,976 | INFO | Provider instantiated: Microsoft Edge TTS (Microsoft) v1.1.0
2026-07-01 17:18:58,977 | INFO | TTS Engine initialized with provider: Microsoft Edge TTS (Microsoft) v1.1.0
2026-07-01 17:18:58,977 | INFO | Generating audio...
2026-07-01 17:18:58,977 | INFO | ============================================================
2026-07-01 17:18:58,977 | INFO | TTS Engine
2026-07-01 17:18:58,977 | INFO | ============================================================
2026-07-01 17:18:58,977 | INFO | Provider.....: EdgeProvider
2026-07-01 17:18:58,977 | INFO | Characters...: 7349
2026-07-01 17:18:58,977 | INFO | Output.......: D:\Projetos\SpeechAI\output\Audio_Governance_SouthAmerica.mp3
2026-07-01 17:18:58,979 | INFO | Generating audio...
2026-07-01 17:18:58,979 | INFO | Voice.....: en-US-GuyNeural
2026-07-01 17:18:58,979 | INFO | Rate......: -15%
2026-07-01 17:18:58,979 | INFO | Pitch.....: +0Hz
2026-07-01 17:18:58,979 | INFO | Volume....: +0%
2026-07-01 17:19:05,022 | INFO | Audio generated successfully.
2026-07-01 17:19:05,025 | INFO | TTS finished successfully.
2026-07-01 17:19:05,026 | INFO | Speech synthesis completed successfully.
2026-07-01 17:19:05,027 | INFO | Pipeline finished
2026-07-01 17:19:35,050 | INFO | Pipeline started
2026-07-01 17:19:35,050 | INFO | Starting Text Analyzer
2026-07-01 17:19:35,051 | INFO | Loading script...
2026-07-01 17:19:35,051 | INFO | Normalizing text...
2026-07-01 17:19:35,052 | INFO | Building Presentation...
2026-07-01 17:19:35,052 | INFO | Detecting slides...
2026-07-01 17:19:35,054 | INFO | Calculating statistics...
2026-07-01 17:19:35,055 | INFO | Text Analyzer completed
2026-07-01 17:19:35,056 | INFO | Building narration...
2026-07-01 17:19:35,056 | INFO | 6 narration blocks generated.
2026-07-01 17:19:35,058 | INFO | Narration exported to D:\Projetos\SpeechAI\output\narration.txt
2026-07-01 17:19:35,058 | INFO | Building speech text...
2026-07-01 17:19:35,059 | INFO | Speech text generated.
2026-07-01 17:19:35,060 | INFO | Speech text exported to D:\Projetos\SpeechAI\output\speech.txt
2026-07-01 17:19:35,060 | INFO | ============================================================
2026-07-01 17:19:35,060 | INFO | Speech Service
2026-07-01 17:19:35,060 | INFO | ============================================================
2026-07-01 17:19:35,060 | INFO | Loading narration...
2026-07-01 17:19:35,063 | INFO | Characters loaded: 7349
2026-07-01 17:19:35,063 | INFO | Detecting language...
2026-07-01 17:19:35,449 | INFO | Language detected: English (100.00%)
2026-07-01 17:19:35,449 | INFO | Detected language: en
2026-07-01 17:19:35,449 | INFO | Voice selected: en-US-GuyNeural
2026-07-01 17:19:35,449 | INFO | ============================================================
2026-07-01 17:19:35,449 | INFO | VOICE PROFILE
2026-07-01 17:19:35,449 | INFO | ============================================================
2026-07-01 17:19:35,449 | INFO | Profile....: en-us-guy
2026-07-01 17:19:35,449 | INFO | Name.......: English US - Guy
2026-07-01 17:19:35,449 | INFO | Provider...: edge
2026-07-01 17:19:35,450 | INFO | Language...: en
2026-07-01 17:19:35,450 | INFO | Locale.....: en-US
2026-07-01 17:19:35,450 | INFO | Voice......: en-US-GuyNeural
2026-07-01 17:19:35,450 | INFO | Rate.......: -15%
2026-07-01 17:19:35,450 | INFO | Pitch......: +0Hz
2026-07-01 17:19:35,450 | INFO | Volume.....: +0%
2026-07-01 17:19:35,450 | INFO | ============================================================
2026-07-01 17:19:35,450 | INFO | Creating provider from VoiceProfile: edge
2026-07-01 17:19:35,450 | INFO | Provider initialized: Microsoft Edge TTS (Microsoft) v1.1.0
2026-07-01 17:19:35,450 | INFO | Voice........: en-US-GuyNeural
2026-07-01 17:19:35,450 | INFO | Language.....: en
2026-07-01 17:19:35,450 | INFO | Locale.......: en-US
2026-07-01 17:19:35,450 | INFO | Provider created successfully.
2026-07-01 17:19:35,450 | INFO | Provider instantiated: Microsoft Edge TTS (Microsoft) v1.1.0
2026-07-01 17:19:35,450 | INFO | TTS Engine initialized with provider: Microsoft Edge TTS (Microsoft) v1.1.0
2026-07-01 17:19:35,450 | INFO | Generating audio...
2026-07-01 17:19:35,450 | INFO | ============================================================
2026-07-01 17:19:35,450 | INFO | TTS Engine
2026-07-01 17:19:35,450 | INFO | ============================================================
2026-07-01 17:19:35,451 | INFO | Provider.....: EdgeProvider
2026-07-01 17:19:35,451 | INFO | Characters...: 7349
2026-07-01 17:19:35,451 | INFO | Output.......: D:\Projetos\SpeechAI\output\Audio_Governance_SouthAmerica.mp3
2026-07-01 17:19:35,453 | INFO | Generating audio...
2026-07-01 17:19:35,453 | INFO | Voice.....: en-US-GuyNeural
2026-07-01 17:19:35,453 | INFO | Rate......: -15%
2026-07-01 17:19:35,453 | INFO | Pitch.....: +0Hz
2026-07-01 17:19:35,453 | INFO | Volume....: +0%
2026-07-01 17:19:42,129 | INFO | Audio generated successfully.
2026-07-01 17:19:42,132 | INFO | TTS finished successfully.
2026-07-01 17:19:42,132 | INFO | Speech synthesis completed successfully.
2026-07-01 17:19:42,133 | INFO | Pipeline finished
2026-07-01 17:20:30,769 | INFO | Pipeline started
2026-07-01 17:20:30,769 | INFO | Starting Text Analyzer
2026-07-01 17:20:30,769 | INFO | Loading script...
2026-07-01 17:20:30,786 | INFO | Normalizing text...
2026-07-01 17:20:30,787 | INFO | Building Presentation...
2026-07-01 17:20:30,787 | INFO | Detecting slides...
2026-07-01 17:20:30,788 | INFO | Calculating statistics...
2026-07-01 17:20:30,788 | INFO | Text Analyzer completed
2026-07-01 17:20:30,788 | INFO | Building narration...
2026-07-01 17:20:30,788 | INFO | 3 narration blocks generated.
2026-07-01 17:20:30,789 | INFO | Narration exported to D:\Projetos\SpeechAI\output\narration.txt
2026-07-01 17:20:30,789 | INFO | Building speech text...
2026-07-01 17:20:30,789 | INFO | Speech text generated.
2026-07-01 17:20:30,790 | INFO | Speech text exported to D:\Projetos\SpeechAI\output\speech.txt
2026-07-01 17:20:30,790 | INFO | ============================================================
2026-07-01 17:20:30,790 | INFO | Speech Service
2026-07-01 17:20:30,790 | INFO | ============================================================
2026-07-01 17:20:30,790 | INFO | Loading narration...
2026-07-01 17:20:30,809 | INFO | Characters loaded: 1728
2026-07-01 17:20:30,809 | INFO | Detecting language...
2026-07-01 17:20:31,184 | INFO | Language detected: Portuguese (100.00%)
2026-07-01 17:20:31,184 | INFO | Detected language: pt
2026-07-01 17:20:31,184 | INFO | Voice selected: pt-BR-FranciscaNeural
2026-07-01 17:20:31,184 | INFO | ============================================================
2026-07-01 17:20:31,185 | INFO | VOICE PROFILE
2026-07-01 17:20:31,185 | INFO | ============================================================
2026-07-01 17:20:31,185 | INFO | Profile....: pt-br-francisca
2026-07-01 17:20:31,185 | INFO | Name.......: Português Brasil - Francisca
2026-07-01 17:20:31,185 | INFO | Provider...: edge
2026-07-01 17:20:31,185 | INFO | Language...: pt
2026-07-01 17:20:31,185 | INFO | Locale.....: pt-BR
2026-07-01 17:20:31,185 | INFO | Voice......: pt-BR-FranciscaNeural
2026-07-01 17:20:31,185 | INFO | Rate.......: -8%
2026-07-01 17:20:31,185 | INFO | Pitch......: +0Hz
2026-07-01 17:20:31,185 | INFO | Volume.....: +0%
2026-07-01 17:20:31,185 | INFO | ============================================================
2026-07-01 17:20:31,185 | INFO | Creating provider from VoiceProfile: edge
2026-07-01 17:20:31,185 | INFO | Provider initialized: Microsoft Edge TTS (Microsoft) v1.1.0
2026-07-01 17:20:31,185 | INFO | Voice........: pt-BR-FranciscaNeural
2026-07-01 17:20:31,185 | INFO | Language.....: pt
2026-07-01 17:20:31,185 | INFO | Locale.......: pt-BR
2026-07-01 17:20:31,186 | INFO | Provider created successfully.
2026-07-01 17:20:31,186 | INFO | Provider instantiated: Microsoft Edge TTS (Microsoft) v1.1.0
2026-07-01 17:20:31,186 | INFO | TTS Engine initialized with provider: Microsoft Edge TTS (Microsoft) v1.1.0
2026-07-01 17:20:31,186 | INFO | Generating audio...
2026-07-01 17:20:31,186 | INFO | ============================================================
2026-07-01 17:20:31,186 | INFO | TTS Engine
2026-07-01 17:20:31,186 | INFO | ============================================================
2026-07-01 17:20:31,186 | INFO | Provider.....: EdgeProvider
2026-07-01 17:20:31,186 | INFO | Characters...: 1728
2026-07-01 17:20:31,186 | INFO | Output.......: D:\Projetos\SpeechAI\output\Audio_Governance_SouthAmerica.mp3
2026-07-01 17:20:31,188 | INFO | Generating audio...
2026-07-01 17:20:31,188 | INFO | Voice.....: pt-BR-FranciscaNeural
2026-07-01 17:20:31,188 | INFO | Rate......: -8%
2026-07-01 17:20:31,188 | INFO | Pitch.....: +0Hz
2026-07-01 17:20:31,188 | INFO | Volume....: +0%
2026-07-01 17:20:50,967 | INFO | Audio generated successfully.
2026-07-01 17:20:50,969 | INFO | TTS finished successfully.
2026-07-01 17:20:50,969 | INFO | Speech synthesis completed successfully.
2026-07-01 17:20:50,970 | INFO | Pipeline finished
2026-07-01 17:26:34,673 | INFO | Pipeline started
2026-07-01 17:26:34,673 | INFO | Starting Text Analyzer
2026-07-01 17:26:34,673 | INFO | Loading script...
2026-07-01 17:26:34,674 | INFO | Normalizing text...
2026-07-01 17:26:34,674 | INFO | Building Presentation...
2026-07-01 17:26:34,674 | INFO | Detecting slides...
2026-07-01 17:26:34,675 | INFO | Calculating statistics...
2026-07-01 17:26:34,675 | INFO | Text Analyzer completed
2026-07-01 17:26:34,675 | INFO | Building narration...
2026-07-01 17:26:34,675 | INFO | 3 narration blocks generated.
2026-07-01 17:26:34,676 | INFO | Narration exported to D:\Projetos\SpeechAI\output\narration.txt
2026-07-01 17:26:34,676 | INFO | Building speech text...
2026-07-01 17:26:34,677 | INFO | Speech text generated.
2026-07-01 17:26:34,677 | INFO | Speech text exported to D:\Projetos\SpeechAI\output\speech.txt
2026-07-01 17:26:34,677 | INFO | ============================================================
2026-07-01 17:26:34,677 | INFO | Speech Service
2026-07-01 17:26:34,677 | INFO | ============================================================
2026-07-01 17:26:34,678 | INFO | Loading narration...
2026-07-01 17:26:34,680 | INFO | Characters loaded: 1728
2026-07-01 17:26:34,680 | INFO | Detecting language...
2026-07-01 17:26:35,090 | INFO | Language detected: Portuguese (100.00%)
2026-07-01 17:26:35,090 | INFO | Detected language: pt
2026-07-01 17:26:35,090 | INFO | Voice selected: pt-BR-FranciscaNeural
2026-07-01 17:26:35,090 | INFO | ============================================================
2026-07-01 17:26:35,090 | INFO | VOICE PROFILE
2026-07-01 17:26:35,091 | INFO | ============================================================
2026-07-01 17:26:35,091 | INFO | Profile....: pt-br-francisca
2026-07-01 17:26:35,091 | INFO | Name.......: Português Brasil - Francisca
2026-07-01 17:26:35,091 | INFO | Provider...: edge
2026-07-01 17:26:35,091 | INFO | Language...: pt
2026-07-01 17:26:35,091 | INFO | Locale.....: pt-BR
2026-07-01 17:26:35,091 | INFO | Voice......: pt-BR-FranciscaNeural
2026-07-01 17:26:35,091 | INFO | Rate.......: -8%
2026-07-01 17:26:35,091 | INFO | Pitch......: +0Hz
2026-07-01 17:26:35,091 | INFO | Volume.....: +0%
2026-07-01 17:26:35,091 | INFO | ============================================================
2026-07-01 17:26:35,091 | INFO | Creating provider from VoiceProfile: edge
2026-07-01 17:26:35,091 | INFO | Provider initialized: Microsoft Edge TTS (Microsoft) v1.1.0
2026-07-01 17:26:35,091 | INFO | Voice........: pt-BR-FranciscaNeural
2026-07-01 17:26:35,091 | INFO | Language.....: pt
2026-07-01 17:26:35,091 | INFO | Locale.......: pt-BR
2026-07-01 17:26:35,091 | INFO | Provider created successfully.
2026-07-01 17:26:35,091 | INFO | Provider instantiated: Microsoft Edge TTS (Microsoft) v1.1.0
2026-07-01 17:26:35,091 | INFO | TTS Engine initialized with provider: Microsoft Edge TTS (Microsoft) v1.1.0
2026-07-01 17:26:35,091 | INFO | Generating audio...
2026-07-01 17:26:35,091 | INFO | ============================================================
2026-07-01 17:26:35,092 | INFO | TTS Engine
2026-07-01 17:26:35,092 | INFO | ============================================================
2026-07-01 17:26:35,092 | INFO | Provider.....: EdgeProvider
2026-07-01 17:26:35,092 | INFO | Characters...: 1728
2026-07-01 17:26:35,092 | INFO | Output.......: D:\Projetos\SpeechAI\output\Audio_Governance_SouthAmerica.mp3
2026-07-01 17:26:35,093 | INFO | Generating audio...
2026-07-01 17:26:35,094 | INFO | Voice.....: pt-BR-FranciscaNeural
2026-07-01 17:26:35,094 | INFO | Rate......: -8%
2026-07-01 17:26:35,094 | INFO | Pitch.....: +0Hz
2026-07-01 17:26:35,094 | INFO | Volume....: +0%
2026-07-01 17:26:37,810 | INFO | Audio generated successfully.
2026-07-01 17:26:37,813 | INFO | TTS finished successfully.
2026-07-01 17:26:37,813 | INFO | Speech synthesis completed successfully.
2026-07-01 17:26:37,814 | INFO | Pipeline finished
2026-07-01 17:27:20,633 | INFO | Pipeline started
2026-07-01 17:27:20,633 | INFO | Starting Text Analyzer
2026-07-01 17:27:20,633 | INFO | Loading script...
2026-07-01 17:27:20,634 | INFO | Normalizing text...
2026-07-01 17:27:20,634 | INFO | Building Presentation...
2026-07-01 17:27:20,634 | INFO | Detecting slides...
2026-07-01 17:27:20,635 | INFO | Calculating statistics...
2026-07-01 17:27:20,635 | INFO | Text Analyzer completed
2026-07-01 17:27:20,635 | INFO | Building narration...
2026-07-01 17:27:20,635 | INFO | 3 narration blocks generated.
2026-07-01 17:27:20,636 | INFO | Narration exported to D:\Projetos\SpeechAI\output\narration.txt
2026-07-01 17:27:20,636 | INFO | Building speech text...
2026-07-01 17:27:20,636 | INFO | Speech text generated.
2026-07-01 17:27:20,637 | INFO | Speech text exported to D:\Projetos\SpeechAI\output\speech.txt
2026-07-01 17:27:20,637 | INFO | ============================================================
2026-07-01 17:27:20,637 | INFO | Speech Service
2026-07-01 17:27:20,637 | INFO | ============================================================
2026-07-01 17:27:20,637 | INFO | Loading narration...
2026-07-01 17:27:20,640 | INFO | Characters loaded: 1728
2026-07-01 17:27:20,640 | INFO | Detecting language...
2026-07-01 17:27:21,067 | INFO | Language detected: Portuguese (100.00%)
2026-07-01 17:27:21,067 | INFO | Detected language: pt
2026-07-01 17:27:21,067 | INFO | Voice selected: pt-BR-FranciscaNeural
2026-07-01 17:27:21,067 | INFO | ============================================================
2026-07-01 17:27:21,068 | INFO | VOICE PROFILE
2026-07-01 17:27:21,068 | INFO | ============================================================
2026-07-01 17:27:21,068 | INFO | Profile....: pt-br-francisca
2026-07-01 17:27:21,068 | INFO | Name.......: Português Brasil - Francisca
2026-07-01 17:27:21,068 | INFO | Provider...: edge
2026-07-01 17:27:21,068 | INFO | Language...: pt
2026-07-01 17:27:21,068 | INFO | Locale.....: pt-BR
2026-07-01 17:27:21,068 | INFO | Voice......: pt-BR-FranciscaNeural
2026-07-01 17:27:21,068 | INFO | Rate.......: -8%
2026-07-01 17:27:21,068 | INFO | Pitch......: +0Hz
2026-07-01 17:27:21,068 | INFO | Volume.....: +0%
2026-07-01 17:27:21,068 | INFO | ============================================================
2026-07-01 17:27:21,068 | INFO | Creating provider from VoiceProfile: edge
2026-07-01 17:27:21,068 | INFO | Provider initialized: Microsoft Edge TTS (Microsoft) v1.1.0
2026-07-01 17:27:21,068 | INFO | Voice........: pt-BR-FranciscaNeural
2026-07-01 17:27:21,068 | INFO | Language.....: pt
2026-07-01 17:27:21,068 | INFO | Locale.......: pt-BR
2026-07-01 17:27:21,068 | INFO | Provider created successfully.
2026-07-01 17:27:21,068 | INFO | Provider instantiated: Microsoft Edge TTS (Microsoft) v1.1.0
2026-07-01 17:27:21,069 | INFO | TTS Engine initialized with provider: Microsoft Edge TTS (Microsoft) v1.1.0
2026-07-01 17:27:21,069 | INFO | Generating audio...
2026-07-01 17:27:21,069 | INFO | ============================================================
2026-07-01 17:27:21,069 | INFO | TTS Engine
2026-07-01 17:27:21,069 | INFO | ============================================================
2026-07-01 17:27:21,069 | INFO | Provider.....: EdgeProvider
2026-07-01 17:27:21,069 | INFO | Characters...: 1728
2026-07-01 17:27:21,069 | INFO | Output.......: D:\Projetos\SpeechAI\output\Audio_Governance_SouthAmerica.mp3
2026-07-01 17:27:21,070 | INFO | Generating audio...
2026-07-01 17:27:21,071 | INFO | Voice.....: pt-BR-FranciscaNeural
2026-07-01 17:27:21,071 | INFO | Rate......: -8%
2026-07-01 17:27:21,071 | INFO | Pitch.....: +0Hz
2026-07-01 17:27:21,071 | INFO | Volume....: +0%
2026-07-01 17:27:22,977 | INFO | Audio generated successfully.
2026-07-01 17:27:22,979 | INFO | TTS finished successfully.
2026-07-01 17:27:22,980 | INFO | Speech synthesis completed successfully.
2026-07-01 17:27:22,981 | INFO | Pipeline finished
2026-07-01 17:34:13,551 | INFO | Pipeline started
2026-07-01 17:34:13,551 | INFO | Starting Text Analyzer
2026-07-01 17:34:13,551 | INFO | Loading script...
2026-07-01 17:34:13,552 | INFO | Normalizing text...
2026-07-01 17:34:13,553 | INFO | Building Presentation...
2026-07-01 17:34:13,553 | INFO | Detecting slides...
2026-07-01 17:34:13,554 | INFO | Calculating statistics...
2026-07-01 17:34:13,555 | INFO | Text Analyzer completed
2026-07-01 17:34:13,555 | INFO | Building narration...
2026-07-01 17:34:13,555 | INFO | 6 narration blocks generated.
2026-07-01 17:34:13,556 | INFO | Narration exported to D:\Projetos\SpeechAI\output\narration.txt
2026-07-01 17:34:13,556 | INFO | Building speech text...
2026-07-01 17:34:13,558 | INFO | Speech text generated.
2026-07-01 17:34:13,558 | INFO | Speech text exported to D:\Projetos\SpeechAI\output\speech.txt
2026-07-01 17:34:13,558 | INFO | ============================================================
2026-07-01 17:34:13,558 | INFO | Speech Service
2026-07-01 17:34:13,558 | INFO | ============================================================
2026-07-01 17:34:13,559 | INFO | Loading narration...
2026-07-01 17:34:13,561 | INFO | Characters loaded: 7349
2026-07-01 17:34:13,562 | INFO | Detecting language...
2026-07-01 17:34:13,934 | INFO | Language detected: English (100.00%)
2026-07-01 17:34:13,934 | INFO | Detected language: en
2026-07-01 17:34:13,934 | INFO | Voice selected: en-US-GuyNeural
2026-07-01 17:34:13,934 | INFO | ============================================================
2026-07-01 17:34:13,935 | INFO | VOICE PROFILE
2026-07-01 17:34:13,935 | INFO | ============================================================
2026-07-01 17:34:13,935 | INFO | Profile....: en-us-guy
2026-07-01 17:34:13,935 | INFO | Name.......: English US - Guy
2026-07-01 17:34:13,935 | INFO | Provider...: edge
2026-07-01 17:34:13,935 | INFO | Language...: en
2026-07-01 17:34:13,935 | INFO | Locale.....: en-US
2026-07-01 17:34:13,935 | INFO | Voice......: en-US-GuyNeural
2026-07-01 17:34:13,935 | INFO | Rate.......: -15%
2026-07-01 17:34:13,935 | INFO | Pitch......: +0Hz
2026-07-01 17:34:13,935 | INFO | Volume.....: +0%
2026-07-01 17:34:13,935 | INFO | ============================================================
2026-07-01 17:34:13,935 | INFO | Creating provider from VoiceProfile: edge
2026-07-01 17:34:13,935 | INFO | Provider initialized: Microsoft Edge TTS (Microsoft) v1.1.0
2026-07-01 17:34:13,935 | INFO | Voice........: en-US-GuyNeural
2026-07-01 17:34:13,935 | INFO | Language.....: en
2026-07-01 17:34:13,935 | INFO | Locale.......: en-US
2026-07-01 17:34:13,936 | INFO | Provider created successfully.
2026-07-01 17:34:13,936 | INFO | Provider instantiated: Microsoft Edge TTS (Microsoft) v1.1.0
2026-07-01 17:34:13,936 | INFO | TTS Engine initialized with provider: Microsoft Edge TTS (Microsoft) v1.1.0
2026-07-01 17:34:13,936 | INFO | Generating audio...
2026-07-01 17:34:13,936 | INFO | ============================================================
2026-07-01 17:34:13,936 | INFO | TTS Engine
2026-07-01 17:34:13,936 | INFO | ============================================================
2026-07-01 17:34:13,936 | INFO | Provider.....: EdgeProvider
2026-07-01 17:34:13,936 | INFO | Characters...: 7349
2026-07-01 17:34:13,936 | INFO | Output.......: D:\Projetos\SpeechAI\output\Audio_Governance_SouthAmerica.mp3
2026-07-01 17:34:13,938 | INFO | Generating audio...
2026-07-01 17:34:13,938 | INFO | Voice.....: en-US-GuyNeural
2026-07-01 17:34:13,938 | INFO | Rate......: -15%
2026-07-01 17:34:13,938 | INFO | Pitch.....: +0Hz
2026-07-01 17:34:13,938 | INFO | Volume....: +0%
2026-07-01 17:34:19,491 | INFO | Audio generated successfully.
2026-07-01 17:34:19,493 | INFO | TTS finished successfully.
2026-07-01 17:34:19,493 | INFO | Speech synthesis completed successfully.
2026-07-01 17:34:19,495 | INFO | Pipeline finished
2026-07-01 18:08:12,653 | INFO | Pipeline started
2026-07-01 18:08:12,653 | INFO | Starting Text Analyzer
2026-07-01 18:08:12,653 | INFO | Loading script...
2026-07-01 18:08:12,653 | INFO | Normalizing text...
2026-07-01 18:08:12,654 | INFO | Building Presentation...
2026-07-01 18:08:12,654 | INFO | Detecting slides...
2026-07-01 18:08:12,654 | INFO | Calculating statistics...
2026-07-01 18:08:12,655 | INFO | Text Analyzer completed
2026-07-01 18:08:12,655 | INFO | Building narration...
2026-07-01 18:08:12,655 | INFO | 6 narration blocks generated.
2026-07-01 18:08:12,656 | INFO | Narration exported to D:\Projetos\SpeechAI\output\narration.txt
2026-07-01 18:08:12,656 | INFO | Building speech text...
2026-07-01 18:08:12,657 | INFO | Speech text generated.
2026-07-01 18:08:12,658 | INFO | Speech text exported to D:\Projetos\SpeechAI\output\speech.txt
2026-07-01 18:08:12,658 | INFO | ============================================================
2026-07-01 18:08:12,658 | INFO | Speech Service
2026-07-01 18:08:12,658 | INFO | ============================================================
2026-07-01 18:08:12,658 | INFO | Loading narration...
2026-07-01 18:08:12,660 | INFO | Characters loaded: 7349
2026-07-01 18:08:12,660 | INFO | Detecting language...
2026-07-01 18:08:12,982 | INFO | Language detected: English (100.00%)
2026-07-01 18:08:12,982 | INFO | Detected language: en
2026-07-01 18:08:12,982 | INFO | Voice selected: en-US-GuyNeural
2026-07-01 18:08:12,982 | INFO | ============================================================
2026-07-01 18:08:12,982 | INFO | VOICE PROFILE
2026-07-01 18:08:12,982 | INFO | ============================================================
2026-07-01 18:08:12,982 | INFO | Profile....: en-us-guy
2026-07-01 18:08:12,982 | INFO | Name.......: English US - Guy
2026-07-01 18:08:12,982 | INFO | Provider...: edge
2026-07-01 18:08:12,982 | INFO | Language...: en
2026-07-01 18:08:12,982 | INFO | Locale.....: en-US
2026-07-01 18:08:12,982 | INFO | Voice......: en-US-GuyNeural
2026-07-01 18:08:12,983 | INFO | Rate.......: -15%
2026-07-01 18:08:12,983 | INFO | Pitch......: +0Hz
2026-07-01 18:08:12,983 | INFO | Volume.....: +0%
2026-07-01 18:08:12,983 | INFO | ============================================================
2026-07-01 18:08:12,983 | INFO | Creating provider from VoiceProfile: edge
2026-07-01 18:08:12,983 | INFO | Provider initialized: Microsoft Edge TTS (Microsoft) v1.1.0
2026-07-01 18:08:12,983 | INFO | Voice........: en-US-GuyNeural
2026-07-01 18:08:12,983 | INFO | Language.....: en
2026-07-01 18:08:12,983 | INFO | Locale.......: en-US
2026-07-01 18:08:12,983 | INFO | Provider created successfully.
2026-07-01 18:08:12,983 | INFO | Provider instantiated: Microsoft Edge TTS (Microsoft) v1.1.0
2026-07-01 18:08:12,983 | INFO | TTS Engine initialized with provider: Microsoft Edge TTS (Microsoft) v1.1.0
2026-07-01 18:08:12,983 | INFO | Generating audio...
2026-07-01 18:08:12,983 | INFO | ============================================================
2026-07-01 18:08:12,983 | INFO | TTS Engine
2026-07-01 18:08:12,983 | INFO | ============================================================
2026-07-01 18:08:12,983 | INFO | Provider.....: EdgeProvider
2026-07-01 18:08:12,983 | INFO | Characters...: 7349
2026-07-01 18:08:12,983 | INFO | Output.......: D:\Projetos\SpeechAI\output\Audio_Governance_SouthAmerica.mp3
2026-07-01 18:08:12,986 | INFO | Generating audio...
2026-07-01 18:08:12,986 | INFO | Voice.....: en-US-GuyNeural
2026-07-01 18:08:12,986 | INFO | Rate......: -15%
2026-07-01 18:08:12,986 | INFO | Pitch.....: +0Hz
2026-07-01 18:08:12,986 | INFO | Volume....: +0%
2026-07-01 18:08:19,659 | INFO | Audio generated successfully.
2026-07-01 18:08:19,661 | INFO | TTS finished successfully.
2026-07-01 18:08:19,661 | INFO | Speech synthesis completed successfully.
2026-07-01 18:08:19,662 | INFO | Pipeline finished
2026-07-02 07:35:34,545 | INFO | Pipeline started
2026-07-02 07:35:34,546 | INFO | Starting Text Analyzer
2026-07-02 07:35:34,546 | INFO | Loading script...
2026-07-02 07:35:34,547 | INFO | Normalizing text...
2026-07-02 07:35:34,549 | INFO | Building Presentation...
2026-07-02 07:35:34,549 | INFO | Detecting slides...
2026-07-02 07:35:34,551 | INFO | Calculating statistics...
2026-07-02 07:35:34,553 | INFO | Text Analyzer completed
2026-07-02 07:35:34,553 | INFO | Building narration...
2026-07-02 07:35:34,554 | INFO | 6 narration blocks generated.
2026-07-02 07:35:34,555 | INFO | Narration exported to D:\Projetos\SpeechAI\output\narration.txt
2026-07-02 07:35:34,555 | INFO | Building speech text...
2026-07-02 07:35:34,556 | INFO | Speech text generated.
2026-07-02 07:35:34,556 | INFO | Speech text exported to D:\Projetos\SpeechAI\output\speech.txt
2026-07-02 07:35:34,557 | INFO | ============================================================
2026-07-02 07:35:34,557 | INFO | Speech Service
2026-07-02 07:35:34,557 | INFO | ============================================================
2026-07-02 07:35:34,557 | INFO | Loading narration...
2026-07-02 07:35:34,571 | INFO | Characters loaded: 7349
2026-07-02 07:35:34,571 | INFO | Detecting language...
2026-07-02 07:35:34,979 | INFO | Language detected: English (100.00%)
2026-07-02 07:35:34,979 | INFO | Detected language: en
2026-07-02 07:35:34,979 | INFO | Voice selected: en-US-GuyNeural
2026-07-02 07:35:34,979 | INFO | ============================================================
2026-07-02 07:35:34,979 | INFO | VOICE PROFILE
2026-07-02 07:35:34,979 | INFO | ============================================================
2026-07-02 07:35:34,979 | INFO | Profile....: en-us-guy
2026-07-02 07:35:34,979 | INFO | Name.......: English US - Guy
2026-07-02 07:35:34,979 | INFO | Provider...: edge
2026-07-02 07:35:34,980 | INFO | Language...: en
2026-07-02 07:35:34,980 | INFO | Locale.....: en-US
2026-07-02 07:35:34,980 | INFO | Voice......: en-US-GuyNeural
2026-07-02 07:35:34,980 | INFO | Rate.......: -15%
2026-07-02 07:35:34,980 | INFO | Pitch......: +0Hz
2026-07-02 07:35:34,980 | INFO | Volume.....: +0%
2026-07-02 07:35:34,980 | INFO | ============================================================
2026-07-02 07:35:34,980 | INFO | Creating provider from VoiceProfile: edge
2026-07-02 07:35:34,980 | INFO | Provider initialized: Microsoft Edge TTS (Microsoft) v1.1.0
2026-07-02 07:35:34,981 | INFO | Voice........: en-US-GuyNeural
2026-07-02 07:35:34,981 | INFO | Language.....: en
2026-07-02 07:35:34,981 | INFO | Locale.......: en-US
2026-07-02 07:35:34,981 | INFO | Provider created successfully.
2026-07-02 07:35:34,981 | INFO | Provider instantiated: Microsoft Edge TTS (Microsoft) v1.1.0
2026-07-02 07:35:34,981 | INFO | TTS Engine initialized with provider: Microsoft Edge TTS (Microsoft) v1.1.0
2026-07-02 07:35:34,981 | INFO | Generating audio...
2026-07-02 07:35:34,981 | INFO | ============================================================
2026-07-02 07:35:34,981 | INFO | TTS Engine
2026-07-02 07:35:34,981 | INFO | ============================================================
2026-07-02 07:35:34,981 | INFO | Provider.....: EdgeProvider
2026-07-02 07:35:34,981 | INFO | Characters...: 7349
2026-07-02 07:35:34,982 | INFO | Output.......: D:\Projetos\SpeechAI\output\Audio_Governance_SouthAmerica.mp3
2026-07-02 07:35:34,987 | INFO | Generating audio...
2026-07-02 07:35:34,987 | INFO | Voice.....: en-US-GuyNeural
2026-07-02 07:35:34,987 | INFO | Rate......: -15%
2026-07-02 07:35:34,987 | INFO | Pitch.....: +0Hz
2026-07-02 07:35:34,987 | INFO | Volume....: +0%
2026-07-02 07:35:43,435 | INFO | Audio generated successfully.
2026-07-02 07:35:43,438 | INFO | TTS finished successfully.
2026-07-02 07:35:43,438 | INFO | Speech synthesis completed successfully.
2026-07-02 07:35:43,440 | INFO | Pipeline finished
2026-07-02 07:43:24,410 | INFO | Pipeline started
2026-07-02 07:43:24,411 | INFO | Starting Text Analyzer
2026-07-02 07:43:24,411 | INFO | Loading script...
2026-07-02 07:43:24,411 | INFO | Normalizing text...
2026-07-02 07:43:24,411 | INFO | Building Presentation...
2026-07-02 07:43:24,411 | INFO | Detecting slides...
2026-07-02 07:43:24,412 | INFO | Calculating statistics...
2026-07-02 07:43:24,413 | INFO | Text Analyzer completed
2026-07-02 07:43:24,413 | INFO | ============================================================
2026-07-02 07:43:24,413 | INFO | Speech Intelligence Engine
2026-07-02 07:43:24,413 | INFO | ============================================================
2026-07-02 07:46:09,692 | INFO | Pipeline started
2026-07-02 07:46:09,692 | INFO | Starting Text Analyzer
2026-07-02 07:46:09,693 | INFO | Loading script...
2026-07-02 07:46:09,693 | INFO | Normalizing text...
2026-07-02 07:46:09,695 | INFO | Building Presentation...
2026-07-02 07:46:09,695 | INFO | Detecting slides...
2026-07-02 07:46:09,697 | INFO | Calculating statistics...
2026-07-02 07:46:09,698 | INFO | Text Analyzer completed
2026-07-02 07:46:09,698 | INFO | ============================================================
2026-07-02 07:46:09,698 | INFO | Speech Intelligence Engine
2026-07-02 07:46:09,698 | INFO | ============================================================
2026-07-02 07:46:09,699 | INFO | Detecting language...
2026-07-02 07:46:10,055 | INFO | Language detected: English (100.00%)
2026-07-02 07:46:10,055 | INFO | Language detected: en
2026-07-02 07:50:15,519 | INFO | Pipeline started
2026-07-02 07:50:15,519 | INFO | Starting Text Analyzer
2026-07-02 07:50:15,519 | INFO | Loading script...
2026-07-02 07:50:15,519 | INFO | Normalizing text...
2026-07-02 07:50:15,520 | INFO | Building Presentation...
2026-07-02 07:50:15,520 | INFO | Detecting slides...
2026-07-02 07:50:15,522 | INFO | Calculating statistics...
2026-07-02 07:50:15,522 | INFO | Text Analyzer completed
2026-07-02 07:50:15,523 | INFO | ============================================================
2026-07-02 07:50:15,523 | INFO | Speech Intelligence Engine
2026-07-02 07:50:15,523 | INFO | ============================================================
2026-07-02 07:50:15,523 | INFO | Detecting language...
2026-07-02 07:50:15,882 | INFO | Language detected: English (100.00%)
2026-07-02 07:50:15,883 | INFO | Language detected: en
2026-07-02 07:50:15,883 | INFO | Selecting voice for language: en
2026-07-02 07:50:15,883 | INFO | Voice selected: en-US-GuyNeural
2026-07-02 07:50:15,883 | INFO | Running Speech Analyzer...
2026-07-02 07:50:15,884 | INFO | Speech Analyzer completed.
2026-07-02 07:50:15,884 | INFO | Calculating speech timing...
2026-07-02 07:50:15,884 | INFO | Complexity..... Low
2026-07-02 07:50:15,884 | INFO | Recommended WPM 150
2026-07-02 07:50:15,884 | INFO | Recommended Rate -5%
2026-07-02 07:50:15,884 | INFO | ============================================================
2026-07-02 07:50:15,884 | INFO | Speech Optimizer
2026-07-02 07:50:15,884 | INFO | ============================================================
2026-07-02 07:50:15,884 | INFO | Voice........ en-US-GuyNeural
2026-07-02 07:50:15,884 | INFO | Rate......... -5%
2026-07-02 07:50:15,884 | INFO | Pitch........ +1Hz
2026-07-02 07:50:15,884 | INFO | Reading...... Conversational
2026-07-02 07:50:15,885 | INFO | Complexity... Low
2026-07-02 07:50:15,885 | INFO | Confidence... 1.00
2026-07-02 07:50:15,885 | INFO | Speech Profile generated successfully.
2026-07-02 07:50:15,886 | INFO | Building narration...
2026-07-02 07:50:15,887 | INFO | 6 narration blocks generated.
2026-07-02 07:50:15,888 | INFO | Narration exported to D:\Projetos\SpeechAI\output\narration.txt
2026-07-02 07:50:15,888 | INFO | Building speech text...
2026-07-02 07:50:15,889 | INFO | Speech text generated.
2026-07-02 07:50:15,890 | INFO | Speech text exported to D:\Projetos\SpeechAI\output\speech.txt
2026-07-02 07:50:15,890 | INFO | ============================================================
2026-07-02 07:50:15,890 | INFO | Speech Service
2026-07-02 07:50:15,890 | INFO | ============================================================
2026-07-02 07:50:15,891 | INFO | Loading narration...
2026-07-02 07:50:15,893 | INFO | Characters loaded: 7349
2026-07-02 08:16:43,648 | INFO | Pipeline started
2026-07-02 08:16:43,648 | INFO | Starting Text Analyzer
2026-07-02 08:16:43,648 | INFO | Loading script...
2026-07-02 08:16:43,667 | INFO | Normalizing text...
2026-07-02 08:16:43,668 | INFO | Building Presentation...
2026-07-02 08:16:43,668 | INFO | Detecting slides...
2026-07-02 08:16:43,669 | INFO | Calculating statistics...
2026-07-02 08:16:43,670 | INFO | Text Analyzer completed
2026-07-02 08:16:43,670 | INFO | ============================================================
2026-07-02 08:16:43,670 | INFO | Speech Intelligence Engine
2026-07-02 08:16:43,670 | INFO | ============================================================
2026-07-02 08:16:43,670 | INFO | Detecting language...
2026-07-02 08:16:44,571 | INFO | Language detected: English (100.00%)
2026-07-02 08:16:44,571 | INFO | Language detected: en
2026-07-02 08:16:44,571 | INFO | Selecting voice for language: en
2026-07-02 08:16:44,571 | INFO | Voice selected: en-US-GuyNeural
2026-07-02 08:16:44,571 | INFO | Running Speech Analyzer...
2026-07-02 08:16:44,572 | INFO | Speech Analyzer completed.
2026-07-02 08:16:44,572 | INFO | Calculating speech timing...
2026-07-02 08:16:44,572 | INFO | Complexity..... Low
2026-07-02 08:16:44,572 | INFO | Recommended WPM 150
2026-07-02 08:16:44,572 | INFO | Recommended Rate -5%
2026-07-02 08:16:44,572 | INFO | ============================================================
2026-07-02 08:16:44,572 | INFO | Speech Optimizer
2026-07-02 08:16:44,572 | INFO | ============================================================
2026-07-02 08:16:44,572 | INFO | Voice........ en-US-GuyNeural
2026-07-02 08:16:44,572 | INFO | Rate......... -5%
2026-07-02 08:16:44,572 | INFO | Pitch........ +1Hz
2026-07-02 08:16:44,572 | INFO | Reading...... Conversational
2026-07-02 08:16:44,572 | INFO | Complexity... Low
2026-07-02 08:16:44,572 | INFO | Confidence... 1.00
2026-07-02 08:16:44,572 | INFO | Speech Profile generated successfully.
2026-07-02 08:16:44,574 | INFO | Building narration...
2026-07-02 08:16:44,575 | INFO | 6 narration blocks generated.
2026-07-02 08:16:44,576 | INFO | Narration exported to D:\Projetos\SpeechAI\output\narration.txt
2026-07-02 08:16:44,576 | INFO | Building speech text...
2026-07-02 08:16:44,576 | INFO | Speech text generated.
2026-07-02 08:16:44,577 | INFO | Speech text exported to D:\Projetos\SpeechAI\output\speech.txt
2026-07-02 08:16:44,577 | INFO | ============================================================
2026-07-02 08:16:44,577 | INFO | Speech Service
2026-07-02 08:16:44,577 | INFO | ============================================================
2026-07-02 08:16:44,587 | INFO | Characters: 7349
2026-07-02 08:18:34,790 | INFO | Pipeline started
2026-07-02 08:18:34,790 | INFO | Starting Text Analyzer
2026-07-02 08:18:34,790 | INFO | Loading script...
2026-07-02 08:18:34,791 | INFO | Normalizing text...
2026-07-02 08:18:34,792 | INFO | Building Presentation...
2026-07-02 08:18:34,792 | INFO | Detecting slides...
2026-07-02 08:18:34,793 | INFO | Calculating statistics...
2026-07-02 08:18:34,794 | INFO | Text Analyzer completed
2026-07-02 08:18:34,794 | INFO | ============================================================
2026-07-02 08:18:34,794 | INFO | Speech Intelligence Engine
2026-07-02 08:18:34,795 | INFO | ============================================================
2026-07-02 08:18:34,795 | INFO | Detecting language...
2026-07-02 08:18:35,110 | INFO | Language detected: English (100.00%)
2026-07-02 08:18:35,110 | INFO | Language detected: en
2026-07-02 08:18:35,110 | INFO | Selecting voice for language: en
2026-07-02 08:18:35,110 | INFO | Voice selected: en-US-GuyNeural
2026-07-02 08:18:35,110 | INFO | Running Speech Analyzer...
2026-07-02 08:18:35,111 | INFO | Speech Analyzer completed.
2026-07-02 08:18:35,111 | INFO | Calculating speech timing...
2026-07-02 08:18:35,111 | INFO | Complexity..... Low
2026-07-02 08:18:35,111 | INFO | Recommended WPM 150
2026-07-02 08:18:35,111 | INFO | Recommended Rate -5%
2026-07-02 08:18:35,111 | INFO | ============================================================
2026-07-02 08:18:35,111 | INFO | Speech Optimizer
2026-07-02 08:18:35,111 | INFO | ============================================================
2026-07-02 08:18:35,111 | INFO | Voice........ en-US-GuyNeural
2026-07-02 08:18:35,111 | INFO | Rate......... -5%
2026-07-02 08:18:35,111 | INFO | Pitch........ +1Hz
2026-07-02 08:18:35,111 | INFO | Reading...... Conversational
2026-07-02 08:18:35,111 | INFO | Complexity... Low
2026-07-02 08:18:35,111 | INFO | Confidence... 1.00
2026-07-02 08:18:35,111 | INFO | Speech Profile generated successfully.
2026-07-02 08:18:35,113 | INFO | Building narration...
2026-07-02 08:18:35,114 | INFO | 6 narration blocks generated.
2026-07-02 08:18:35,115 | INFO | Narration exported to D:\Projetos\SpeechAI\output\narration.txt
2026-07-02 08:18:35,115 | INFO | Building speech text...
2026-07-02 08:18:35,116 | INFO | Speech text generated.
2026-07-02 08:18:35,116 | INFO | Speech text exported to D:\Projetos\SpeechAI\output\speech.txt
2026-07-02 08:18:35,116 | INFO | ============================================================
2026-07-02 08:18:35,116 | INFO | Speech Service
2026-07-02 08:18:35,116 | INFO | ============================================================
2026-07-02 08:18:35,120 | INFO | Characters: 7349
2026-07-02 08:18:35,120 | INFO | Provider initialized: Microsoft Edge TTS (Microsoft) v1.1.0
2026-07-02 08:18:35,121 | INFO | Provider: Microsoft Edge TTS (Microsoft) v1.1.0
2026-07-02 08:18:35,122 | INFO | TTS Engine initialized with provider: Microsoft Edge TTS (Microsoft) v1.1.0
2026-07-02 08:18:35,122 | INFO | ============================================================
2026-07-02 08:18:35,122 | INFO | TTS Engine
2026-07-02 08:18:35,122 | INFO | ============================================================
2026-07-02 08:18:35,122 | INFO | Provider.....: EdgeProvider
2026-07-02 08:18:35,122 | INFO | Characters...: 7349
2026-07-02 08:18:35,122 | INFO | Output.......: D:\Projetos\SpeechAI\output\Audio_Governance_SouthAmerica.mp3
2026-07-02 08:18:35,123 | INFO | Generating audio...
2026-07-02 08:18:35,123 | INFO | Voice.....: en-US-GuyNeural
2026-07-02 08:18:35,123 | INFO | Rate......: -5%
2026-07-02 08:18:35,123 | INFO | Pitch.....: +1Hz
2026-07-02 08:18:35,123 | INFO | Volume....: +0%
2026-07-02 08:19:06,469 | INFO | Audio generated successfully.
2026-07-02 08:19:06,472 | INFO | TTS finished successfully.
2026-07-02 08:19:06,473 | INFO | Speech synthesis completed.
2026-07-02 08:19:06,474 | INFO | Pipeline finished
2026-07-02 08:25:59,618 | INFO | Pipeline started
2026-07-02 08:25:59,618 | INFO | Starting Text Analyzer
2026-07-02 08:25:59,618 | INFO | Loading script...
2026-07-02 08:25:59,644 | INFO | Normalizing text...
2026-07-02 08:25:59,645 | INFO | Building Presentation...
2026-07-02 08:25:59,645 | INFO | Detecting slides...
2026-07-02 08:25:59,645 | INFO | Calculating statistics...
2026-07-02 08:25:59,645 | INFO | Text Analyzer completed
2026-07-02 08:25:59,645 | INFO | ============================================================
2026-07-02 08:25:59,646 | INFO | Speech Intelligence Engine
2026-07-02 08:25:59,646 | INFO | ============================================================
2026-07-02 08:25:59,646 | INFO | Detecting language...
2026-07-02 08:25:59,969 | INFO | Language detected: Portuguese (100.00%)
2026-07-02 08:25:59,969 | INFO | Language detected: pt
2026-07-02 08:25:59,969 | INFO | Selecting voice for language: pt
2026-07-02 08:25:59,969 | INFO | Voice selected: pt-BR-FranciscaNeural
2026-07-02 08:25:59,970 | INFO | Running Speech Analyzer...
2026-07-02 08:25:59,970 | INFO | Speech Analyzer completed.
2026-07-02 08:25:59,970 | INFO | Calculating speech timing...
2026-07-02 08:25:59,970 | INFO | Complexity..... Low
2026-07-02 08:25:59,970 | INFO | Recommended WPM 145
2026-07-02 08:25:59,970 | INFO | Recommended Rate -5%
2026-07-02 08:25:59,970 | INFO | ============================================================
2026-07-02 08:25:59,971 | INFO | Speech Optimizer
2026-07-02 08:25:59,971 | INFO | ============================================================
2026-07-02 08:25:59,971 | INFO | Voice........ pt-BR-FranciscaNeural
2026-07-02 08:25:59,971 | INFO | Rate......... -5%
2026-07-02 08:25:59,971 | INFO | Pitch........ +1Hz
2026-07-02 08:25:59,971 | INFO | Reading...... Conversational
2026-07-02 08:25:59,971 | INFO | Complexity... Low
2026-07-02 08:25:59,971 | INFO | Confidence... 1.00
2026-07-02 08:25:59,971 | INFO | Speech Profile generated successfully.
2026-07-02 08:25:59,972 | INFO | Building narration...
2026-07-02 08:25:59,972 | INFO | 3 narration blocks generated.
2026-07-02 08:25:59,973 | INFO | Narration exported to D:\Projetos\SpeechAI\output\narration.txt
2026-07-02 08:25:59,973 | INFO | Building speech text...
2026-07-02 08:25:59,974 | INFO | Speech text generated.
2026-07-02 08:25:59,974 | INFO | Speech text exported to D:\Projetos\SpeechAI\output\speech.txt
2026-07-02 08:25:59,974 | INFO | ============================================================
2026-07-02 08:25:59,974 | INFO | Speech Service
2026-07-02 08:25:59,974 | INFO | ============================================================
2026-07-02 08:25:59,987 | INFO | Characters: 1728
2026-07-02 08:25:59,987 | INFO | Provider initialized: Microsoft Edge TTS (Microsoft) v1.1.0
2026-07-02 08:25:59,988 | INFO | Provider: Microsoft Edge TTS (Microsoft) v1.1.0
2026-07-02 08:25:59,988 | INFO | TTS Engine initialized with provider: Microsoft Edge TTS (Microsoft) v1.1.0
2026-07-02 08:25:59,988 | INFO | ============================================================
2026-07-02 08:25:59,988 | INFO | TTS Engine
2026-07-02 08:25:59,988 | INFO | ============================================================
2026-07-02 08:25:59,988 | INFO | Provider.....: EdgeProvider
2026-07-02 08:25:59,988 | INFO | Characters...: 1728
2026-07-02 08:25:59,988 | INFO | Output.......: D:\Projetos\SpeechAI\output\Audio_Governance_SouthAmerica.mp3
2026-07-02 08:25:59,991 | INFO | Generating audio...
2026-07-02 08:25:59,991 | INFO | Voice.....: pt-BR-FranciscaNeural
2026-07-02 08:25:59,991 | INFO | Rate......: -5%
2026-07-02 08:25:59,991 | INFO | Pitch.....: +1Hz
2026-07-02 08:25:59,991 | INFO | Volume....: +0%
2026-07-02 08:26:14,854 | INFO | Audio generated successfully.
2026-07-02 08:26:14,857 | INFO | TTS finished successfully.
2026-07-02 08:26:14,857 | INFO | Speech synthesis completed.
2026-07-02 08:26:14,859 | INFO | Pipeline finished
2026-07-02 08:58:12,596 | INFO | Pipeline started
2026-07-02 08:58:12,596 | INFO | Starting Text Analyzer
2026-07-02 08:58:12,596 | INFO | Loading script...
2026-07-02 08:58:12,597 | INFO | Normalizing text...
2026-07-02 08:58:12,598 | INFO | Building Presentation...
2026-07-02 08:58:12,598 | INFO | Detecting slides...
2026-07-02 08:58:12,599 | INFO | Calculating statistics...
2026-07-02 08:58:12,599 | INFO | Text Analyzer completed
2026-07-02 08:58:12,599 | INFO | ============================================================
2026-07-02 08:58:12,599 | INFO | Speech Intelligence Engine
2026-07-02 08:58:12,599 | INFO | ============================================================
2026-07-02 08:58:12,599 | INFO | Detecting language...
2026-07-02 08:58:12,951 | INFO | Language detected: English (100.00%)
2026-07-02 08:58:12,952 | INFO | Language detected: en
2026-07-02 08:58:12,952 | INFO | Selecting voice for language: en
2026-07-02 08:58:12,952 | INFO | Voice selected: en-US-GuyNeural
2026-07-02 08:58:12,952 | INFO | Running Speech Analyzer...
2026-07-02 08:58:12,954 | INFO | Speech Analyzer completed.
2026-07-02 08:58:12,954 | INFO | Calculating speech timing...
2026-07-02 08:58:12,954 | INFO | Complexity..... Low
2026-07-02 08:58:12,954 | INFO | Recommended WPM 150
2026-07-02 08:58:12,954 | INFO | Recommended Rate -5%
2026-07-02 08:58:12,954 | INFO | ============================================================
2026-07-02 08:58:12,954 | INFO | Speech Optimizer
2026-07-02 08:58:12,954 | INFO | ============================================================
2026-07-02 08:58:12,954 | INFO | Voice........ en-US-GuyNeural
2026-07-02 08:58:12,954 | INFO | Rate......... -5%
2026-07-02 08:58:12,954 | INFO | Pitch........ +1Hz
2026-07-02 08:58:12,954 | INFO | Reading...... Conversational
2026-07-02 08:58:12,954 | INFO | Complexity... Low
2026-07-02 08:58:12,954 | INFO | Confidence... 1.00
2026-07-02 08:58:12,954 | INFO | Speech Profile generated successfully.
2026-07-02 08:58:12,956 | INFO | Building narration...
2026-07-02 08:58:12,957 | INFO | 6 narration blocks generated.
2026-07-02 08:58:12,957 | INFO | Narration exported to D:\Projetos\SpeechAI\output\narration.txt
2026-07-02 08:58:12,958 | INFO | Building speech text...
2026-07-02 08:58:12,959 | INFO | Speech text generated.
2026-07-02 08:58:12,960 | INFO | Speech text exported to D:\Projetos\SpeechAI\output\speech.txt
2026-07-02 08:58:12,960 | INFO | ============================================================
2026-07-02 08:58:12,960 | INFO | Speech Service
2026-07-02 08:58:12,960 | INFO | ============================================================
2026-07-02 08:58:12,963 | INFO | Characters: 7349
2026-07-02 08:58:12,963 | INFO | Provider initialized: Microsoft Edge TTS (Microsoft) v1.1.0
2026-07-02 08:58:12,963 | INFO | Provider: Microsoft Edge TTS (Microsoft) v1.1.0
2026-07-02 08:58:12,965 | INFO | TTS Engine initialized with provider: Microsoft Edge TTS (Microsoft) v1.1.0
2026-07-02 08:58:12,965 | INFO | ============================================================
2026-07-02 08:58:12,965 | INFO | TTS Engine
2026-07-02 08:58:12,965 | INFO | ============================================================
2026-07-02 08:58:12,965 | INFO | Provider.....: EdgeProvider
2026-07-02 08:58:12,965 | INFO | Characters...: 7349
2026-07-02 08:58:12,965 | INFO | Output.......: D:\Projetos\SpeechAI\output\Audio_Governance_SouthAmerica.mp3
2026-07-02 08:58:12,967 | INFO | Generating audio...
2026-07-02 08:58:12,967 | INFO | Voice.....: en-US-GuyNeural
2026-07-02 08:58:12,967 | INFO | Rate......: -5%
2026-07-02 08:58:12,967 | INFO | Pitch.....: +1Hz
2026-07-02 08:58:12,967 | INFO | Volume....: +0%
2026-07-02 08:58:23,279 | INFO | Audio generated successfully.
2026-07-02 08:58:23,281 | INFO | TTS finished successfully.
2026-07-02 08:58:23,281 | INFO | Speech synthesis completed.
2026-07-02 08:58:23,283 | INFO | Pipeline finished
2026-07-02 10:51:33,504 | INFO | Pipeline started
2026-07-02 10:51:33,504 | INFO | Starting Text Analyzer
2026-07-02 10:51:33,504 | INFO | Loading script...
2026-07-02 10:51:33,505 | INFO | Normalizing text...
2026-07-02 10:51:33,505 | INFO | Building Presentation...
2026-07-02 10:51:33,505 | INFO | Detecting slides...
2026-07-02 10:51:33,505 | INFO | Calculating statistics...
2026-07-02 10:51:33,507 | INFO | Text Analyzer completed
2026-07-02 10:51:33,507 | INFO | ============================================================
2026-07-02 10:51:33,507 | INFO | Speech Intelligence Engine
2026-07-02 10:51:33,507 | INFO | ============================================================
2026-07-02 10:51:33,507 | INFO | Detecting language...
2026-07-02 10:51:33,760 | INFO | Language detected: English (100.00%)
2026-07-02 10:51:33,760 | INFO | Language detected: en
2026-07-02 10:51:33,760 | INFO | Selecting voice for language: en
2026-07-02 10:51:33,760 | INFO | Voice selected: en-US-GuyNeural
2026-07-02 10:51:33,761 | INFO | Running Speech Analyzer...
2026-07-02 10:51:33,761 | INFO | Speech Analyzer completed.
2026-07-02 10:51:33,761 | INFO | Calculating speech timing...
2026-07-02 10:51:33,761 | INFO | Complexity..... Low
2026-07-02 10:51:33,761 | INFO | Recommended WPM 150
2026-07-02 10:51:33,762 | INFO | Recommended Rate -5%
2026-07-02 10:51:33,762 | INFO | ============================================================
2026-07-02 10:51:33,762 | INFO | Speech Optimizer
2026-07-02 10:51:33,762 | INFO | ============================================================
2026-07-02 10:51:33,762 | INFO | Voice........ en-US-GuyNeural
2026-07-02 10:51:33,762 | INFO | Rate......... -5%
2026-07-02 10:51:33,762 | INFO | Pitch........ +1Hz
2026-07-02 10:51:33,762 | INFO | Reading...... Conversational
2026-07-02 10:51:33,762 | INFO | Complexity... Low
2026-07-02 10:51:33,762 | INFO | Confidence... 1.00
2026-07-02 10:51:33,762 | INFO | Speech Profile generated successfully.
2026-07-02 10:51:33,763 | INFO | Building narration...
2026-07-02 10:51:33,763 | INFO | 6 narration blocks generated.
2026-07-02 10:51:33,764 | INFO | Narration exported to D:\Laboratorio de IA\Texto_Audio\output\narration.txt
2026-07-02 10:51:33,764 | INFO | Building speech text...
2026-07-02 10:51:33,765 | INFO | Speech text generated.
2026-07-02 10:51:33,766 | INFO | Speech text exported to D:\Laboratorio de IA\Texto_Audio\output\speech.txt
2026-07-02 10:51:33,766 | INFO | ============================================================
2026-07-02 10:51:33,766 | INFO | Speech Service
2026-07-02 10:51:33,766 | INFO | ============================================================
2026-07-02 10:51:33,766 | INFO | Characters: 7349
2026-07-02 10:51:33,766 | INFO | Provider initialized: Microsoft Edge TTS (Microsoft) v1.1.0
2026-07-02 10:51:33,766 | INFO | Provider: Microsoft Edge TTS (Microsoft) v1.1.0
2026-07-02 10:51:33,766 | INFO | TTS Engine initialized with provider: Microsoft Edge TTS (Microsoft) v1.1.0
2026-07-02 10:51:33,766 | INFO | ============================================================
2026-07-02 10:51:33,766 | INFO | TTS Engine
2026-07-02 10:51:33,766 | INFO | ============================================================
2026-07-02 10:51:33,766 | INFO | Provider.....: EdgeProvider
2026-07-02 10:51:33,766 | INFO | Characters...: 7349
2026-07-02 10:51:33,766 | INFO | Output.......: D:\Laboratorio de IA\Texto_Audio\output\Audio_Governance_SouthAmerica.mp3
2026-07-02 10:51:33,769 | INFO | Generating audio...
2026-07-02 10:51:33,771 | INFO | Voice.....: en-US-GuyNeural
2026-07-02 10:51:33,771 | INFO | Rate......: -5%
2026-07-02 10:51:33,771 | INFO | Pitch.....: +1Hz
2026-07-02 10:51:33,771 | INFO | Volume....: +0%
2026-07-02 10:51:39,547 | INFO | Audio generated successfully.
2026-07-02 10:51:39,549 | INFO | TTS finished successfully.
2026-07-02 10:51:39,549 | INFO | Speech synthesis completed.
2026-07-02 10:51:39,550 | INFO | Pipeline finished
2026-07-02 11:32:40,888 | INFO | Pipeline started
2026-07-02 11:32:40,888 | INFO | Starting Text Analyzer
2026-07-02 11:32:40,888 | INFO | Loading script...
2026-07-02 11:32:40,889 | INFO | Normalizing text...
2026-07-02 11:32:40,890 | INFO | Building Presentation...
2026-07-02 11:32:40,890 | INFO | Detecting slides...
2026-07-02 11:32:40,891 | INFO | Calculating statistics...
2026-07-02 11:32:40,891 | INFO | Text Analyzer completed
2026-07-02 11:32:40,891 | INFO | ============================================================
2026-07-02 11:32:40,891 | INFO | Speech Intelligence Engine
2026-07-02 11:32:40,891 | INFO | ============================================================
2026-07-02 11:32:40,892 | INFO | Detecting language...
2026-07-02 11:32:41,138 | INFO | Language detected: English (100.00%)
2026-07-02 11:32:41,138 | INFO | Language detected: en
2026-07-02 11:32:41,138 | INFO | Selecting voice for language: en
2026-07-02 11:32:41,138 | INFO | Voice selected: en-US-GuyNeural
2026-07-02 11:32:41,138 | INFO | Running Speech Analyzer...
2026-07-02 11:32:41,139 | INFO | Speech Analyzer completed.
2026-07-02 11:32:41,139 | INFO | Calculating speech timing...
2026-07-02 11:32:41,139 | INFO | Complexity..... Low
2026-07-02 11:32:41,139 | INFO | Recommended WPM 150
2026-07-02 11:32:41,139 | INFO | Recommended Rate -5%
2026-07-02 11:32:41,139 | INFO | ============================================================
2026-07-02 11:32:41,139 | INFO | Speech Optimizer
2026-07-02 11:32:41,139 | INFO | ============================================================
2026-07-02 11:32:41,139 | INFO | Voice........ en-US-GuyNeural
2026-07-02 11:32:41,140 | INFO | Rate......... -5%
2026-07-02 11:32:41,140 | INFO | Pitch........ +1Hz
2026-07-02 11:32:41,140 | INFO | Reading...... Conversational
2026-07-02 11:32:41,140 | INFO | Complexity... Low
2026-07-02 11:32:41,140 | INFO | Confidence... 1.00
2026-07-02 11:32:41,140 | INFO | Speech Profile generated successfully.
2026-07-02 11:32:41,141 | INFO | Building narration...
2026-07-02 11:32:41,141 | INFO | 6 narration blocks generated.
2026-07-02 11:32:41,142 | INFO | Narration exported to D:\Laboratorio de IA\Texto_Audio\output\narration.txt
2026-07-02 11:32:41,142 | INFO | Building speech text...
2026-07-02 11:32:41,143 | INFO | Speech text generated.
2026-07-02 11:32:41,145 | INFO | Speech text exported to D:\Laboratorio de IA\Texto_Audio\output\speech.txt
2026-07-02 11:32:41,145 | INFO | ============================================================
2026-07-02 11:32:41,145 | INFO | Speech Service
2026-07-02 11:32:41,145 | INFO | ============================================================
2026-07-02 11:32:41,146 | INFO | Characters: 7349
2026-07-02 11:32:41,146 | INFO | Provider initialized: Microsoft Edge TTS (Microsoft) v1.1.0
2026-07-02 11:32:41,146 | INFO | Provider: Microsoft Edge TTS (Microsoft) v1.1.0
2026-07-02 11:32:41,146 | INFO | TTS Engine initialized with provider: Microsoft Edge TTS (Microsoft) v1.1.0
2026-07-02 11:32:41,146 | INFO | ============================================================
2026-07-02 11:32:41,146 | INFO | TTS Engine
2026-07-02 11:32:41,146 | INFO | ============================================================
2026-07-02 11:32:41,146 | INFO | Provider.....: EdgeProvider
2026-07-02 11:32:41,146 | INFO | Characters...: 7349
2026-07-02 11:32:41,146 | INFO | Output.......: D:\Laboratorio de IA\Texto_Audio\output\Audio_Governance_SouthAmerica.mp3
2026-07-02 11:32:41,149 | INFO | Generating audio...
2026-07-02 11:32:41,150 | INFO | Voice.....: en-US-GuyNeural
2026-07-02 11:32:41,150 | INFO | Rate......: -5%
2026-07-02 11:32:41,150 | INFO | Pitch.....: +1Hz
2026-07-02 11:32:41,150 | INFO | Volume....: +0%
2026-07-02 11:32:46,673 | INFO | Audio generated successfully.
2026-07-02 11:32:46,675 | INFO | TTS finished successfully.
2026-07-02 11:32:46,676 | INFO | Speech synthesis completed.
2026-07-02 11:32:46,676 | INFO | Pipeline finished
2026-07-02 14:10:57,042 | INFO | Pipeline started
2026-07-02 14:10:57,042 | INFO | Starting Text Analyzer
2026-07-02 14:10:57,042 | INFO | Loading script...
2026-07-02 14:10:57,042 | INFO | Normalizing text...
2026-07-02 14:10:57,049 | INFO | Building Presentation...
2026-07-02 14:10:57,049 | INFO | Detecting slides...
2026-07-02 14:10:57,049 | INFO | Calculating statistics...
2026-07-02 14:10:57,051 | INFO | Text Analyzer completed
2026-07-02 14:10:57,051 | INFO | ============================================================
2026-07-02 14:10:57,051 | INFO | Speech Intelligence Engine
2026-07-02 14:10:57,051 | INFO | ============================================================
2026-07-02 14:10:57,051 | INFO | Detecting language...
2026-07-02 14:10:57,405 | INFO | Language detected: English (100.00%)
2026-07-02 14:10:57,405 | INFO | Language detected: en
2026-07-02 14:10:57,405 | INFO | Selecting voice for language: en
2026-07-02 14:10:57,405 | INFO | Voice selected: en-US-GuyNeural
2026-07-02 14:10:57,405 | INFO | Running Speech Analyzer...
2026-07-02 14:10:57,405 | INFO | Speech Analyzer completed.
2026-07-02 14:10:57,405 | INFO | Calculating speech timing...
2026-07-02 14:10:57,405 | INFO | Complexity..... Low
2026-07-02 14:10:57,405 | INFO | Recommended WPM 150
2026-07-02 14:10:57,405 | INFO | Recommended Rate -5%
2026-07-02 14:10:57,405 | INFO | ============================================================
2026-07-02 14:10:57,405 | INFO | Speech Optimizer
2026-07-02 14:10:57,405 | INFO | ============================================================
2026-07-02 14:10:57,405 | INFO | Voice........ en-US-GuyNeural
2026-07-02 14:10:57,405 | INFO | Rate......... -5%
2026-07-02 14:10:57,405 | INFO | Pitch........ +1Hz
2026-07-02 14:10:57,405 | INFO | Reading...... Business
2026-07-02 14:10:57,405 | INFO | Complexity... Low
2026-07-02 14:10:57,405 | INFO | Confidence... 1.00
2026-07-02 14:10:57,405 | INFO | Speech Profile generated successfully.
2026-07-02 14:10:57,405 | INFO | Building narration...
2026-07-02 14:10:57,408 | INFO | 1 narration blocks generated.
2026-07-02 14:10:57,408 | INFO | Narration exported to D:\Laboratorio de IA\Speech-AI\output\narration.txt
2026-07-02 14:10:57,408 | INFO | Building speech text...
2026-07-02 14:10:57,408 | INFO | Speech text generated.
2026-07-02 14:10:57,412 | INFO | Speech text exported to D:\Laboratorio de IA\Speech-AI\output\speech.txt
2026-07-02 14:10:57,412 | INFO | ============================================================
2026-07-02 14:10:57,412 | INFO | Speech Service
2026-07-02 14:10:57,412 | INFO | ============================================================
2026-07-02 14:10:57,412 | INFO | Characters: 4703
2026-07-02 14:10:57,412 | INFO | Provider initialized: Microsoft Edge TTS (Microsoft) v1.1.0
2026-07-02 14:10:57,412 | INFO | Provider: Microsoft Edge TTS (Microsoft) v1.1.0
2026-07-02 14:10:57,412 | INFO | TTS Engine initialized with provider: Microsoft Edge TTS (Microsoft) v1.1.0
2026-07-02 14:10:57,412 | INFO | ============================================================
2026-07-02 14:10:57,412 | INFO | TTS Engine
2026-07-02 14:10:57,412 | INFO | ============================================================
2026-07-02 14:10:57,412 | INFO | Provider.....: EdgeProvider
2026-07-02 14:10:57,412 | INFO | Characters...: 4703
2026-07-02 14:10:57,412 | INFO | Output.......: D:\Laboratorio de IA\Speech-AI\output\Audio_Governance_SouthAmerica.mp3
2026-07-02 14:10:57,417 | INFO | Generating audio...
2026-07-02 14:10:57,417 | INFO | Voice.....: en-US-GuyNeural
2026-07-02 14:10:57,417 | INFO | Rate......: -5%
2026-07-02 14:10:57,417 | INFO | Pitch.....: +1Hz
2026-07-02 14:10:57,417 | INFO | Volume....: +0%
2026-07-02 14:11:27,826 | INFO | Audio generated successfully.
2026-07-02 14:11:27,829 | INFO | TTS finished successfully.
2026-07-02 14:11:27,829 | INFO | Speech synthesis completed.
2026-07-02 14:11:27,832 | INFO | Pipeline finished
2026-07-02 14:19:30,813 | INFO | Pipeline started
2026-07-02 14:19:30,813 | INFO | Starting Text Analyzer
2026-07-02 14:19:30,813 | INFO | Loading script...
2026-07-02 14:19:30,813 | INFO | Normalizing text...
2026-07-02 14:19:30,813 | INFO | Building Presentation...
2026-07-02 14:19:30,813 | INFO | Detecting slides...
2026-07-02 14:19:30,813 | INFO | Calculating statistics...
2026-07-02 14:19:30,825 | INFO | Text Analyzer completed
2026-07-02 14:19:30,825 | INFO | ============================================================
2026-07-02 14:19:30,825 | INFO | Speech Intelligence Engine
2026-07-02 14:19:30,825 | INFO | ============================================================
2026-07-02 14:19:30,825 | INFO | Detecting language...
2026-07-02 14:19:31,109 | INFO | Language detected: English (100.00%)
2026-07-02 14:19:31,109 | INFO | Language detected: en
2026-07-02 14:19:31,109 | INFO | Selecting voice for language: en
2026-07-02 14:19:31,109 | INFO | Voice selected: en-US-GuyNeural
2026-07-02 14:19:31,109 | INFO | Running Speech Analyzer...
2026-07-02 14:19:31,109 | INFO | Speech Analyzer completed.
2026-07-02 14:19:31,109 | INFO | Calculating speech timing...
2026-07-02 14:19:31,109 | INFO | Complexity..... Low
2026-07-02 14:19:31,109 | INFO | Recommended WPM 150
2026-07-02 14:19:31,109 | INFO | Recommended Rate -5%
2026-07-02 14:19:31,109 | INFO | ============================================================
2026-07-02 14:19:31,109 | INFO | Speech Optimizer
2026-07-02 14:19:31,109 | INFO | ============================================================
2026-07-02 14:19:31,109 | INFO | Voice........ en-US-GuyNeural
2026-07-02 14:19:31,109 | INFO | Rate......... -5%
2026-07-02 14:19:31,109 | INFO | Pitch........ +1Hz
2026-07-02 14:19:31,109 | INFO | Reading...... Conversational
2026-07-02 14:19:31,109 | INFO | Complexity... Low
2026-07-02 14:19:31,109 | INFO | Confidence... 1.00
2026-07-02 14:19:31,109 | INFO | Speech Profile generated successfully.
2026-07-02 14:19:31,109 | INFO | Building narration...
2026-07-02 14:19:31,109 | INFO | 1 narration blocks generated.
2026-07-02 14:19:31,109 | INFO | Narration exported to D:\Laboratorio de IA\Speech-AI\output\narration.txt
2026-07-02 14:19:31,109 | INFO | Building speech text...
2026-07-02 14:19:31,109 | INFO | Speech text generated.
2026-07-02 14:19:31,109 | INFO | Speech text exported to D:\Laboratorio de IA\Speech-AI\output\speech.txt
2026-07-02 14:19:31,109 | INFO | ============================================================
2026-07-02 14:19:31,109 | INFO | Speech Service
2026-07-02 14:19:31,109 | INFO | ============================================================
2026-07-02 14:19:31,109 | INFO | Characters: 6362
2026-07-02 14:19:31,109 | INFO | Provider initialized: Microsoft Edge TTS (Microsoft) v1.1.0
2026-07-02 14:19:31,109 | INFO | Provider: Microsoft Edge TTS (Microsoft) v1.1.0
2026-07-02 14:19:31,109 | INFO | TTS Engine initialized with provider: Microsoft Edge TTS (Microsoft) v1.1.0
2026-07-02 14:19:31,109 | INFO | ============================================================
2026-07-02 14:19:31,109 | INFO | TTS Engine
2026-07-02 14:19:31,109 | INFO | ============================================================
2026-07-02 14:19:31,109 | INFO | Provider.....: EdgeProvider
2026-07-02 14:19:31,109 | INFO | Characters...: 6362
2026-07-02 14:19:31,109 | INFO | Output.......: D:\Laboratorio de IA\Speech-AI\output\Audio_Governance_SouthAmerica.mp3
2026-07-02 14:19:31,119 | INFO | Generating audio...
2026-07-02 14:19:31,119 | INFO | Voice.....: en-US-GuyNeural
2026-07-02 14:19:31,119 | INFO | Rate......: -5%
2026-07-02 14:19:31,119 | INFO | Pitch.....: +1Hz
2026-07-02 14:19:31,119 | INFO | Volume....: +0%
2026-07-02 14:20:12,986 | INFO | Audio generated successfully.
2026-07-02 14:20:12,986 | INFO | TTS finished successfully.
2026-07-02 14:20:12,986 | INFO | Speech synthesis completed.
2026-07-02 14:20:12,991 | INFO | Pipeline finished
2026-07-02 15:21:01,454 | INFO | Pipeline started
2026-07-02 15:21:01,455 | INFO | Starting Text Analyzer
2026-07-02 15:21:01,455 | INFO | Loading script...
2026-07-02 15:21:01,455 | INFO | Normalizing text...
2026-07-02 15:21:01,456 | INFO | Building Presentation...
2026-07-02 15:21:01,456 | INFO | Detecting slides...
2026-07-02 15:21:01,456 | INFO | Calculating statistics...
2026-07-02 15:21:01,457 | INFO | Text Analyzer completed
2026-07-02 15:21:01,457 | INFO | ============================================================
2026-07-02 15:21:01,457 | INFO | Speech Intelligence Engine
2026-07-02 15:21:01,457 | INFO | ============================================================
2026-07-02 15:21:01,457 | INFO | Detecting language...
2026-07-02 15:21:01,676 | INFO | Language detected: English (100.00%)
2026-07-02 15:21:01,676 | INFO | Language detected: en
2026-07-02 15:21:01,676 | INFO | Selecting voice for language: en
2026-07-02 15:21:01,676 | INFO | Voice selected: en-US-GuyNeural
2026-07-02 15:21:01,676 | INFO | Running Speech Analyzer...
2026-07-02 15:21:01,677 | INFO | Speech Analyzer completed.
2026-07-02 15:21:01,677 | INFO | Calculating speech timing...
2026-07-02 15:21:01,677 | INFO | Complexity..... Low
2026-07-02 15:21:01,677 | INFO | Recommended WPM 150
2026-07-02 15:21:01,677 | INFO | Recommended Rate -5%
2026-07-02 15:21:01,677 | INFO | ============================================================
2026-07-02 15:21:01,677 | INFO | Speech Optimizer
2026-07-02 15:21:01,677 | INFO | ============================================================
2026-07-02 15:21:01,677 | INFO | Voice........ en-US-GuyNeural
2026-07-02 15:21:01,677 | INFO | Rate......... -5%
2026-07-02 15:21:01,677 | INFO | Pitch........ +1Hz
2026-07-02 15:21:01,677 | INFO | Reading...... Conversational
2026-07-02 15:21:01,677 | INFO | Complexity... Low
2026-07-02 15:21:01,677 | INFO | Confidence... 1.00
2026-07-02 15:21:01,677 | INFO | Speech Profile generated successfully.
2026-07-02 15:21:01,678 | INFO | Building narration...
2026-07-02 15:21:01,679 | INFO | 1 narration blocks generated.
2026-07-02 15:21:01,680 | INFO | Narration exported to D:\Laboratorio de IA\Speech-AI\output\narration.txt
2026-07-02 15:21:01,680 | INFO | Building speech text...
2026-07-02 15:21:01,680 | INFO | Speech text generated.
2026-07-02 15:21:01,681 | INFO | Speech text exported to D:\Laboratorio de IA\Speech-AI\output\speech.txt
2026-07-02 15:21:01,681 | INFO | ============================================================
2026-07-02 15:21:01,681 | INFO | Speech Service
2026-07-02 15:21:01,681 | INFO | ============================================================
2026-07-02 15:21:01,682 | INFO | Characters: 6362
2026-07-02 15:21:01,682 | INFO | Provider initialized: Microsoft Edge TTS (Microsoft) v1.1.0
2026-07-02 15:21:01,682 | INFO | Provider: Microsoft Edge TTS (Microsoft) v1.1.0
2026-07-02 15:21:01,682 | INFO | TTS Engine initialized with provider: Microsoft Edge TTS (Microsoft) v1.1.0
2026-07-02 15:21:01,682 | INFO | ============================================================
2026-07-02 15:21:01,682 | INFO | TTS Engine
2026-07-02 15:21:01,682 | INFO | ============================================================
2026-07-02 15:21:01,682 | INFO | Provider.....: EdgeProvider
2026-07-02 15:21:01,682 | INFO | Characters...: 6362
2026-07-02 15:21:01,682 | INFO | Output.......: D:\Laboratorio de IA\Speech-AI\output\Audio_Governance_SouthAmerica.mp3
2026-07-02 15:21:01,690 | INFO | Generating audio...
2026-07-02 15:21:01,690 | INFO | Voice.....: en-US-GuyNeural
2026-07-02 15:21:01,690 | INFO | Rate......: -5%
2026-07-02 15:21:01,690 | INFO | Pitch.....: +1Hz
2026-07-02 15:21:01,690 | INFO | Volume....: +0%
2026-07-02 15:21:07,430 | INFO | Audio generated successfully.
2026-07-02 15:21:07,432 | INFO | TTS finished successfully.
2026-07-02 15:21:07,432 | INFO | Speech synthesis completed.
2026-07-02 15:21:07,433 | INFO | Pipeline finished
2026-07-02 15:24:38,991 | INFO | Pipeline started
2026-07-02 15:24:38,991 | INFO | Starting Text Analyzer
2026-07-02 15:24:38,991 | INFO | Loading script...
2026-07-02 15:24:38,992 | INFO | Normalizing text...
2026-07-02 15:24:38,992 | INFO | Building Presentation...
2026-07-02 15:24:38,992 | INFO | Detecting slides...
2026-07-02 15:24:38,993 | INFO | Calculating statistics...
2026-07-02 15:24:38,993 | INFO | Text Analyzer completed
2026-07-02 15:24:38,993 | INFO | ============================================================
2026-07-02 15:24:38,993 | INFO | Speech Intelligence Engine
2026-07-02 15:24:38,993 | INFO | ============================================================
2026-07-02 15:24:38,993 | INFO | Detecting language...
2026-07-02 15:24:39,188 | INFO | Language detected: English (100.00%)
2026-07-02 15:24:39,188 | INFO | Language detected: en
2026-07-02 15:24:39,188 | INFO | Selecting voice for language: en
2026-07-02 15:24:39,188 | INFO | Voice selected: en-US-GuyNeural
2026-07-02 15:24:39,188 | INFO | Running Speech Analyzer...
2026-07-02 15:24:39,189 | INFO | Speech Analyzer completed.
2026-07-02 15:24:39,189 | INFO | Calculating speech timing...
2026-07-02 15:24:39,189 | INFO | Complexity..... Low
2026-07-02 15:24:39,189 | INFO | Recommended WPM 150
2026-07-02 15:24:39,189 | INFO | Recommended Rate -5%
2026-07-02 15:24:39,189 | INFO | ============================================================
2026-07-02 15:24:39,189 | INFO | Speech Optimizer
2026-07-02 15:24:39,189 | INFO | ============================================================
2026-07-02 15:24:39,189 | INFO | Voice........ en-US-GuyNeural
2026-07-02 15:24:39,189 | INFO | Rate......... -5%
2026-07-02 15:24:39,189 | INFO | Pitch........ +1Hz
2026-07-02 15:24:39,189 | INFO | Reading...... Conversational
2026-07-02 15:24:39,189 | INFO | Complexity... Low
2026-07-02 15:24:39,190 | INFO | Confidence... 1.00
2026-07-02 15:24:39,190 | INFO | Speech Profile generated successfully.
2026-07-02 15:24:39,190 | INFO | Building narration...
2026-07-02 15:24:39,191 | INFO | 1 narration blocks generated.
2026-07-02 15:24:39,192 | INFO | Narration exported to D:\Laboratorio de IA\Speech-AI\output\narration.txt
2026-07-02 15:24:39,192 | INFO | Building speech text...
2026-07-02 15:24:39,192 | INFO | Speech text generated.
2026-07-02 15:24:39,193 | INFO | Speech text exported to D:\Laboratorio de IA\Speech-AI\output\speech.txt
2026-07-02 15:24:39,193 | INFO | ============================================================
2026-07-02 15:24:39,194 | INFO | Speech Service
2026-07-02 15:24:39,194 | INFO | ============================================================
2026-07-02 15:24:39,194 | INFO | Characters: 6362
2026-07-02 15:24:39,194 | INFO | Provider initialized: Microsoft Edge TTS (Microsoft) v1.1.0
2026-07-02 15:24:39,194 | INFO | Provider: Microsoft Edge TTS (Microsoft) v1.1.0
2026-07-02 15:24:39,194 | INFO | TTS Engine initialized with provider: Microsoft Edge TTS (Microsoft) v1.1.0
2026-07-02 15:24:39,194 | INFO | ============================================================
2026-07-02 15:24:39,194 | INFO | TTS Engine
2026-07-02 15:24:39,194 | INFO | ============================================================
2026-07-02 15:24:39,194 | INFO | Provider.....: EdgeProvider
2026-07-02 15:24:39,194 | INFO | Characters...: 6362
2026-07-02 15:24:39,194 | INFO | Output.......: D:\Laboratorio de IA\Speech-AI\output\Audio_Governance_SouthAmerica.mp3
2026-07-02 15:24:39,196 | INFO | Generating audio...
2026-07-02 15:24:39,196 | INFO | Voice.....: en-US-GuyNeural
2026-07-02 15:24:39,196 | INFO | Rate......: -5%
2026-07-02 15:24:39,196 | INFO | Pitch.....: +1Hz
2026-07-02 15:24:39,196 | INFO | Volume....: +0%
2026-07-02 15:24:44,413 | INFO | Audio generated successfully.
2026-07-02 15:24:44,417 | INFO | TTS finished successfully.
2026-07-02 15:24:44,417 | INFO | Speech synthesis completed.
2026-07-02 15:24:44,417 | INFO | Pipeline finished
2026-07-02 15:30:05,731 | INFO | Pipeline started
2026-07-02 15:30:05,731 | INFO | Starting Text Analyzer
2026-07-02 15:30:05,731 | INFO | Loading script...
2026-07-02 15:30:05,731 | INFO | Normalizing text...
2026-07-02 15:30:05,732 | INFO | Building Presentation...
2026-07-02 15:30:05,732 | INFO | Detecting slides...
2026-07-02 15:30:05,732 | INFO | Calculating statistics...
2026-07-02 15:30:05,733 | INFO | Text Analyzer completed
2026-07-02 15:30:05,733 | INFO | ============================================================
2026-07-02 15:30:05,733 | INFO | Speech Intelligence Engine
2026-07-02 15:30:05,733 | INFO | ============================================================
2026-07-02 15:30:05,733 | INFO | Detecting language...
2026-07-02 15:30:05,922 | INFO | Language detected: English (100.00%)
2026-07-02 15:30:05,922 | INFO | Language detected: en
2026-07-02 15:30:05,922 | INFO | Selecting voice for language: en
2026-07-02 15:30:05,922 | INFO | Voice selected: en-US-GuyNeural
2026-07-02 15:30:05,922 | INFO | Running Speech Analyzer...
2026-07-02 15:30:05,922 | INFO | Speech Analyzer completed.
2026-07-02 15:30:05,922 | INFO | Calculating speech timing...
2026-07-02 15:30:05,922 | INFO | Complexity..... Low
2026-07-02 15:30:05,922 | INFO | Recommended WPM 150
2026-07-02 15:30:05,922 | INFO | Recommended Rate -5%
2026-07-02 15:30:05,922 | INFO | ============================================================
2026-07-02 15:30:05,922 | INFO | Speech Optimizer
2026-07-02 15:30:05,923 | INFO | ============================================================
2026-07-02 15:30:05,923 | INFO | Voice........ en-US-GuyNeural
2026-07-02 15:30:05,923 | INFO | Rate......... -5%
2026-07-02 15:30:05,923 | INFO | Pitch........ +1Hz
2026-07-02 15:30:05,923 | INFO | Reading...... Conversational
2026-07-02 15:30:05,923 | INFO | Complexity... Low
2026-07-02 15:30:05,923 | INFO | Confidence... 1.00
2026-07-02 15:30:05,923 | INFO | Speech Profile generated successfully.
2026-07-02 15:30:05,924 | INFO | Building narration...
2026-07-02 15:30:05,924 | INFO | 1 narration blocks generated.
2026-07-02 15:30:05,925 | INFO | Narration exported to D:\Laboratorio de IA\Speech-AI\output\narration.txt
2026-07-02 15:30:05,925 | INFO | Building speech text...
2026-07-02 15:30:05,926 | INFO | Speech text generated.
2026-07-02 15:30:05,926 | INFO | Speech text exported to D:\Laboratorio de IA\Speech-AI\output\speech.txt
2026-07-02 15:30:05,927 | INFO | ============================================================
2026-07-02 15:30:05,927 | INFO | Speech Service
2026-07-02 15:30:05,927 | INFO | ============================================================
2026-07-02 15:30:05,927 | INFO | Characters: 6362
2026-07-02 15:30:05,927 | INFO | Provider initialized: Microsoft Edge TTS (Microsoft) v1.1.0
2026-07-02 15:30:05,927 | INFO | Provider: Microsoft Edge TTS (Microsoft) v1.1.0
2026-07-02 15:30:05,927 | INFO | TTS Engine initialized with provider: Microsoft Edge TTS (Microsoft) v1.1.0
2026-07-02 15:30:05,927 | INFO | ============================================================
2026-07-02 15:30:05,927 | INFO | TTS Engine
2026-07-02 15:30:05,927 | INFO | ============================================================
2026-07-02 15:30:05,927 | INFO | Provider.....: EdgeProvider
2026-07-02 15:30:05,927 | INFO | Characters...: 6362
2026-07-02 15:30:05,927 | INFO | Output.......: D:\Laboratorio de IA\Speech-AI\output\Audio_Governance_SouthAmerica.mp3
2026-07-02 15:30:05,929 | INFO | Generating audio...
2026-07-02 15:30:05,929 | INFO | Voice.....: en-US-GuyNeural
2026-07-02 15:30:05,929 | INFO | Rate......: -5%
2026-07-02 15:30:05,929 | INFO | Pitch.....: +1Hz
2026-07-02 15:30:05,929 | INFO | Volume....: +0%
2026-07-02 15:30:10,924 | INFO | Audio generated successfully.
2026-07-02 15:30:10,927 | INFO | TTS finished successfully.
2026-07-02 15:30:10,927 | INFO | Speech synthesis completed.
2026-07-02 15:30:10,927 | INFO | Pipeline finished
2026-07-02 17:33:59,434 | INFO | Pipeline started
2026-07-02 17:33:59,434 | INFO | Starting Text Analyzer
2026-07-02 17:33:59,434 | INFO | Loading script...
2026-07-02 17:33:59,434 | INFO | Normalizing text...
2026-07-02 17:33:59,434 | INFO | Building Presentation...
2026-07-02 17:33:59,434 | INFO | Detecting slides...
2026-07-02 17:33:59,434 | INFO | Calculating statistics...
2026-07-02 17:33:59,434 | INFO | Text Analyzer completed
2026-07-02 17:33:59,434 | INFO | ============================================================
2026-07-02 17:33:59,434 | INFO | Speech Intelligence Engine
2026-07-02 17:33:59,434 | INFO | ============================================================
2026-07-02 17:33:59,434 | INFO | Detecting language...
2026-07-02 17:33:59,647 | INFO | Language detected: English (100.00%)
2026-07-02 17:33:59,647 | INFO | Language detected: en
2026-07-02 17:33:59,647 | INFO | Selecting voice for language: en
2026-07-02 17:33:59,647 | INFO | Voice selected: en-US-GuyNeural
2026-07-02 17:33:59,647 | INFO | Running Speech Analyzer...
2026-07-02 17:33:59,647 | INFO | Speech Analyzer completed.
2026-07-02 17:33:59,647 | INFO | Calculating speech timing...
2026-07-02 17:33:59,647 | INFO | Complexity..... Low
2026-07-02 17:33:59,647 | INFO | Recommended WPM 150
2026-07-02 17:33:59,647 | INFO | Recommended Rate -5%
2026-07-02 17:33:59,647 | INFO | ============================================================
2026-07-02 17:33:59,647 | INFO | Speech Optimizer
2026-07-02 17:33:59,647 | INFO | ============================================================
2026-07-02 17:33:59,647 | INFO | Voice........ en-US-GuyNeural
2026-07-02 17:33:59,647 | INFO | Rate......... -5%
2026-07-02 17:33:59,647 | INFO | Pitch........ +1Hz
2026-07-02 17:33:59,647 | INFO | Reading...... Conversational
2026-07-02 17:33:59,647 | INFO | Complexity... Low
2026-07-02 17:33:59,647 | INFO | Confidence... 1.00
2026-07-02 17:33:59,647 | INFO | Speech Profile generated successfully.
2026-07-02 17:33:59,647 | INFO | Building narration...
2026-07-02 17:33:59,647 | INFO | 1 narration blocks generated.
2026-07-02 17:33:59,647 | INFO | Narration exported to D:\Laboratorio de IA\Speech-AI\output\narration.txt
2026-07-02 17:33:59,647 | INFO | Building speech text...
2026-07-02 17:33:59,663 | INFO | Speech text generated.
2026-07-02 17:33:59,663 | INFO | Speech text exported to D:\Laboratorio de IA\Speech-AI\output\speech.txt
2026-07-02 17:33:59,663 | INFO | ============================================================
2026-07-02 17:33:59,663 | INFO | Speech Service
2026-07-02 17:33:59,663 | INFO | ============================================================
2026-07-02 17:33:59,663 | INFO | Characters: 6362
2026-07-02 17:33:59,663 | INFO | Provider initialized: Microsoft Edge TTS (Microsoft) v1.1.0
2026-07-02 17:33:59,663 | INFO | Provider: Microsoft Edge TTS (Microsoft) v1.1.0
2026-07-02 17:33:59,663 | INFO | TTS Engine initialized with provider: Microsoft Edge TTS (Microsoft) v1.1.0
2026-07-02 17:33:59,663 | INFO | ============================================================
2026-07-02 17:33:59,663 | INFO | TTS Engine
2026-07-02 17:33:59,663 | INFO | ============================================================
2026-07-02 17:33:59,663 | INFO | Provider.....: EdgeProvider
2026-07-02 17:33:59,663 | INFO | Characters...: 6362
2026-07-02 17:33:59,663 | INFO | Output.......: D:\Laboratorio de IA\Speech-AI\output\Audio_Governance_SouthAmerica.mp3
2026-07-02 17:33:59,663 | INFO | Generating audio...
2026-07-02 17:33:59,663 | INFO | Voice.....: en-US-GuyNeural
2026-07-02 17:33:59,663 | INFO | Rate......: -5%
2026-07-02 17:33:59,663 | INFO | Pitch.....: +1Hz
2026-07-02 17:33:59,663 | INFO | Volume....: +0%
2026-07-02 17:34:05,247 | INFO | Audio generated successfully.
2026-07-02 17:34:05,251 | INFO | TTS finished successfully.
2026-07-02 17:34:05,251 | INFO | Speech synthesis completed.
2026-07-02 17:34:05,251 | INFO | Pipeline finished
2026-07-02 17:37:48,646 | INFO | Pipeline started
2026-07-02 17:37:48,646 | INFO | Starting Text Analyzer
2026-07-02 17:37:48,646 | INFO | Loading script...
2026-07-02 17:37:48,646 | INFO | Normalizing text...
2026-07-02 17:37:48,646 | INFO | Building Presentation...
2026-07-02 17:37:48,646 | INFO | Detecting slides...
2026-07-02 17:37:48,648 | INFO | Calculating statistics...
2026-07-02 17:37:48,648 | INFO | Text Analyzer completed
2026-07-02 17:37:48,648 | INFO | ============================================================
2026-07-02 17:37:48,648 | INFO | Speech Intelligence Engine
2026-07-02 17:37:48,648 | INFO | ============================================================
2026-07-02 17:37:48,648 | INFO | Detecting language...
2026-07-02 17:37:48,844 | INFO | Language detected: English (100.00%)
2026-07-02 17:37:48,846 | INFO | Language detected: en
2026-07-02 17:37:48,846 | INFO | Selecting voice for language: en
2026-07-02 17:37:48,846 | INFO | Voice selected: en-US-GuyNeural
2026-07-02 17:37:48,846 | INFO | Running Speech Analyzer...
2026-07-02 17:37:48,846 | INFO | Speech Analyzer completed.
2026-07-02 17:37:48,846 | INFO | Calculating speech timing...
2026-07-02 17:37:48,846 | INFO | Complexity..... Low
2026-07-02 17:37:48,846 | INFO | Recommended WPM 150
2026-07-02 17:37:48,846 | INFO | Recommended Rate -5%
2026-07-02 17:37:48,846 | INFO | ============================================================
2026-07-02 17:37:48,846 | INFO | Speech Optimizer
2026-07-02 17:37:48,846 | INFO | ============================================================
2026-07-02 17:37:48,846 | INFO | Voice........ en-US-GuyNeural
2026-07-02 17:37:48,846 | INFO | Rate......... -5%
2026-07-02 17:37:48,846 | INFO | Pitch........ +1Hz
2026-07-02 17:37:48,846 | INFO | Reading...... Conversational
2026-07-02 17:37:48,846 | INFO | Complexity... Low
2026-07-02 17:37:48,846 | INFO | Confidence... 1.00
2026-07-02 17:37:48,846 | INFO | Speech Profile generated successfully.
2026-07-02 17:37:48,846 | INFO | Building narration...
2026-07-02 17:37:48,846 | INFO | 1 narration blocks generated.
2026-07-02 17:37:48,846 | INFO | Narration exported to D:\Laboratorio de IA\Speech-AI\output\narration.txt
2026-07-02 17:37:48,846 | INFO | Building speech text...
2026-07-02 17:37:48,846 | INFO | Speech text generated.
2026-07-02 17:37:48,846 | INFO | Speech text exported to D:\Laboratorio de IA\Speech-AI\output\speech.txt
2026-07-02 17:37:48,846 | INFO | ============================================================
2026-07-02 17:37:48,846 | INFO | Speech Service
2026-07-02 17:37:48,846 | INFO | ============================================================
2026-07-02 17:37:48,846 | INFO | Characters: 6362
2026-07-02 17:40:20,394 | INFO | Pipeline started
2026-07-02 17:40:20,394 | INFO | Starting Text Analyzer
2026-07-02 17:40:20,394 | INFO | Loading script...
2026-07-02 17:40:20,394 | INFO | Normalizing text...
2026-07-02 17:40:20,394 | INFO | Building Presentation...
2026-07-02 17:40:20,394 | INFO | Detecting slides...
2026-07-02 17:40:20,394 | INFO | Calculating statistics...
2026-07-02 17:40:20,394 | INFO | Text Analyzer completed
2026-07-02 17:40:20,394 | INFO | ============================================================
2026-07-02 17:40:20,394 | INFO | Speech Intelligence Engine
2026-07-02 17:40:20,394 | INFO | ============================================================
2026-07-02 17:40:20,394 | INFO | Detecting language...
2026-07-02 17:40:20,679 | INFO | Language detected: English (100.00%)
2026-07-02 17:40:20,679 | INFO | Language detected: en
2026-07-02 17:40:20,679 | INFO | Selecting voice for language: en
2026-07-02 17:40:20,680 | INFO | Voice selected: en-US-GuyNeural
2026-07-02 17:40:20,680 | INFO | Running Speech Analyzer...
2026-07-02 17:40:20,680 | INFO | Speech Analyzer completed.
2026-07-02 17:40:20,680 | INFO | Calculating speech timing...
2026-07-02 17:40:20,681 | INFO | Complexity..... Low
2026-07-02 17:40:20,681 | INFO | Recommended WPM 150
2026-07-02 17:40:20,681 | INFO | Recommended Rate -5%
2026-07-02 17:40:20,681 | INFO | ============================================================
2026-07-02 17:40:20,681 | INFO | Speech Optimizer
2026-07-02 17:40:20,681 | INFO | ============================================================
2026-07-02 17:40:20,681 | INFO | Voice........ en-US-GuyNeural
2026-07-02 17:40:20,681 | INFO | Rate......... -5%
2026-07-02 17:40:20,681 | INFO | Pitch........ +1Hz
2026-07-02 17:40:20,681 | INFO | Reading...... Conversational
2026-07-02 17:40:20,681 | INFO | Complexity... Low
2026-07-02 17:40:20,681 | INFO | Confidence... 1.00
2026-07-02 17:40:20,681 | INFO | Speech Profile generated successfully.
2026-07-02 17:40:20,682 | INFO | Building narration...
2026-07-02 17:40:20,682 | INFO | 1 narration blocks generated.
2026-07-02 17:40:20,684 | INFO | Narration exported to D:\Laboratorio de IA\Speech-AI\output\narration.txt
2026-07-02 17:40:20,684 | INFO | Building speech text...
2026-07-02 17:40:20,684 | INFO | Speech text generated.
2026-07-02 17:40:20,686 | INFO | Speech text exported to D:\Laboratorio de IA\Speech-AI\output\speech.txt
2026-07-02 17:40:20,686 | INFO | ============================================================
2026-07-02 17:40:20,686 | INFO | Speech Service
2026-07-02 17:40:20,686 | INFO | ============================================================
2026-07-02 17:40:20,686 | INFO | Characters: 6362
2026-07-02 17:40:20,686 | INFO | Provider initialized: Microsoft Edge TTS (Microsoft) v1.1.0
2026-07-02 17:40:20,686 | INFO | Provider: Microsoft Edge TTS (Microsoft) v1.1.0
2026-07-02 17:40:20,686 | INFO | TTS Engine initialized with provider: Microsoft Edge TTS (Microsoft) v1.1.0
2026-07-02 17:40:20,686 | INFO | ============================================================
2026-07-02 17:40:20,687 | INFO | TTS Engine
2026-07-02 17:40:20,687 | INFO | ============================================================
2026-07-02 17:40:20,687 | INFO | Provider.....: EdgeProvider
2026-07-02 17:40:20,687 | INFO | Characters...: 6362
2026-07-02 17:40:20,687 | INFO | Output.......: D:\Laboratorio de IA\Speech-AI\output\Audio_Governance_SouthAmerica.mp3
2026-07-02 17:40:20,689 | INFO | Generating audio...
2026-07-02 17:40:20,689 | INFO | Voice.....: en-US-GuyNeural
2026-07-02 17:40:20,689 | INFO | Rate......: -5%
2026-07-02 17:40:20,689 | INFO | Pitch.....: +1Hz
2026-07-02 17:40:20,689 | INFO | Volume....: +0%
2026-07-02 17:40:26,661 | INFO | Audio generated successfully.
2026-07-02 17:40:26,665 | INFO | TTS finished successfully.
2026-07-02 17:40:26,667 | INFO | Speech synthesis completed.
2026-07-02 17:40:26,667 | INFO | Pipeline finished
2026-07-02 17:40:49,022 | INFO | Pipeline started
2026-07-02 17:40:49,022 | INFO | Starting Text Analyzer
2026-07-02 17:40:49,022 | INFO | Loading script...
2026-07-02 17:40:49,022 | INFO | Normalizing text...
2026-07-02 17:40:49,022 | INFO | Building Presentation...
2026-07-02 17:40:49,022 | INFO | Detecting slides...
2026-07-02 17:40:49,022 | INFO | Calculating statistics...
2026-07-02 17:40:49,022 | INFO | Text Analyzer completed
2026-07-02 17:40:49,022 | INFO | ============================================================
2026-07-02 17:40:49,022 | INFO | Speech Intelligence Engine
2026-07-02 17:40:49,022 | INFO | ============================================================
2026-07-02 17:40:49,022 | INFO | Detecting language...
2026-07-02 17:40:49,224 | INFO | Language detected: English (100.00%)
2026-07-02 17:40:49,224 | INFO | Language detected: en
2026-07-02 17:40:49,224 | INFO | Selecting voice for language: en
2026-07-02 17:40:49,224 | INFO | Voice selected: en-US-GuyNeural
2026-07-02 17:40:49,224 | INFO | Running Speech Analyzer...
2026-07-02 17:40:49,224 | INFO | Speech Analyzer completed.
2026-07-02 17:40:49,224 | INFO | Calculating speech timing...
2026-07-02 17:40:49,224 | INFO | Complexity..... Low
2026-07-02 17:40:49,224 | INFO | Recommended WPM 150
2026-07-02 17:40:49,224 | INFO | Recommended Rate -5%
2026-07-02 17:40:49,224 | INFO | ============================================================
2026-07-02 17:40:49,224 | INFO | Speech Optimizer
2026-07-02 17:40:49,224 | INFO | ============================================================
2026-07-02 17:40:49,224 | INFO | Voice........ en-US-GuyNeural
2026-07-02 17:40:49,224 | INFO | Rate......... -5%
2026-07-02 17:40:49,224 | INFO | Pitch........ +1Hz
2026-07-02 17:40:49,224 | INFO | Reading...... Conversational
2026-07-02 17:40:49,224 | INFO | Complexity... Low
2026-07-02 17:40:49,224 | INFO | Confidence... 1.00
2026-07-02 17:40:49,224 | INFO | Speech Profile generated successfully.
2026-07-02 17:40:49,224 | INFO | Building narration...
2026-07-02 17:40:49,224 | INFO | 1 narration blocks generated.
2026-07-02 17:40:49,224 | INFO | Narration exported to D:\Laboratorio de IA\Speech-AI\output\narration.txt
2026-07-02 17:40:49,224 | INFO | Building speech text...
2026-07-02 17:40:49,224 | INFO | Speech text generated.
2026-07-02 17:40:49,224 | INFO | Speech text exported to D:\Laboratorio de IA\Speech-AI\output\speech.txt
2026-07-02 17:40:49,224 | INFO | ============================================================
2026-07-02 17:40:49,224 | INFO | Speech Service
2026-07-02 17:40:49,224 | INFO | ============================================================
2026-07-02 17:40:49,224 | INFO | Characters: 6362
2026-07-02 17:40:49,224 | INFO | Provider initialized: Microsoft Edge TTS (Microsoft) v1.1.0
2026-07-02 17:40:49,224 | INFO | Provider: Microsoft Edge TTS (Microsoft) v1.1.0
2026-07-02 17:40:49,224 | INFO | TTS Engine initialized with provider: Microsoft Edge TTS (Microsoft) v1.1.0
2026-07-02 17:40:49,224 | INFO | ============================================================
2026-07-02 17:40:49,224 | INFO | TTS Engine
2026-07-02 17:40:49,224 | INFO | ============================================================
2026-07-02 17:40:49,224 | INFO | Provider.....: EdgeProvider
2026-07-02 17:40:49,224 | INFO | Characters...: 6362
2026-07-02 17:40:49,224 | INFO | Output.......: D:\Laboratorio de IA\Speech-AI\output\Audio_Governance_SouthAmerica.mp3
2026-07-02 17:40:49,240 | INFO | Generating audio...
2026-07-02 17:40:49,240 | INFO | Voice.....: en-US-GuyNeural
2026-07-02 17:40:49,240 | INFO | Rate......: -5%
2026-07-02 17:40:49,240 | INFO | Pitch.....: +1Hz
2026-07-02 17:40:49,240 | INFO | Volume....: +0%
2026-07-02 17:40:54,979 | INFO | Audio generated successfully.
2026-07-02 17:40:54,995 | INFO | TTS finished successfully.
2026-07-02 17:40:54,995 | INFO | Speech synthesis completed.
2026-07-02 17:40:54,995 | INFO | Pipeline finished
2026-07-02 18:13:59,104 | INFO | Pipeline started
2026-07-02 18:13:59,104 | INFO | Starting Text Analyzer
2026-07-02 18:13:59,104 | INFO | Loading script...
2026-07-02 18:13:59,104 | INFO | Normalizing text...
2026-07-02 18:13:59,104 | INFO | Building Presentation...
2026-07-02 18:13:59,104 | INFO | Detecting slides...
2026-07-02 18:13:59,104 | INFO | Calculating statistics...
2026-07-02 18:13:59,104 | INFO | Text Analyzer completed
2026-07-02 18:13:59,104 | INFO | ============================================================
2026-07-02 18:13:59,104 | INFO | Speech Intelligence Engine
2026-07-02 18:13:59,104 | INFO | ============================================================
2026-07-02 18:13:59,104 | INFO | Detecting language...
2026-07-02 18:13:59,313 | INFO | Language detected: English (100.00%)
2026-07-02 18:13:59,313 | INFO | Language detected: en
2026-07-02 18:13:59,313 | INFO | Selecting voice for language: en
2026-07-02 18:13:59,313 | INFO | Voice selected: en-US-GuyNeural
2026-07-02 18:13:59,313 | INFO | Running Speech Analyzer...
2026-07-02 18:13:59,313 | INFO | Speech Analyzer completed.
2026-07-02 18:13:59,314 | INFO | Calculating speech timing...
2026-07-02 18:13:59,314 | INFO | Complexity..... Low
2026-07-02 18:13:59,314 | INFO | Recommended WPM 150
2026-07-02 18:13:59,314 | INFO | Recommended Rate -5%
2026-07-02 18:13:59,314 | INFO | ============================================================
2026-07-02 18:13:59,314 | INFO | Speech Optimizer
2026-07-02 18:13:59,314 | INFO | ============================================================
2026-07-02 18:13:59,314 | INFO | Voice........ en-US-GuyNeural
2026-07-02 18:13:59,314 | INFO | Rate......... -5%
2026-07-02 18:13:59,314 | INFO | Pitch........ +1Hz
2026-07-02 18:13:59,314 | INFO | Reading...... Conversational
2026-07-02 18:13:59,314 | INFO | Complexity... Low
2026-07-02 18:13:59,314 | INFO | Confidence... 1.00
2026-07-02 18:13:59,314 | INFO | Speech Profile generated successfully.
2026-07-02 18:13:59,315 | INFO | Building narration...
2026-07-02 18:13:59,315 | INFO | 1 narration blocks generated.
2026-07-02 18:13:59,316 | INFO | Narration exported to D:\Laboratorio de IA\Speech-AI\output\narration.txt
2026-07-02 18:13:59,317 | INFO | Building speech text...
2026-07-02 18:13:59,317 | INFO | Speech text generated.
2026-07-02 18:13:59,318 | INFO | Speech text exported to D:\Laboratorio de IA\Speech-AI\output\speech.txt
2026-07-02 18:13:59,318 | INFO | ============================================================
2026-07-02 18:13:59,318 | INFO | Speech Service
2026-07-02 18:13:59,318 | INFO | ============================================================
2026-07-02 18:13:59,319 | INFO | Characters: 6362
2026-07-02 18:13:59,319 | INFO | Provider initialized: Microsoft Edge TTS (Microsoft) v1.1.0
2026-07-02 18:13:59,319 | INFO | Provider: Microsoft Edge TTS (Microsoft) v1.1.0
2026-07-02 18:13:59,319 | INFO | TTS Engine initialized with provider: Microsoft Edge TTS (Microsoft) v1.1.0
2026-07-02 18:13:59,319 | INFO | ============================================================
2026-07-02 18:13:59,319 | INFO | TTS Engine
2026-07-02 18:13:59,319 | INFO | ============================================================
2026-07-02 18:13:59,319 | INFO | Provider.....: EdgeProvider
2026-07-02 18:13:59,319 | INFO | Characters...: 6362
2026-07-02 18:13:59,319 | INFO | Output.......: D:\Laboratorio de IA\Speech-AI\output\Audio_Governance_SouthAmerica.mp3
2026-07-02 18:13:59,321 | INFO | Generating audio...
2026-07-02 18:13:59,321 | INFO | Voice.....: en-US-GuyNeural
2026-07-02 18:13:59,321 | INFO | Rate......: -5%
2026-07-02 18:13:59,321 | INFO | Pitch.....: +1Hz
2026-07-02 18:13:59,321 | INFO | Volume....: +0%
2026-07-02 18:14:04,365 | INFO | Audio generated successfully.
2026-07-02 18:14:04,365 | INFO | TTS finished successfully.
2026-07-02 18:14:04,365 | INFO | Speech synthesis completed.
2026-07-02 18:14:04,365 | INFO | Pipeline finished
2026-07-02 18:17:24,809 | INFO | Pipeline started
2026-07-02 18:17:24,809 | INFO | Starting Text Analyzer
2026-07-02 18:17:24,809 | INFO | Loading script...
2026-07-02 18:17:24,809 | INFO | Normalizing text...
2026-07-02 18:17:24,809 | INFO | Building Presentation...
2026-07-02 18:17:24,809 | INFO | Detecting slides...
2026-07-02 18:17:24,809 | INFO | Calculating statistics...
2026-07-02 18:17:24,809 | INFO | Text Analyzer completed
2026-07-02 18:17:24,809 | INFO | ============================================================
2026-07-02 18:17:24,809 | INFO | Speech Intelligence Engine
2026-07-02 18:17:24,809 | INFO | ============================================================
2026-07-02 18:17:24,809 | INFO | Detecting language...
2026-07-02 18:17:25,008 | INFO | Language detected: English (100.00%)
2026-07-02 18:17:25,008 | INFO | Language detected: en
2026-07-02 18:17:25,008 | INFO | Selecting voice for language: en
2026-07-02 18:17:25,008 | INFO | Voice selected: en-US-GuyNeural
2026-07-02 18:17:25,008 | INFO | Running Speech Analyzer...
2026-07-02 18:17:25,008 | INFO | Speech Analyzer completed.
2026-07-02 18:17:25,008 | INFO | Calculating speech timing...
2026-07-02 18:17:25,008 | INFO | Complexity..... Low
2026-07-02 18:17:25,008 | INFO | Recommended WPM 150
2026-07-02 18:17:25,008 | INFO | Recommended Rate -5%
2026-07-02 18:17:25,008 | INFO | ============================================================
2026-07-02 18:17:25,008 | INFO | Speech Optimizer
2026-07-02 18:17:25,008 | INFO | ============================================================
2026-07-02 18:17:25,008 | INFO | Voice........ en-US-GuyNeural
2026-07-02 18:17:25,008 | INFO | Rate......... -5%
2026-07-02 18:17:25,008 | INFO | Pitch........ +1Hz
2026-07-02 18:17:25,008 | INFO | Reading...... Conversational
2026-07-02 18:17:25,008 | INFO | Complexity... Low
2026-07-02 18:17:25,008 | INFO | Confidence... 1.00
2026-07-02 18:17:25,008 | INFO | Speech Profile generated successfully.
2026-07-02 18:17:25,008 | INFO | Building narration...
2026-07-02 18:17:25,008 | INFO | 1 narration blocks generated.
2026-07-02 18:17:25,008 | INFO | Narration exported to D:\Laboratorio de IA\Speech-AI\output\narration.txt
2026-07-02 18:17:25,008 | INFO | Building speech text...
2026-07-02 18:17:25,008 | INFO | Speech text generated.
2026-07-02 18:17:25,008 | INFO | Speech text exported to D:\Laboratorio de IA\Speech-AI\output\speech.txt
2026-07-02 18:17:25,008 | INFO | ============================================================
2026-07-02 18:17:25,008 | INFO | Speech Service
2026-07-02 18:17:25,008 | INFO | ============================================================
2026-07-02 18:17:25,008 | INFO | Characters: 6362
2026-07-02 18:17:25,008 | INFO | Provider initialized: Microsoft Edge TTS (Microsoft) v1.1.0
2026-07-02 18:17:25,008 | INFO | Provider: Microsoft Edge TTS (Microsoft) v1.1.0
2026-07-02 18:17:25,008 | INFO | TTS Engine initialized with provider: Microsoft Edge TTS (Microsoft) v1.1.0
2026-07-02 18:17:25,008 | INFO | ============================================================
2026-07-02 18:17:25,008 | INFO | TTS Engine
2026-07-02 18:17:25,008 | INFO | ============================================================
2026-07-02 18:17:25,008 | INFO | Provider.....: EdgeProvider
2026-07-02 18:17:25,008 | INFO | Characters...: 6362
2026-07-02 18:17:25,008 | INFO | Output.......: D:\Laboratorio de IA\Speech-AI\output\Audio_Governance_SouthAmerica.mp3
2026-07-02 18:17:25,018 | INFO | Generating audio...
2026-07-02 18:17:25,018 | INFO | Voice.....: en-US-GuyNeural
2026-07-02 18:17:25,018 | INFO | Rate......: -5%
2026-07-02 18:17:25,018 | INFO | Pitch.....: +1Hz
2026-07-02 18:17:25,018 | INFO | Volume....: +0%
2026-07-02 18:17:30,150 | INFO | Audio generated successfully.
2026-07-02 18:17:30,150 | INFO | TTS finished successfully.
2026-07-02 18:17:30,150 | INFO | Speech synthesis completed.
2026-07-02 18:17:30,150 | INFO | Pipeline finished
2026-07-02 18:19:16,636 | INFO | Pipeline started
2026-07-02 18:19:16,636 | INFO | Starting Text Analyzer
2026-07-02 18:19:16,636 | INFO | Loading script...
2026-07-02 18:19:16,636 | INFO | Normalizing text...
2026-07-02 18:19:16,636 | INFO | Building Presentation...
2026-07-02 18:19:16,636 | INFO | Detecting slides...
2026-07-02 18:19:16,648 | INFO | Calculating statistics...
2026-07-02 18:19:16,648 | INFO | Text Analyzer completed
2026-07-02 18:19:16,648 | INFO | ============================================================
2026-07-02 18:19:16,648 | INFO | Speech Intelligence Engine
2026-07-02 18:19:16,648 | INFO | ============================================================
2026-07-02 18:19:16,648 | INFO | Detecting language...
2026-07-02 18:19:16,846 | INFO | Language detected: Portuguese (100.00%)
2026-07-02 18:19:16,847 | INFO | Language detected: pt
2026-07-02 18:19:16,847 | INFO | Selecting voice for language: pt
2026-07-02 18:19:16,847 | INFO | Voice selected: pt-BR-FranciscaNeural
2026-07-02 18:19:16,847 | INFO | Running Speech Analyzer...
2026-07-02 18:19:16,847 | INFO | Speech Analyzer completed.
2026-07-02 18:19:16,847 | INFO | Calculating speech timing...
2026-07-02 18:19:16,847 | INFO | Complexity..... Low
2026-07-02 18:19:16,847 | INFO | Recommended WPM 145
2026-07-02 18:19:16,847 | INFO | Recommended Rate -5%
2026-07-02 18:19:16,847 | INFO | ============================================================
2026-07-02 18:19:16,848 | INFO | Speech Optimizer
2026-07-02 18:19:16,848 | INFO | ============================================================
2026-07-02 18:19:16,848 | INFO | Voice........ pt-BR-FranciscaNeural
2026-07-02 18:19:16,848 | INFO | Rate......... -5%
2026-07-02 18:19:16,848 | INFO | Pitch........ +1Hz
2026-07-02 18:19:16,848 | INFO | Reading...... Conversational
2026-07-02 18:19:16,848 | INFO | Complexity... Low
2026-07-02 18:19:16,848 | INFO | Confidence... 1.00
2026-07-02 18:19:16,848 | INFO | Speech Profile generated successfully.
2026-07-02 18:19:16,849 | INFO | Building narration...
2026-07-02 18:19:16,850 | INFO | 3 narration blocks generated.
2026-07-02 18:19:16,850 | INFO | Narration exported to D:\Laboratorio de IA\Speech-AI\output\narration.txt
2026-07-02 18:19:16,850 | INFO | Building speech text...
2026-07-02 18:19:16,852 | INFO | Speech text generated.
2026-07-02 18:19:16,852 | INFO | Speech text exported to D:\Laboratorio de IA\Speech-AI\output\speech.txt
2026-07-02 18:19:16,852 | INFO | ============================================================
2026-07-02 18:19:16,852 | INFO | Speech Service
2026-07-02 18:19:16,853 | INFO | ============================================================
2026-07-02 18:19:16,853 | INFO | Characters: 1728
2026-07-02 18:19:16,853 | INFO | Provider initialized: Microsoft Edge TTS (Microsoft) v1.1.0
2026-07-02 18:19:16,853 | INFO | Provider: Microsoft Edge TTS (Microsoft) v1.1.0
2026-07-02 18:19:16,853 | INFO | TTS Engine initialized with provider: Microsoft Edge TTS (Microsoft) v1.1.0
2026-07-02 18:19:16,853 | INFO | ============================================================
2026-07-02 18:19:16,853 | INFO | TTS Engine
2026-07-02 18:19:16,853 | INFO | ============================================================
2026-07-02 18:19:16,853 | INFO | Provider.....: EdgeProvider
2026-07-02 18:19:16,853 | INFO | Characters...: 1728
2026-07-02 18:19:16,853 | INFO | Output.......: D:\Laboratorio de IA\Speech-AI\output\Audio_Governance_SouthAmerica.mp3
2026-07-02 18:19:16,855 | INFO | Generating audio...
2026-07-02 18:19:16,855 | INFO | Voice.....: pt-BR-FranciscaNeural
2026-07-02 18:19:16,855 | INFO | Rate......: -5%
2026-07-02 18:19:16,855 | INFO | Pitch.....: +1Hz
2026-07-02 18:19:16,855 | INFO | Volume....: +0%
2026-07-02 18:19:18,662 | INFO | Audio generated successfully.
2026-07-02 18:19:18,664 | INFO | TTS finished successfully.
2026-07-02 18:19:18,664 | INFO | Speech synthesis completed.
2026-07-02 18:19:18,664 | INFO | Pipeline finished
2026-07-02 18:23:35,875 | INFO | Pipeline started
2026-07-02 18:23:35,875 | INFO | Starting Text Analyzer
2026-07-02 18:23:35,875 | INFO | Loading script...
2026-07-02 18:23:35,875 | INFO | Normalizing text...
2026-07-02 18:23:35,875 | INFO | Building Presentation...
2026-07-02 18:23:35,875 | INFO | Detecting slides...
2026-07-02 18:23:35,875 | INFO | Calculating statistics...
2026-07-02 18:23:35,875 | INFO | Text Analyzer completed
2026-07-02 18:23:35,875 | INFO | VoiceSelector initialized.
2026-07-02 18:23:35,875 | INFO | ============================================================
2026-07-02 18:23:35,875 | INFO | Speech Intelligence Engine
2026-07-02 18:23:35,875 | INFO | ============================================================
2026-07-02 18:23:35,875 | INFO | Detecting language...
2026-07-02 18:23:36,060 | INFO | Language detected: Portuguese (100.00%)
2026-07-02 18:23:36,060 | INFO | Language detected: pt
2026-07-02 18:23:36,060 | INFO | Selecting voice for language 'pt' using provider 'edge'.
2026-07-02 18:23:36,060 | INFO | Voice selected successfully: pt-BR-FranciscaNeural (edge)
2026-07-02 18:23:36,060 | INFO | Running Speech Analyzer...
2026-07-02 18:23:36,060 | INFO | Speech Analyzer completed.
2026-07-02 18:23:36,060 | INFO | Calculating speech timing...
2026-07-02 18:23:36,060 | INFO | Complexity..... Low
2026-07-02 18:23:36,060 | INFO | Recommended WPM 145
2026-07-02 18:23:36,060 | INFO | Recommended Rate -5%
2026-07-02 18:23:36,060 | INFO | ============================================================
2026-07-02 18:23:36,060 | INFO | Speech Optimizer
2026-07-02 18:23:36,060 | INFO | ============================================================
2026-07-02 18:23:36,060 | INFO | Voice........ pt-BR-FranciscaNeural
2026-07-02 18:23:36,060 | INFO | Rate......... -5%
2026-07-02 18:23:36,060 | INFO | Pitch........ +1Hz
2026-07-02 18:23:36,060 | INFO | Reading...... Conversational
2026-07-02 18:23:36,060 | INFO | Complexity... Low
2026-07-02 18:23:36,060 | INFO | Confidence... 1.00
2026-07-02 18:23:36,060 | INFO | Speech Profile generated successfully.
2026-07-02 18:23:36,060 | INFO | Building narration...
2026-07-02 18:23:36,060 | INFO | 3 narration blocks generated.
2026-07-02 18:23:36,060 | INFO | Narration exported to D:\Laboratorio de IA\Speech-AI\output\narration.txt
2026-07-02 18:23:36,060 | INFO | Building speech text...
2026-07-02 18:23:36,060 | INFO | Speech text generated.
2026-07-02 18:23:36,071 | INFO | Speech text exported to D:\Laboratorio de IA\Speech-AI\output\speech.txt
2026-07-02 18:23:36,071 | INFO | ============================================================
2026-07-02 18:23:36,071 | INFO | Speech Service
2026-07-02 18:23:36,071 | INFO | ============================================================
2026-07-02 18:23:36,071 | INFO | Characters: 1728
2026-07-02 18:23:36,071 | INFO | Provider initialized: Microsoft Edge TTS (Microsoft) v1.1.0
2026-07-02 18:23:36,071 | INFO | Provider: Microsoft Edge TTS (Microsoft) v1.1.0
2026-07-02 18:23:36,071 | INFO | TTS Engine initialized with provider: Microsoft Edge TTS (Microsoft) v1.1.0
2026-07-02 18:23:36,071 | INFO | ============================================================
2026-07-02 18:23:36,071 | INFO | TTS Engine
2026-07-02 18:23:36,071 | INFO | ============================================================
2026-07-02 18:23:36,071 | INFO | Provider.....: EdgeProvider
2026-07-02 18:23:36,071 | INFO | Characters...: 1728
2026-07-02 18:23:36,071 | INFO | Output.......: D:\Laboratorio de IA\Speech-AI\output\Audio_Governance_SouthAmerica.mp3
2026-07-02 18:23:36,073 | INFO | Generating audio...
2026-07-02 18:23:36,073 | INFO | Voice.....: pt-BR-FranciscaNeural
2026-07-02 18:23:36,073 | INFO | Rate......: -5%
2026-07-02 18:23:36,073 | INFO | Pitch.....: +1Hz
2026-07-02 18:23:36,073 | INFO | Volume....: +0%
2026-07-02 18:23:37,840 | INFO | Audio generated successfully.
2026-07-02 18:23:37,843 | INFO | TTS finished successfully.
2026-07-02 18:23:37,843 | INFO | Speech synthesis completed.
2026-07-02 18:23:37,843 | INFO | Pipeline finished
2026-07-02 18:38:55,041 | INFO | Pipeline started
2026-07-02 18:38:55,041 | INFO | Starting Text Analyzer
2026-07-02 18:38:55,041 | INFO | Loading script...
2026-07-02 18:38:55,041 | INFO | Normalizing text...
2026-07-02 18:38:55,041 | INFO | Building Presentation...
2026-07-02 18:38:55,041 | INFO | Detecting slides...
2026-07-02 18:38:55,047 | INFO | Calculating statistics...
2026-07-02 18:38:55,048 | INFO | Text Analyzer completed
2026-07-02 18:38:55,048 | INFO | LanguageDetector initialized.
2026-07-02 18:38:55,048 | INFO | VoiceSelector initialized.
2026-07-02 18:38:55,049 | INFO | ============================================================
2026-07-02 18:38:55,049 | INFO | Speech Intelligence Engine
2026-07-02 18:38:55,049 | INFO | ============================================================
2026-07-02 18:38:55,049 | INFO | Starting language detection...
2026-07-02 18:38:55,049 | INFO | Characters: 1550
2026-07-02 18:38:55,232 | INFO | Language detected: Portuguese
2026-07-02 18:38:55,232 | INFO | Confidence: 100.00%
2026-07-02 18:38:55,232 | INFO | Detection time: 186.75 ms
2026-07-02 18:38:55,232 | INFO | Language detected: pt
2026-07-02 18:38:55,232 | INFO | Selecting voice for language 'pt' using provider 'edge'.
2026-07-02 18:38:55,232 | INFO | Voice selected successfully: pt-BR-FranciscaNeural (edge)
2026-07-02 18:38:55,232 | INFO | Running Speech Analyzer...
2026-07-02 18:38:55,232 | INFO | Speech Analyzer completed.
2026-07-02 18:38:55,232 | INFO | Calculating speech timing...
2026-07-02 18:38:55,232 | INFO | Complexity..... Low
2026-07-02 18:38:55,232 | INFO | Recommended WPM 145
2026-07-02 18:38:55,232 | INFO | Recommended Rate -5%
2026-07-02 18:38:55,232 | INFO | ============================================================
2026-07-02 18:38:55,232 | INFO | Speech Optimizer
2026-07-02 18:38:55,232 | INFO | ============================================================
2026-07-02 18:38:55,232 | INFO | Voice........ pt-BR-FranciscaNeural
2026-07-02 18:38:55,232 | INFO | Rate......... -5%
2026-07-02 18:38:55,232 | INFO | Pitch........ +1Hz
2026-07-02 18:38:55,232 | INFO | Reading...... Conversational
2026-07-02 18:38:55,232 | INFO | Complexity... Low
2026-07-02 18:38:55,232 | INFO | Confidence... 1.00
2026-07-02 18:38:55,232 | INFO | Speech Profile generated successfully.
2026-07-02 18:38:55,238 | INFO | Building narration...
2026-07-02 18:38:55,238 | INFO | 3 narration blocks generated.
2026-07-02 18:38:55,238 | INFO | Narration exported to D:\Laboratorio de IA\Speech-AI\output\narration.txt
2026-07-02 18:38:55,238 | INFO | Building speech text...
2026-07-02 18:38:55,238 | INFO | Speech text generated.
2026-07-02 18:38:55,238 | INFO | Speech text exported to D:\Laboratorio de IA\Speech-AI\output\speech.txt
2026-07-02 18:38:55,238 | INFO | ============================================================
2026-07-02 18:38:55,238 | INFO | Speech Service
2026-07-02 18:38:55,238 | INFO | ============================================================
2026-07-02 18:38:55,238 | INFO | Characters: 1728
2026-07-02 18:38:55,238 | INFO | Provider initialized: Microsoft Edge TTS (Microsoft) v1.1.0
2026-07-02 18:38:55,238 | INFO | Provider: Microsoft Edge TTS (Microsoft) v1.1.0
2026-07-02 18:38:55,238 | INFO | TTS Engine initialized with provider: Microsoft Edge TTS (Microsoft) v1.1.0
2026-07-02 18:38:55,238 | INFO | ============================================================
2026-07-02 18:38:55,238 | INFO | TTS Engine
2026-07-02 18:38:55,238 | INFO | ============================================================
2026-07-02 18:38:55,238 | INFO | Provider.....: EdgeProvider
2026-07-02 18:38:55,238 | INFO | Characters...: 1728
2026-07-02 18:38:55,238 | INFO | Output.......: D:\Laboratorio de IA\Speech-AI\output\Audio_Governance_SouthAmerica.mp3
2026-07-02 18:38:55,238 | INFO | Generating audio...
2026-07-02 18:38:55,238 | INFO | Voice.....: pt-BR-FranciscaNeural
2026-07-02 18:38:55,238 | INFO | Rate......: -5%
2026-07-02 18:38:55,238 | INFO | Pitch.....: +1Hz
2026-07-02 18:38:55,238 | INFO | Volume....: +0%
2026-07-02 18:38:57,298 | INFO | Audio generated successfully.
2026-07-02 18:38:57,298 | INFO | TTS finished successfully.
2026-07-02 18:38:57,298 | INFO | Speech synthesis completed.
2026-07-02 18:38:57,298 | INFO | Pipeline finished
2026-07-02 18:52:18,245 | INFO | Pipeline started
2026-07-02 18:52:18,245 | INFO | Starting Text Analyzer
2026-07-02 18:52:18,245 | INFO | Loading script...
2026-07-02 18:52:18,245 | INFO | Normalizing text...
2026-07-02 18:52:18,245 | INFO | Building Presentation...
2026-07-02 18:52:18,245 | INFO | Detecting slides...
2026-07-02 18:52:18,245 | INFO | Calculating statistics...
2026-07-02 18:52:18,245 | INFO | Text Analyzer completed
2026-07-02 18:52:18,245 | INFO | LanguageDetector initialized.
2026-07-02 18:52:18,245 | INFO | VoiceSelector initialized.
2026-07-02 18:52:18,245 | INFO | ============================================================
2026-07-02 18:52:18,245 | INFO | Speech Intelligence Engine
2026-07-02 18:52:18,245 | INFO | ============================================================
2026-07-02 18:52:18,245 | INFO | Starting language detection...
2026-07-02 18:52:18,245 | INFO | Characters: 1550
2026-07-02 18:52:18,467 | INFO | Language detected: Portuguese
2026-07-02 18:52:18,467 | INFO | Confidence: 100.00%
2026-07-02 18:52:18,467 | INFO | Detection time: 215.50 ms
2026-07-02 18:52:18,467 | INFO | Language detected: pt
2026-07-02 18:52:18,469 | INFO | Selecting voice for language 'pt' using provider 'edge'.
2026-07-02 18:52:18,469 | INFO | Voice selected successfully: pt-BR-FranciscaNeural (edge)
2026-07-02 18:52:18,469 | INFO | Running Speech Analyzer...
2026-07-02 18:52:18,469 | INFO | Speech Analyzer completed.
2026-07-02 18:52:18,469 | INFO | Calculating speech timing...
2026-07-02 18:52:18,469 | INFO | Complexity..... Low
2026-07-02 18:52:18,469 | INFO | Recommended WPM 145
2026-07-02 18:52:18,469 | INFO | Recommended Rate -5%
2026-07-02 18:52:18,469 | INFO | ============================================================
2026-07-02 18:52:18,469 | INFO | Speech Optimizer
2026-07-02 18:52:18,469 | INFO | ============================================================
2026-07-02 18:52:18,469 | INFO | Voice........ pt-BR-FranciscaNeural
2026-07-02 18:52:18,469 | INFO | Rate......... -5%
2026-07-02 18:52:18,469 | INFO | Pitch........ +1Hz
2026-07-02 18:52:18,469 | INFO | Reading...... Conversational
2026-07-02 18:52:18,469 | INFO | Complexity... Low
2026-07-02 18:52:18,469 | INFO | Confidence... 1.00
2026-07-02 18:52:18,469 | INFO | Speech Profile generated successfully.
2026-07-02 18:52:18,471 | INFO | Building narration...
2026-07-02 18:52:18,471 | INFO | 3 narration blocks generated.
2026-07-02 18:52:18,471 | INFO | Narration exported to D:\Laboratorio de IA\Speech-AI\output\narration.txt
2026-07-02 18:52:18,471 | INFO | Building speech text...
2026-07-02 18:52:18,473 | INFO | Speech text generated.
2026-07-02 18:52:18,473 | INFO | Speech text exported to D:\Laboratorio de IA\Speech-AI\output\speech.txt
2026-07-02 18:52:18,473 | INFO | ============================================================
2026-07-02 18:52:18,473 | INFO | Speech Service
2026-07-02 18:52:18,473 | INFO | ============================================================
2026-07-02 18:52:18,473 | INFO | Characters: 1728
2026-07-02 18:52:18,473 | INFO | Provider initialized: Microsoft Edge TTS (Microsoft) v1.1.0
2026-07-02 18:52:18,473 | INFO | Provider: Microsoft Edge TTS (Microsoft) v1.1.0
2026-07-02 18:52:18,473 | INFO | TTS Engine initialized with provider: Microsoft Edge TTS (Microsoft) v1.1.0
2026-07-02 18:52:18,473 | INFO | ============================================================
2026-07-02 18:52:18,473 | INFO | TTS Engine
2026-07-02 18:52:18,473 | INFO | ============================================================
2026-07-02 18:52:18,473 | INFO | Provider.....: EdgeProvider
2026-07-02 18:52:18,473 | INFO | Characters...: 1728
2026-07-02 18:52:18,473 | INFO | Output.......: D:\Laboratorio de IA\Speech-AI\output\Audio_Governance_SouthAmerica.mp3
2026-07-02 18:52:18,473 | INFO | Generating audio...
2026-07-02 18:52:18,473 | INFO | Voice.....: pt-BR-FranciscaNeural
2026-07-02 18:52:18,473 | INFO | Rate......: -5%
2026-07-02 18:52:18,473 | INFO | Pitch.....: +1Hz
2026-07-02 18:52:18,473 | INFO | Volume....: +0%
2026-07-02 18:52:20,323 | INFO | Audio generated successfully.
2026-07-02 18:52:20,325 | INFO | TTS finished successfully.
2026-07-02 18:52:20,326 | INFO | Speech synthesis completed.
2026-07-02 18:52:20,326 | INFO | Pipeline finished
2026-07-02 18:53:35,599 | INFO | Pipeline started
2026-07-02 18:53:35,599 | INFO | Starting Text Analyzer
2026-07-02 18:53:35,599 | INFO | Loading script...
2026-07-02 18:53:35,599 | INFO | Normalizing text...
2026-07-02 18:53:35,599 | INFO | Building Presentation...
2026-07-02 18:53:35,599 | INFO | Detecting slides...
2026-07-02 18:53:35,599 | INFO | Calculating statistics...
2026-07-02 18:53:35,599 | INFO | Text Analyzer completed
2026-07-02 18:53:35,599 | INFO | LanguageDetector initialized.
2026-07-02 18:53:35,599 | INFO | VoiceSelector initialized.
2026-07-02 18:53:35,599 | INFO | ============================================================
2026-07-02 18:53:35,599 | INFO | Speech Intelligence Engine
2026-07-02 18:53:35,599 | INFO | ============================================================
2026-07-02 18:53:35,599 | INFO | Starting language detection...
2026-07-02 18:53:35,599 | INFO | Characters: 1550
2026-07-02 18:53:35,785 | INFO | Language detected: Portuguese
2026-07-02 18:53:35,785 | INFO | Confidence: 100.00%
2026-07-02 18:53:35,785 | INFO | Detection time: 183.35 ms
2026-07-02 18:53:35,785 | INFO | Language detected: pt
2026-07-02 18:53:35,785 | INFO | Selecting voice for language 'pt' using provider 'edge'.
2026-07-02 18:53:35,785 | INFO | Voice selected successfully: pt-BR-FranciscaNeural (edge)
2026-07-02 18:53:35,785 | INFO | ============================================================
2026-07-02 18:53:35,785 | INFO | Speech Analyzer Started
2026-07-02 18:53:35,785 | INFO | ============================================================
2026-07-02 18:53:35,785 | INFO | ============================================================
2026-07-02 18:53:35,785 | INFO | Speech Analysis Report
2026-07-02 18:53:35,785 | INFO | ============================================================
2026-07-02 18:53:35,785 | INFO | Words.............. 234
2026-07-02 18:53:35,785 | INFO | Sentences.......... 18
2026-07-02 18:53:35,785 | INFO | Paragraphs......... 4
2026-07-02 18:53:35,785 | INFO | Characters......... 1554
2026-07-02 18:53:35,785 | INFO | List Items......... 0
2026-07-02 18:53:35,799 | INFO | Numbers............ 4
2026-07-02 18:53:35,799 | INFO | Uppercase Words.... 0
2026-07-02 18:53:35,799 | INFO | Vocabulary Density.. 0.67
2026-07-02 18:53:35,799 | INFO | Complexity......... MEDIUM
2026-07-02 18:53:35,799 | INFO | Reading Style...... Presentation
2026-07-02 18:53:35,799 | INFO | Reading Pace....... Normal
2026-07-02 18:53:35,799 | INFO | Execution Time..... 0.59ms
2026-07-02 18:53:35,799 | INFO | ============================================================
2026-07-02 18:53:35,799 | INFO | Speech Analyzer Completed
2026-07-02 18:53:35,799 | INFO | Calculating speech timing...
2026-07-02 18:53:35,799 | INFO | Complexity..... Low
2026-07-02 18:53:35,799 | INFO | Recommended WPM 145
2026-07-02 18:53:35,799 | INFO | Recommended Rate -5%
2026-07-02 18:53:35,799 | INFO | ============================================================
2026-07-02 18:53:35,799 | INFO | Speech Optimizer
2026-07-02 18:53:35,799 | INFO | ============================================================
2026-07-02 18:53:35,799 | INFO | Voice........ pt-BR-FranciscaNeural
2026-07-02 18:53:35,799 | INFO | Rate......... -5%
2026-07-02 18:53:35,799 | INFO | Pitch........ +1Hz
2026-07-02 18:53:35,799 | INFO | Reading...... Conversational
2026-07-02 18:53:35,799 | INFO | Complexity... Low
2026-07-02 18:53:35,799 | INFO | Confidence... 1.00
2026-07-02 18:53:35,799 | INFO | Speech Profile generated successfully.
2026-07-02 18:53:35,799 | INFO | Building narration...
2026-07-02 18:53:35,799 | INFO | 3 narration blocks generated.
2026-07-02 18:53:35,799 | INFO | Narration exported to D:\Laboratorio de IA\Speech-AI\output\narration.txt
2026-07-02 18:53:35,799 | INFO | Building speech text...
2026-07-02 18:53:35,799 | INFO | Speech text generated.
2026-07-02 18:53:35,799 | INFO | Speech text exported to D:\Laboratorio de IA\Speech-AI\output\speech.txt
2026-07-02 18:53:35,799 | INFO | ============================================================
2026-07-02 18:53:35,799 | INFO | Speech Service
2026-07-02 18:53:35,799 | INFO | ============================================================
2026-07-02 18:53:35,799 | INFO | Characters: 1728
2026-07-02 18:53:35,799 | INFO | Provider initialized: Microsoft Edge TTS (Microsoft) v1.1.0
2026-07-02 18:53:35,799 | INFO | Provider: Microsoft Edge TTS (Microsoft) v1.1.0
2026-07-02 18:53:35,799 | INFO | TTS Engine initialized with provider: Microsoft Edge TTS (Microsoft) v1.1.0
2026-07-02 18:53:35,799 | INFO | ============================================================
2026-07-02 18:53:35,799 | INFO | TTS Engine
2026-07-02 18:53:35,799 | INFO | ============================================================
2026-07-02 18:53:35,799 | INFO | Provider.....: EdgeProvider
2026-07-02 18:53:35,799 | INFO | Characters...: 1728
2026-07-02 18:53:35,799 | INFO | Output.......: D:\Laboratorio de IA\Speech-AI\output\Audio_Governance_SouthAmerica.mp3
2026-07-02 18:53:35,799 | INFO | Generating audio...
2026-07-02 18:53:35,799 | INFO | Voice.....: pt-BR-FranciscaNeural
2026-07-02 18:53:35,799 | INFO | Rate......: -5%
2026-07-02 18:53:35,799 | INFO | Pitch.....: +1Hz
2026-07-02 18:53:35,799 | INFO | Volume....: +0%
2026-07-02 18:53:37,658 | INFO | Audio generated successfully.
2026-07-02 18:53:37,660 | INFO | TTS finished successfully.
2026-07-02 18:53:37,660 | INFO | Speech synthesis completed.
2026-07-02 18:53:37,660 | INFO | Pipeline finished
2026-07-03 06:58:21,702 | INFO | Pipeline started
2026-07-03 06:58:21,702 | INFO | Starting Text Analyzer
2026-07-03 06:58:21,702 | INFO | Loading script...
2026-07-03 06:58:21,702 | INFO | Normalizing text...
2026-07-03 06:58:21,702 | INFO | Building Presentation...
2026-07-03 06:58:21,702 | INFO | Detecting slides...
2026-07-03 06:58:21,702 | INFO | Calculating statistics...
2026-07-03 06:58:21,702 | INFO | Text Analyzer completed
2026-07-03 06:58:21,702 | INFO | LanguageDetector initialized.
2026-07-03 06:58:21,702 | INFO | VoiceSelector initialized.
2026-07-03 06:58:21,702 | INFO | ============================================================
2026-07-03 06:58:21,702 | INFO | Speech Intelligence Engine
2026-07-03 06:58:21,702 | INFO | ============================================================
2026-07-03 06:58:21,702 | INFO | Starting language detection...
2026-07-03 06:58:21,702 | INFO | Characters: 1550
2026-07-03 06:58:21,923 | INFO | Language detected: Portuguese
2026-07-03 06:58:21,923 | INFO | Confidence: 100.00%
2026-07-03 06:58:21,923 | INFO | Detection time: 215.67 ms
2026-07-03 06:58:21,923 | INFO | Language detected: pt
2026-07-03 06:58:21,923 | INFO | Selecting voice for language 'pt' using provider 'edge'.
2026-07-03 06:58:21,923 | INFO | Voice selected successfully: pt-BR-FranciscaNeural (edge)
2026-07-03 06:58:21,923 | INFO | ============================================================
2026-07-03 06:58:21,923 | INFO | Speech Analyzer Started
2026-07-03 06:58:21,923 | INFO | ============================================================
2026-07-03 06:58:21,923 | INFO | ============================================================
2026-07-03 06:58:21,923 | INFO | Speech Analysis Report
2026-07-03 06:58:21,923 | INFO | ============================================================
2026-07-03 06:58:21,923 | INFO | Words.............. 234
2026-07-03 06:58:21,923 | INFO | Sentences.......... 18
2026-07-03 06:58:21,923 | INFO | Paragraphs......... 4
2026-07-03 06:58:21,923 | INFO | Characters......... 1554
2026-07-03 06:58:21,923 | INFO | List Items......... 0
2026-07-03 06:58:21,923 | INFO | Numbers............ 4
2026-07-03 06:58:21,923 | INFO | Uppercase Words.... 0
2026-07-03 06:58:21,923 | INFO | Vocabulary Density.. 0.67
2026-07-03 06:58:21,923 | INFO | Complexity......... MEDIUM
2026-07-03 06:58:21,923 | INFO | Reading Style...... Presentation
2026-07-03 06:58:21,923 | INFO | Reading Pace....... Normal
2026-07-03 06:58:21,923 | INFO | Execution Time..... 0.5ms
2026-07-03 06:58:21,923 | INFO | ============================================================
2026-07-03 06:58:21,923 | INFO | Speech Analyzer Completed
2026-07-03 06:58:21,923 | INFO | Calculating speech timing...
2026-07-03 06:58:21,923 | INFO | Complexity..... Low
2026-07-03 06:58:21,923 | INFO | Recommended WPM 145
2026-07-03 06:58:21,923 | INFO | Recommended Rate -5%
2026-07-03 06:58:21,923 | INFO | ============================================================
2026-07-03 06:58:21,923 | INFO | Speech Optimizer
2026-07-03 06:58:21,923 | INFO | ============================================================
2026-07-03 06:58:21,923 | INFO | ============================================================
2026-07-03 06:58:21,923 | INFO | Speech Profile
2026-07-03 06:58:21,923 | INFO | ============================================================
2026-07-03 06:58:21,923 | INFO | Language.......... pt
2026-07-03 06:58:21,923 | INFO | Voice............. pt-BR-FranciscaNeural
2026-07-03 06:58:21,923 | INFO | Provider.......... edge
2026-07-03 06:58:21,923 | INFO | Rate.............. -5%
2026-07-03 06:58:21,923 | INFO | Pitch............. +1Hz
2026-07-03 06:58:21,923 | INFO | Reading Style..... Conversational
2026-07-03 06:58:21,923 | INFO | Pacing............ Fast
2026-07-03 06:58:21,923 | INFO | Complexity........ Low
2026-07-03 06:58:21,923 | INFO | Confidence........ 1.00
2026-07-03 06:58:21,923 | INFO | Optimization Time. 0.11 ms
2026-07-03 06:58:21,923 | INFO | ============================================================
2026-07-03 06:58:21,923 | INFO | Speech Profile generated successfully.
2026-07-03 06:58:21,923 | INFO | Building narration...
2026-07-03 06:58:21,923 | INFO | 3 narration blocks generated.
2026-07-03 06:58:21,923 | INFO | Narration exported to D:\Laboratorio de IA\Speech-AI\output\narration.txt
2026-07-03 06:58:21,923 | INFO | Building speech text...
2026-07-03 06:58:21,923 | INFO | Speech text generated.
2026-07-03 06:58:21,923 | INFO | Speech text exported to D:\Laboratorio de IA\Speech-AI\output\speech.txt
2026-07-03 06:58:21,923 | INFO | ============================================================
2026-07-03 06:58:21,923 | INFO | Speech Service
2026-07-03 06:58:21,923 | INFO | ============================================================
2026-07-03 06:58:21,923 | INFO | Characters: 1728
2026-07-03 06:58:21,923 | INFO | Provider initialized: Microsoft Edge TTS (Microsoft) v1.1.0
2026-07-03 06:58:21,923 | INFO | Provider: Microsoft Edge TTS (Microsoft) v1.1.0
2026-07-03 06:58:21,923 | INFO | TTS Engine initialized with provider: Microsoft Edge TTS (Microsoft) v1.1.0
2026-07-03 06:58:21,923 | INFO | ============================================================
2026-07-03 06:58:21,923 | INFO | TTS Engine
2026-07-03 06:58:21,923 | INFO | ============================================================
2026-07-03 06:58:21,923 | INFO | Provider.....: EdgeProvider
2026-07-03 06:58:21,923 | INFO | Characters...: 1728
2026-07-03 06:58:21,923 | INFO | Output.......: D:\Laboratorio de IA\Speech-AI\output\Audio_Governance_SouthAmerica.mp3
2026-07-03 06:58:21,942 | INFO | Generating audio...
2026-07-03 06:58:21,942 | INFO | Voice.....: pt-BR-FranciscaNeural
2026-07-03 06:58:21,942 | INFO | Rate......: -5%
2026-07-03 06:58:21,942 | INFO | Pitch.....: +1Hz
2026-07-03 06:58:21,942 | INFO | Volume....: +0%
2026-07-03 06:58:23,761 | INFO | Audio generated successfully.
2026-07-03 06:58:23,761 | INFO | TTS finished successfully.
2026-07-03 06:58:23,761 | INFO | Speech synthesis completed.
2026-07-03 06:58:23,761 | INFO | Pipeline finished
2026-07-03 07:28:34,122 | INFO | Pipeline started
2026-07-03 07:28:34,122 | INFO | Starting Text Analyzer
2026-07-03 07:28:34,122 | INFO | Loading script...
2026-07-03 07:28:34,122 | INFO | Normalizing text...
2026-07-03 07:28:34,122 | INFO | Building Presentation...
2026-07-03 07:28:34,122 | INFO | Detecting slides...
2026-07-03 07:28:34,122 | INFO | Calculating statistics...
2026-07-03 07:28:34,122 | INFO | Text Analyzer completed
2026-07-03 07:28:34,122 | INFO | LanguageDetector initialized.
2026-07-03 07:28:34,122 | INFO | VoiceSelector initialized.
2026-07-03 07:28:34,122 | INFO | ============================================================
2026-07-03 07:28:34,122 | INFO | Speech Intelligence Engine
2026-07-03 07:28:34,122 | INFO | ============================================================
2026-07-03 07:28:34,122 | INFO | Starting language detection...
2026-07-03 07:28:34,122 | INFO | Characters: 1550
2026-07-03 07:28:34,306 | INFO | Language detected: Portuguese
2026-07-03 07:28:34,306 | INFO | Confidence: 100.00%
2026-07-03 07:28:34,306 | INFO | Detection time: 186.68 ms
2026-07-03 07:28:34,306 | INFO | Language detected: pt
2026-07-03 07:28:34,306 | INFO | Selecting voice for language 'pt' using provider 'edge'.
2026-07-03 07:28:34,306 | INFO | Voice selected successfully: pt-BR-FranciscaNeural (edge)
2026-07-03 07:28:34,306 | INFO | ============================================================
2026-07-03 07:28:34,306 | INFO | Speech Analyzer Started
2026-07-03 07:28:34,306 | INFO | ============================================================
2026-07-03 07:28:34,306 | INFO | ============================================================
2026-07-03 07:28:34,306 | INFO | Speech Analysis Report
2026-07-03 07:28:34,306 | INFO | ============================================================
2026-07-03 07:28:34,306 | INFO | Words.............. 234
2026-07-03 07:28:34,306 | INFO | Sentences.......... 18
2026-07-03 07:28:34,306 | INFO | Paragraphs......... 4
2026-07-03 07:28:34,306 | INFO | Characters......... 1554
2026-07-03 07:28:34,306 | INFO | List Items......... 0
2026-07-03 07:28:34,306 | INFO | Numbers............ 4
2026-07-03 07:28:34,306 | INFO | Uppercase Words.... 0
2026-07-03 07:28:34,306 | INFO | Vocabulary Density.. 0.67
2026-07-03 07:28:34,306 | INFO | Complexity......... MEDIUM
2026-07-03 07:28:34,306 | INFO | Reading Style...... Presentation
2026-07-03 07:28:34,306 | INFO | Reading Pace....... Normal
2026-07-03 07:28:34,306 | INFO | Execution Time..... 0.59ms
2026-07-03 07:28:34,306 | INFO | ============================================================
2026-07-03 07:28:34,306 | INFO | Speech Analyzer Completed
2026-07-03 07:28:34,306 | INFO | Calculating speech timing...
2026-07-03 07:28:34,306 | INFO | Complexity..... Low
2026-07-03 07:28:34,306 | INFO | Recommended WPM 145
2026-07-03 07:28:34,306 | INFO | Recommended Rate -5%
2026-07-03 07:28:34,306 | INFO | ============================================================
2026-07-03 07:28:34,306 | INFO | Speech Optimizer
2026-07-03 07:28:34,306 | INFO | ============================================================
2026-07-03 07:28:34,306 | INFO | ============================================================
2026-07-03 07:28:34,306 | INFO | Speech Profile
2026-07-03 07:28:34,306 | INFO | ============================================================
2026-07-03 07:28:34,306 | INFO | Language.......... pt
2026-07-03 07:28:34,306 | INFO | Voice............. pt-BR-FranciscaNeural
2026-07-03 07:28:34,306 | INFO | Provider.......... edge
2026-07-03 07:28:34,306 | INFO | Rate.............. -5%
2026-07-03 07:28:34,306 | INFO | Pitch............. +1Hz
2026-07-03 07:28:34,306 | INFO | Reading Style..... Conversational
2026-07-03 07:28:34,306 | INFO | Pacing............ Fast
2026-07-03 07:28:34,306 | INFO | Complexity........ Low
2026-07-03 07:28:34,306 | INFO | Confidence........ 1.00
2026-07-03 07:28:34,306 | INFO | Optimization Time. 0.13 ms
2026-07-03 07:28:34,306 | INFO | ============================================================
2026-07-03 07:28:34,306 | INFO | Speech Profile generated successfully.
2026-07-03 07:28:34,306 | INFO | Building narration...
2026-07-03 07:28:34,306 | INFO | 3 narration blocks generated.
2026-07-03 07:28:34,306 | INFO | Narration exported to D:\Laboratorio de IA\Speech-AI\output\narration.txt
2026-07-03 07:28:34,306 | INFO | Building speech text...
2026-07-03 07:28:34,306 | INFO | Speech text generated.
2026-07-03 07:28:34,306 | INFO | Speech text exported to D:\Laboratorio de IA\Speech-AI\output\speech.txt
2026-07-03 07:28:34,306 | INFO | ============================================================
2026-07-03 07:28:34,306 | INFO | Speech Service
2026-07-03 07:28:34,306 | INFO | ============================================================
2026-07-03 07:28:34,317 | INFO | Characters: 1728
2026-07-03 07:28:34,317 | INFO | Provider initialized: Microsoft Edge TTS (Microsoft) v1.1.0
2026-07-03 07:28:34,317 | INFO | Provider: Microsoft Edge TTS (Microsoft) v1.1.0
2026-07-03 07:28:34,317 | INFO | TTS Engine initialized with provider: Microsoft Edge TTS (Microsoft) v1.1.0
2026-07-03 07:28:34,317 | INFO | ============================================================
2026-07-03 07:28:34,317 | INFO | TTS Engine
2026-07-03 07:28:34,317 | INFO | ============================================================
2026-07-03 07:28:34,317 | INFO | Provider.....: EdgeProvider
2026-07-03 07:28:34,317 | INFO | Characters...: 1728
2026-07-03 07:28:34,317 | INFO | Output.......: D:\Laboratorio de IA\Speech-AI\output\Audio_Governance_SouthAmerica.mp3
2026-07-03 07:28:34,319 | INFO | Generating audio...
2026-07-03 07:28:34,319 | INFO | Voice.....: pt-BR-FranciscaNeural
2026-07-03 07:28:34,319 | INFO | Rate......: -5%
2026-07-03 07:28:34,319 | INFO | Pitch.....: +1Hz
2026-07-03 07:28:34,319 | INFO | Volume....: +0%
2026-07-03 07:28:36,092 | INFO | Audio generated successfully.
2026-07-03 07:28:36,092 | INFO | TTS finished successfully.
2026-07-03 07:28:36,092 | INFO | Speech synthesis completed.
2026-07-03 07:28:36,092 | INFO | Pipeline finished
2026-07-03 09:04:50,091 | INFO | Pipeline started
2026-07-03 09:04:50,091 | INFO | Starting Text Analyzer
2026-07-03 09:04:50,091 | INFO | Loading script...
2026-07-03 09:04:50,091 | INFO | Normalizing text...
2026-07-03 09:04:50,092 | INFO | Building Presentation...
2026-07-03 09:04:50,092 | INFO | Detecting slides...
2026-07-03 09:04:50,092 | INFO | Calculating statistics...
2026-07-03 09:04:50,092 | INFO | Text Analyzer completed
2026-07-03 09:04:50,092 | INFO | LanguageDetector initialized.
2026-07-03 09:04:50,092 | INFO | VoiceSelector initialized.
2026-07-03 09:04:50,092 | INFO | ============================================================
2026-07-03 09:04:50,092 | INFO | Speech Intelligence Engine
2026-07-03 09:04:50,092 | INFO | ============================================================
2026-07-03 09:04:50,092 | INFO | Starting language detection...
2026-07-03 09:04:50,092 | INFO | Characters: 1550
2026-07-03 09:04:50,319 | INFO | Language detected: Portuguese
2026-07-03 09:04:50,319 | INFO | Confidence: 100.00%
2026-07-03 09:04:50,319 | INFO | Detection time: 226.02 ms
2026-07-03 09:04:50,319 | INFO | Language detected: pt
2026-07-03 09:04:50,319 | INFO | Selecting voice for language 'pt' using provider 'edge'.
2026-07-03 09:04:50,319 | INFO | Voice selected successfully: pt-BR-FranciscaNeural (edge)
2026-07-03 09:04:50,319 | INFO | ============================================================
2026-07-03 09:04:50,319 | INFO | Speech Analyzer Started
2026-07-03 09:04:50,319 | INFO | ============================================================
2026-07-03 09:04:50,320 | INFO | ============================================================
2026-07-03 09:04:50,320 | INFO | Speech Analysis Report
2026-07-03 09:04:50,320 | INFO | ============================================================
2026-07-03 09:04:50,320 | INFO | Words.............. 234
2026-07-03 09:04:50,320 | INFO | Sentences.......... 18
2026-07-03 09:04:50,320 | INFO | Paragraphs......... 4
2026-07-03 09:04:50,320 | INFO | Characters......... 1554
2026-07-03 09:04:50,320 | INFO | List Items......... 0
2026-07-03 09:04:50,320 | INFO | Numbers............ 4
2026-07-03 09:04:50,320 | INFO | Uppercase Words.... 0
2026-07-03 09:04:50,320 | INFO | Vocabulary Density.. 0.67
2026-07-03 09:04:50,320 | INFO | Complexity......... MEDIUM
2026-07-03 09:04:50,320 | INFO | Reading Style...... Presentation
2026-07-03 09:04:50,320 | INFO | Reading Pace....... Normal
2026-07-03 09:04:50,320 | INFO | Execution Time..... 0.55ms
2026-07-03 09:04:50,320 | INFO | ============================================================
2026-07-03 09:04:50,320 | INFO | Speech Analyzer Completed
2026-07-03 09:04:50,320 | INFO | Calculating speech timing...
2026-07-03 09:04:50,321 | INFO | Complexity..... Low
2026-07-03 09:04:50,321 | INFO | Recommended WPM 145
2026-07-03 09:04:50,321 | INFO | Recommended Rate -5%
2026-07-03 09:04:50,321 | INFO | ============================================================
2026-07-03 09:04:50,321 | INFO | Speech Optimizer
2026-07-03 09:04:50,321 | INFO | ============================================================
2026-07-03 09:04:50,321 | INFO | ============================================================
2026-07-03 09:04:50,321 | INFO | Speech Profile
2026-07-03 09:04:50,321 | INFO | ============================================================
2026-07-03 09:04:50,321 | INFO | Language.......... pt
2026-07-03 09:04:50,321 | INFO | Voice............. pt-BR-FranciscaNeural
2026-07-03 09:04:50,321 | INFO | Provider.......... edge
2026-07-03 09:04:50,321 | INFO | Rate.............. -5%
2026-07-03 09:04:50,321 | INFO | Pitch............. +1Hz
2026-07-03 09:04:50,321 | INFO | Reading Style..... Conversational
2026-07-03 09:04:50,321 | INFO | Pacing............ Fast
2026-07-03 09:04:50,321 | INFO | Complexity........ Low
2026-07-03 09:04:50,321 | INFO | Confidence........ 1.00
2026-07-03 09:04:50,321 | INFO | Optimization Time. 0.15 ms
2026-07-03 09:04:50,321 | INFO | ============================================================
2026-07-03 09:04:50,321 | INFO | Speech Profile generated successfully.
2026-07-03 09:04:50,322 | INFO | Building narration...
2026-07-03 09:04:50,322 | INFO | 3 narration blocks generated.
2026-07-03 09:04:50,323 | INFO | Narration exported to D:\Laboratorio de IA\Speech-AI\output\narration.txt
2026-07-03 09:04:50,323 | INFO | Building speech text...
2026-07-03 09:04:50,324 | INFO | Speech text generated.
2026-07-03 09:04:50,325 | INFO | Speech text exported to D:\Laboratorio de IA\Speech-AI\output\speech.txt
2026-07-03 09:04:50,325 | INFO | ============================================================
2026-07-03 09:04:50,325 | INFO | Speech Service
2026-07-03 09:04:50,325 | INFO | ============================================================
2026-07-03 09:04:50,326 | INFO | Characters: 1728
2026-07-03 09:04:50,326 | INFO | Provider initialized: Microsoft Edge TTS (Microsoft) v1.1.0
2026-07-03 09:04:50,326 | INFO | Provider: Microsoft Edge TTS (Microsoft) v1.1.0
2026-07-03 09:04:50,326 | INFO | TTS Engine initialized with provider: Microsoft Edge TTS (Microsoft) v1.1.0
2026-07-03 09:04:50,326 | INFO | ============================================================
2026-07-03 09:04:50,326 | INFO | TTS Engine
2026-07-03 09:04:50,326 | INFO | ============================================================
2026-07-03 09:04:50,326 | INFO | Provider.....: EdgeProvider
2026-07-03 09:04:50,326 | INFO | Characters...: 1728
2026-07-03 09:04:50,326 | INFO | Output.......: D:\Laboratorio de IA\Speech-AI\output\Audio_Governance_SouthAmerica.mp3
2026-07-03 09:04:50,328 | INFO | Generating audio...
2026-07-03 09:04:50,328 | INFO | Voice.....: pt-BR-FranciscaNeural
2026-07-03 09:04:50,328 | INFO | Rate......: -5%
2026-07-03 09:04:50,328 | INFO | Pitch.....: +1Hz
2026-07-03 09:04:50,328 | INFO | Volume....: +0%
2026-07-03 09:05:00,154 | INFO | Audio generated successfully.
2026-07-03 09:05:00,156 | INFO | TTS finished successfully.
2026-07-03 09:05:00,156 | INFO | Speech synthesis completed.
2026-07-03 09:05:00,157 | INFO | Pipeline finished
2026-07-03 09:06:10,786 | INFO | Pipeline started
2026-07-03 09:06:10,786 | INFO | Starting Text Analyzer
2026-07-03 09:06:10,786 | INFO | Loading script...
2026-07-03 09:06:10,787 | INFO | Normalizing text...
2026-07-03 09:06:10,787 | INFO | Building Presentation...
2026-07-03 09:06:10,787 | INFO | Detecting slides...
2026-07-03 09:06:10,787 | INFO | Calculating statistics...
2026-07-03 09:06:10,787 | INFO | Text Analyzer completed
2026-07-03 09:06:10,787 | INFO | LanguageDetector initialized.
2026-07-03 09:06:10,787 | INFO | VoiceSelector initialized.
2026-07-03 09:06:10,787 | INFO | ============================================================
2026-07-03 09:06:10,787 | INFO | Speech Intelligence Engine
2026-07-03 09:06:10,787 | INFO | ============================================================
2026-07-03 09:06:10,787 | INFO | Starting language detection...
2026-07-03 09:06:10,787 | INFO | Characters: 49
2026-07-03 09:06:10,992 | INFO | Language detected: Portuguese
2026-07-03 09:06:10,994 | INFO | Confidence: 100.00%
2026-07-03 09:06:10,994 | INFO | Detection time: 205.54 ms
2026-07-03 09:06:10,994 | INFO | Language detected: pt
2026-07-03 09:06:10,994 | INFO | Selecting voice for language 'pt' using provider 'edge'.
2026-07-03 09:06:10,994 | INFO | Voice selected successfully: pt-BR-FranciscaNeural (edge)
2026-07-03 09:06:10,994 | INFO | ============================================================
2026-07-03 09:06:10,994 | INFO | Speech Analyzer Started
2026-07-03 09:06:10,994 | INFO | ============================================================
2026-07-03 09:06:10,994 | INFO | ============================================================
2026-07-03 09:06:10,994 | INFO | Speech Analysis Report
2026-07-03 09:06:10,994 | INFO | ============================================================
2026-07-03 09:06:10,994 | INFO | Words.............. 13
2026-07-03 09:06:10,994 | INFO | Sentences.......... 1
2026-07-03 09:06:10,994 | INFO | Paragraphs......... 1
2026-07-03 09:06:10,994 | INFO | Characters......... 49
2026-07-03 09:06:10,994 | INFO | List Items......... 0
2026-07-03 09:06:10,994 | INFO | Numbers............ 0
2026-07-03 09:06:10,994 | INFO | Uppercase Words.... 0
2026-07-03 09:06:10,994 | INFO | Vocabulary Density.. 0.54
2026-07-03 09:06:10,994 | INFO | Complexity......... MEDIUM
2026-07-03 09:06:10,994 | INFO | Reading Style...... Presentation
2026-07-03 09:06:10,994 | INFO | Reading Pace....... Normal
2026-07-03 09:06:10,994 | INFO | Execution Time..... 0.37ms
2026-07-03 09:06:10,994 | INFO | ============================================================
2026-07-03 09:06:10,995 | INFO | Speech Analyzer Completed
2026-07-03 09:06:10,995 | INFO | Calculating speech timing...
2026-07-03 09:06:10,995 | INFO | Complexity..... Low
2026-07-03 09:06:10,995 | INFO | Recommended WPM 145
2026-07-03 09:06:10,995 | INFO | Recommended Rate -5%
2026-07-03 09:06:10,995 | INFO | ============================================================
2026-07-03 09:06:10,995 | INFO | Speech Optimizer
2026-07-03 09:06:10,995 | INFO | ============================================================
2026-07-03 09:06:10,995 | INFO | ============================================================
2026-07-03 09:06:10,995 | INFO | Speech Profile
2026-07-03 09:06:10,995 | INFO | ============================================================
2026-07-03 09:06:10,995 | INFO | Language.......... pt
2026-07-03 09:06:10,995 | INFO | Voice............. pt-BR-FranciscaNeural
2026-07-03 09:06:10,995 | INFO | Provider.......... edge
2026-07-03 09:06:10,995 | INFO | Rate.............. -5%
2026-07-03 09:06:10,995 | INFO | Pitch............. +1Hz
2026-07-03 09:06:10,995 | INFO | Reading Style..... Conversational
2026-07-03 09:06:10,995 | INFO | Pacing............ Fast
2026-07-03 09:06:10,995 | INFO | Complexity........ Low
2026-07-03 09:06:10,995 | INFO | Confidence........ 0.80
2026-07-03 09:06:10,995 | INFO | Optimization Time. 0.12 ms
2026-07-03 09:06:10,995 | INFO | ============================================================
2026-07-03 09:06:10,995 | INFO | Speech Profile generated successfully.
2026-07-03 09:06:10,997 | INFO | Building narration...
2026-07-03 09:06:10,997 | INFO | 1 narration blocks generated.
2026-07-03 09:06:10,998 | INFO | Narration exported to D:\Laboratorio de IA\Speech-AI\output\narration.txt
2026-07-03 09:06:10,998 | INFO | Building speech text...
2026-07-03 09:06:10,998 | INFO | Speech text generated.
2026-07-03 09:06:10,999 | INFO | Speech text exported to D:\Laboratorio de IA\Speech-AI\output\speech.txt
2026-07-03 09:06:10,999 | INFO | ============================================================
2026-07-03 09:06:10,999 | INFO | Speech Service
2026-07-03 09:06:10,999 | INFO | ============================================================
2026-07-03 09:06:11,000 | INFO | Characters: 58
2026-07-03 09:06:11,000 | INFO | Provider initialized: Microsoft Edge TTS (Microsoft) v1.1.0
2026-07-03 09:06:11,000 | INFO | Provider: Microsoft Edge TTS (Microsoft) v1.1.0
2026-07-03 09:06:11,000 | INFO | TTS Engine initialized with provider: Microsoft Edge TTS (Microsoft) v1.1.0
2026-07-03 09:06:11,000 | INFO | ============================================================
2026-07-03 09:06:11,000 | INFO | TTS Engine
2026-07-03 09:06:11,000 | INFO | ============================================================
2026-07-03 09:06:11,000 | INFO | Provider.....: EdgeProvider
2026-07-03 09:06:11,000 | INFO | Characters...: 58
2026-07-03 09:06:11,000 | INFO | Output.......: D:\Laboratorio de IA\Speech-AI\output\Audio_Governance_SouthAmerica.mp3
2026-07-03 09:06:11,002 | INFO | Generating audio...
2026-07-03 09:06:11,002 | INFO | Voice.....: pt-BR-FranciscaNeural
2026-07-03 09:06:11,002 | INFO | Rate......: -5%
2026-07-03 09:06:11,002 | INFO | Pitch.....: +1Hz
2026-07-03 09:06:11,002 | INFO | Volume....: +0%
2026-07-03 09:06:12,380 | INFO | Audio generated successfully.
2026-07-03 09:06:12,383 | INFO | TTS finished successfully.
2026-07-03 09:06:12,383 | INFO | Speech synthesis completed.
2026-07-03 09:06:12,384 | INFO | Pipeline finished
2026-07-03 09:59:36,358 | INFO | Pipeline started
2026-07-03 09:59:36,358 | INFO | Starting Text Analyzer
2026-07-03 09:59:36,358 | INFO | Loading script...
2026-07-03 09:59:36,358 | INFO | Normalizing text...
2026-07-03 09:59:36,359 | INFO | Building Presentation...
2026-07-03 09:59:36,359 | INFO | Detecting slides...
2026-07-03 09:59:36,359 | INFO | Calculating statistics...
2026-07-03 09:59:36,359 | INFO | Text Analyzer completed
2026-07-03 09:59:36,359 | INFO | LanguageDetector initialized.
2026-07-03 09:59:36,359 | INFO | VoiceSelector initialized.
2026-07-03 09:59:36,359 | INFO | ============================================================
2026-07-03 09:59:36,359 | INFO | Speech Intelligence Engine
2026-07-03 09:59:36,359 | INFO | ============================================================
2026-07-03 09:59:36,359 | INFO | Starting language detection...
2026-07-03 09:59:36,359 | INFO | Characters: 49
2026-07-03 09:59:36,574 | INFO | Language detected: Portuguese
2026-07-03 09:59:36,574 | INFO | Confidence: 100.00%
2026-07-03 09:59:36,574 | INFO | Detection time: 214.42 ms
2026-07-03 09:59:36,574 | INFO | Language detected: pt
2026-07-03 09:59:36,574 | INFO | Selecting voice for language 'pt' using provider 'edge'.
2026-07-03 09:59:36,574 | INFO | Voice selected successfully: pt-BR-FranciscaNeural (edge)
2026-07-03 09:59:36,574 | INFO | ============================================================
2026-07-03 09:59:36,574 | INFO | Speech Analyzer Started
2026-07-03 09:59:36,574 | INFO | ============================================================
2026-07-03 09:59:36,575 | INFO | ============================================================
2026-07-03 09:59:36,575 | INFO | Speech Analysis Report
2026-07-03 09:59:36,575 | INFO | ============================================================
2026-07-03 09:59:36,575 | INFO | Words.............. 13
2026-07-03 09:59:36,575 | INFO | Sentences.......... 1
2026-07-03 09:59:36,575 | INFO | Paragraphs......... 1
2026-07-03 09:59:36,575 | INFO | Characters......... 49
2026-07-03 09:59:36,575 | INFO | List Items......... 0
2026-07-03 09:59:36,575 | INFO | Numbers............ 0
2026-07-03 09:59:36,575 | INFO | Uppercase Words.... 0
2026-07-03 09:59:36,575 | INFO | Vocabulary Density.. 0.54
2026-07-03 09:59:36,575 | INFO | Complexity......... MEDIUM
2026-07-03 09:59:36,575 | INFO | Reading Style...... Presentation
2026-07-03 09:59:36,575 | INFO | Reading Pace....... Normal
2026-07-03 09:59:36,575 | INFO | Execution Time..... 0.38ms
2026-07-03 09:59:36,575 | INFO | ============================================================
2026-07-03 09:59:36,575 | INFO | Speech Analyzer Completed
2026-07-03 09:59:36,575 | INFO | Calculating speech timing...
2026-07-03 09:59:36,575 | INFO | Complexity..... Low
2026-07-03 09:59:36,575 | INFO | Recommended WPM 145
2026-07-03 09:59:36,575 | INFO | Recommended Rate -5%
2026-07-03 09:59:36,575 | INFO | ============================================================
2026-07-03 09:59:36,575 | INFO | Speech Optimizer
2026-07-03 09:59:36,575 | INFO | ============================================================
2026-07-03 09:59:36,575 | INFO | ============================================================
2026-07-03 09:59:36,576 | INFO | Speech Profile
2026-07-03 09:59:36,576 | INFO | ============================================================
2026-07-03 09:59:36,576 | INFO | Language.......... pt
2026-07-03 09:59:36,576 | INFO | Voice............. pt-BR-FranciscaNeural
2026-07-03 09:59:36,576 | INFO | Provider.......... edge
2026-07-03 09:59:36,576 | INFO | Rate.............. -5%
2026-07-03 09:59:36,576 | INFO | Pitch............. +1Hz
2026-07-03 09:59:36,576 | INFO | Reading Style..... Conversational
2026-07-03 09:59:36,576 | INFO | Pacing............ Fast
2026-07-03 09:59:36,576 | INFO | Complexity........ Low
2026-07-03 09:59:36,576 | INFO | Confidence........ 0.80
2026-07-03 09:59:36,576 | INFO | Optimization Time. 0.13 ms
2026-07-03 09:59:36,576 | INFO | ============================================================
2026-07-03 09:59:36,576 | INFO | Speech Profile generated successfully.
2026-07-03 09:59:36,577 | INFO | Building narration...
2026-07-03 09:59:36,577 | INFO | 1 narration blocks generated.
2026-07-03 09:59:36,578 | INFO | Narration exported to D:\Laboratorio de IA\Speech-AI\output\narration.txt
2026-07-03 09:59:36,578 | INFO | Building speech text...
2026-07-03 09:59:36,579 | INFO | Speech text generated.
2026-07-03 09:59:36,579 | INFO | Speech text exported to D:\Laboratorio de IA\Speech-AI\output\speech.txt
2026-07-03 09:59:36,579 | INFO | ============================================================
2026-07-03 09:59:36,579 | INFO | Speech Service
2026-07-03 09:59:36,579 | INFO | ============================================================
2026-07-03 09:59:36,580 | INFO | Characters: 58
2026-07-03 09:59:36,580 | INFO | Provider initialized: Microsoft Edge TTS (Microsoft) v1.1.0
2026-07-03 09:59:36,580 | INFO | Provider: Microsoft Edge TTS (Microsoft) v1.1.0
2026-07-03 09:59:36,580 | INFO | TTS Engine initialized with provider: Microsoft Edge TTS (Microsoft) v1.1.0
2026-07-03 09:59:36,580 | INFO | ============================================================
2026-07-03 09:59:36,580 | INFO | TTS Engine
2026-07-03 09:59:36,580 | INFO | ============================================================
2026-07-03 09:59:36,580 | INFO | Provider.....: EdgeProvider
2026-07-03 09:59:36,580 | INFO | Characters...: 58
2026-07-03 09:59:36,580 | INFO | Output.......: D:\Laboratorio de IA\Speech-AI\output\Audio_Governance_SouthAmerica.mp3
2026-07-03 09:59:36,582 | INFO | Generating audio...
2026-07-03 09:59:36,582 | INFO | Voice.....: pt-BR-FranciscaNeural
2026-07-03 09:59:36,582 | INFO | Rate......: -5%
2026-07-03 09:59:36,582 | INFO | Pitch.....: +1Hz
2026-07-03 09:59:36,582 | INFO | Volume....: +0%
2026-07-03 09:59:37,854 | INFO | Audio generated successfully.
2026-07-03 09:59:37,857 | INFO | TTS finished successfully.
2026-07-03 09:59:37,857 | INFO | Speech synthesis completed.
2026-07-03 09:59:37,858 | INFO | Pipeline finished
2026-07-03 11:10:42,212 | INFO | Pipeline started
2026-07-03 11:10:42,212 | INFO | Starting Text Analyzer
2026-07-03 11:10:42,212 | INFO | Loading script...
2026-07-03 11:10:42,212 | INFO | Normalizing text...
2026-07-03 11:10:42,212 | INFO | Building Presentation...
2026-07-03 11:10:42,212 | INFO | Detecting slides...
2026-07-03 11:10:42,212 | INFO | Calculating statistics...
2026-07-03 11:10:42,212 | INFO | Text Analyzer completed
2026-07-03 11:10:42,212 | INFO | LanguageDetector initialized.
2026-07-03 11:10:42,212 | INFO | VoiceSelector initialized.
2026-07-03 11:10:42,212 | INFO | ============================================================
2026-07-03 11:10:42,212 | INFO | Speech Intelligence Engine
2026-07-03 11:10:42,212 | INFO | ============================================================
2026-07-03 11:10:42,212 | INFO | Starting language detection...
2026-07-03 11:10:42,212 | INFO | Characters: 559
2026-07-03 11:10:42,396 | INFO | Language detected: English
2026-07-03 11:10:42,396 | INFO | Confidence: 100.00%
2026-07-03 11:10:42,396 | INFO | Detection time: 183.69 ms
2026-07-03 11:10:42,396 | INFO | Language detected: en
2026-07-03 11:10:42,396 | INFO | Selecting voice for language 'en' using provider 'edge'.
2026-07-03 11:10:42,396 | INFO | Voice selected successfully: en-US-GuyNeural (edge)
2026-07-03 11:10:42,396 | INFO | ============================================================
2026-07-03 11:10:42,396 | INFO | Speech Analyzer Started
2026-07-03 11:10:42,396 | INFO | ============================================================
2026-07-03 11:10:42,396 | INFO | ============================================================
2026-07-03 11:10:42,396 | INFO | Speech Analysis Report
2026-07-03 11:10:42,396 | INFO | ============================================================
2026-07-03 11:10:42,396 | INFO | Words.............. 73
2026-07-03 11:10:42,396 | INFO | Sentences.......... 3
2026-07-03 11:10:42,396 | INFO | Paragraphs......... 3
2026-07-03 11:10:42,396 | INFO | Characters......... 561
2026-07-03 11:10:42,396 | INFO | List Items......... 0
2026-07-03 11:10:42,396 | INFO | Numbers............ 0
2026-07-03 11:10:42,396 | INFO | Uppercase Words.... 1
2026-07-03 11:10:42,396 | INFO | Vocabulary Density.. 0.85
2026-07-03 11:10:42,396 | INFO | Complexity......... HIGH
2026-07-03 11:10:42,396 | INFO | Reading Style...... Technical
2026-07-03 11:10:42,396 | INFO | Reading Pace....... Slow
2026-07-03 11:10:42,396 | INFO | Execution Time..... 0.37ms
2026-07-03 11:10:42,396 | INFO | ============================================================
2026-07-03 11:10:42,396 | INFO | Speech Analyzer Completed
2026-07-03 11:10:42,396 | INFO | Calculating speech timing...
2026-07-03 11:10:42,396 | INFO | Complexity..... High
2026-07-03 11:10:42,396 | INFO | Recommended WPM 130
2026-07-03 11:10:42,396 | INFO | Recommended Rate -15%
2026-07-03 11:10:42,396 | INFO | ============================================================
2026-07-03 11:10:42,396 | INFO | Speech Optimizer
2026-07-03 11:10:42,396 | INFO | ============================================================
2026-07-03 11:10:42,396 | INFO | ============================================================
2026-07-03 11:10:42,396 | INFO | Speech Profile
2026-07-03 11:10:42,396 | INFO | ============================================================
2026-07-03 11:10:42,396 | INFO | Language.......... en
2026-07-03 11:10:42,396 | INFO | Voice............. en-US-GuyNeural
2026-07-03 11:10:42,396 | INFO | Provider.......... edge
2026-07-03 11:10:42,396 | INFO | Rate.............. -15%
2026-07-03 11:10:42,396 | INFO | Pitch............. -1Hz
2026-07-03 11:10:42,396 | INFO | Reading Style..... Technical
2026-07-03 11:10:42,396 | INFO | Pacing............ Slow
2026-07-03 11:10:42,396 | INFO | Complexity........ High
2026-07-03 11:10:42,396 | INFO | Confidence........ 0.80
2026-07-03 11:10:42,396 | INFO | Optimization Time. 0.12 ms
2026-07-03 11:10:42,396 | INFO | ============================================================
2026-07-03 11:10:42,396 | INFO | Speech Profile generated successfully.
2026-07-03 11:10:42,396 | INFO | Building narration...
2026-07-03 11:10:42,396 | INFO | 1 narration blocks generated.
2026-07-03 11:10:42,396 | INFO | Narration exported to D:\Laboratorio de IA\Speech-AI\output\narration.txt
2026-07-03 11:10:42,396 | INFO | Building speech text...
2026-07-03 11:10:42,396 | INFO | Speech text generated.
2026-07-03 11:10:42,396 | INFO | Speech text exported to D:\Laboratorio de IA\Speech-AI\output\speech.txt
2026-07-03 11:10:42,396 | INFO | ============================================================
2026-07-03 11:10:42,396 | INFO | Speech Service
2026-07-03 11:10:42,396 | INFO | ============================================================
2026-07-03 11:10:42,403 | INFO | Characters: 598
2026-07-03 11:10:42,403 | INFO | Provider initialized: Microsoft Edge TTS (Microsoft) v1.1.0
2026-07-03 11:10:42,403 | INFO | Provider: Microsoft Edge TTS (Microsoft) v1.1.0
2026-07-03 11:10:42,403 | INFO | TTS Engine initialized with provider: Microsoft Edge TTS (Microsoft) v1.1.0
2026-07-03 11:10:42,403 | INFO | ============================================================
2026-07-03 11:10:42,403 | INFO | TTS Engine
2026-07-03 11:10:42,403 | INFO | ============================================================
2026-07-03 11:10:42,403 | INFO | Provider.....: EdgeProvider
2026-07-03 11:10:42,403 | INFO | Characters...: 598
2026-07-03 11:10:42,403 | INFO | Output.......: D:\Laboratorio de IA\Speech-AI\output\Audio_Governance_SouthAmerica.mp3
2026-07-03 11:10:42,403 | INFO | Generating audio...
2026-07-03 11:10:42,403 | INFO | Voice.....: en-US-GuyNeural
2026-07-03 11:10:42,403 | INFO | Rate......: -15%
2026-07-03 11:10:42,403 | INFO | Pitch.....: -1Hz
2026-07-03 11:10:42,403 | INFO | Volume....: +0%
2026-07-03 11:10:46,223 | INFO | Audio generated successfully.
2026-07-03 11:10:46,223 | INFO | TTS finished successfully.
2026-07-03 11:10:46,223 | INFO | Speech synthesis completed.
2026-07-03 11:10:46,223 | INFO | Pipeline finished
2026-07-03 11:12:09,068 | INFO | Pipeline started
2026-07-03 11:12:09,068 | INFO | Starting Text Analyzer
2026-07-03 11:12:09,068 | INFO | Loading script...
2026-07-03 11:12:09,068 | INFO | Normalizing text...
2026-07-03 11:12:09,068 | INFO | Building Presentation...
2026-07-03 11:12:09,068 | INFO | Detecting slides...
2026-07-03 11:12:09,068 | INFO | Calculating statistics...
2026-07-03 11:12:09,068 | INFO | Text Analyzer completed
2026-07-03 11:12:09,068 | INFO | LanguageDetector initialized.
2026-07-03 11:12:09,068 | INFO | VoiceSelector initialized.
2026-07-03 11:12:09,068 | INFO | ============================================================
2026-07-03 11:12:09,068 | INFO | Speech Intelligence Engine
2026-07-03 11:12:09,068 | INFO | ============================================================
2026-07-03 11:12:09,068 | INFO | Starting language detection...
2026-07-03 11:12:09,068 | INFO | Characters: 441
2026-07-03 11:12:09,248 | INFO | Language detected: English
2026-07-03 11:12:09,248 | INFO | Confidence: 100.00%
2026-07-03 11:12:09,248 | INFO | Detection time: 181.21 ms
2026-07-03 11:12:09,248 | INFO | Language detected: en
2026-07-03 11:12:09,248 | INFO | Selecting voice for language 'en' using provider 'edge'.
2026-07-03 11:12:09,248 | INFO | Voice selected successfully: en-US-GuyNeural (edge)
2026-07-03 11:12:09,248 | INFO | ============================================================
2026-07-03 11:12:09,248 | INFO | Speech Analyzer Started
2026-07-03 11:12:09,248 | INFO | ============================================================
2026-07-03 11:12:09,248 | INFO | ============================================================
2026-07-03 11:12:09,248 | INFO | Speech Analysis Report
2026-07-03 11:12:09,248 | INFO | ============================================================
2026-07-03 11:12:09,248 | INFO | Words.............. 61
2026-07-03 11:12:09,248 | INFO | Sentences.......... 3
2026-07-03 11:12:09,248 | INFO | Paragraphs......... 3
2026-07-03 11:12:09,248 | INFO | Characters......... 443
2026-07-03 11:12:09,248 | INFO | List Items......... 0
2026-07-03 11:12:09,248 | INFO | Numbers............ 0
2026-07-03 11:12:09,248 | INFO | Uppercase Words.... 3
2026-07-03 11:12:09,248 | INFO | Vocabulary Density.. 0.90
2026-07-03 11:12:09,248 | INFO | Complexity......... HIGH
2026-07-03 11:12:09,248 | INFO | Reading Style...... Technical
2026-07-03 11:12:09,248 | INFO | Reading Pace....... Slow
2026-07-03 11:12:09,248 | INFO | Execution Time..... 0.41ms
2026-07-03 11:12:09,248 | INFO | ============================================================
2026-07-03 11:12:09,248 | INFO | Speech Analyzer Completed
2026-07-03 11:12:09,248 | INFO | Calculating speech timing...
2026-07-03 11:12:09,248 | INFO | Complexity..... Medium
2026-07-03 11:12:09,248 | INFO | Recommended WPM 140
2026-07-03 11:12:09,248 | INFO | Recommended Rate -10%
2026-07-03 11:12:09,248 | INFO | ============================================================
2026-07-03 11:12:09,253 | INFO | Speech Optimizer
2026-07-03 11:12:09,253 | INFO | ============================================================
2026-07-03 11:12:09,253 | INFO | ============================================================
2026-07-03 11:12:09,253 | INFO | Speech Profile
2026-07-03 11:12:09,253 | INFO | ============================================================
2026-07-03 11:12:09,253 | INFO | Language.......... en
2026-07-03 11:12:09,253 | INFO | Voice............. en-US-GuyNeural
2026-07-03 11:12:09,253 | INFO | Provider.......... edge
2026-07-03 11:12:09,253 | INFO | Rate.............. -10%
2026-07-03 11:12:09,253 | INFO | Pitch............. +0Hz
2026-07-03 11:12:09,253 | INFO | Reading Style..... Technical
2026-07-03 11:12:09,253 | INFO | Pacing............ Normal
2026-07-03 11:12:09,253 | INFO | Complexity........ Medium
2026-07-03 11:12:09,253 | INFO | Confidence........ 0.80
2026-07-03 11:12:09,253 | INFO | Optimization Time. 0.12 ms
2026-07-03 11:12:09,253 | INFO | ============================================================
2026-07-03 11:12:09,253 | INFO | Speech Profile generated successfully.
2026-07-03 11:12:09,253 | INFO | Building narration...
2026-07-03 11:12:09,253 | INFO | 1 narration blocks generated.
2026-07-03 11:12:09,253 | INFO | Narration exported to D:\Laboratorio de IA\Speech-AI\output\narration.txt
2026-07-03 11:12:09,253 | INFO | Building speech text...
2026-07-03 11:12:09,253 | INFO | Speech text generated.
2026-07-03 11:12:09,256 | INFO | Speech text exported to D:\Laboratorio de IA\Speech-AI\output\speech.txt
2026-07-03 11:12:09,256 | INFO | ============================================================
2026-07-03 11:12:09,256 | INFO | Speech Service
2026-07-03 11:12:09,256 | INFO | ============================================================
2026-07-03 11:12:09,256 | INFO | Characters: 466
2026-07-03 11:12:09,256 | INFO | Provider initialized: Microsoft Edge TTS (Microsoft) v1.1.0
2026-07-03 11:12:09,256 | INFO | Provider: Microsoft Edge TTS (Microsoft) v1.1.0
2026-07-03 11:12:09,256 | INFO | TTS Engine initialized with provider: Microsoft Edge TTS (Microsoft) v1.1.0
2026-07-03 11:12:09,256 | INFO | ============================================================
2026-07-03 11:12:09,256 | INFO | TTS Engine
2026-07-03 11:12:09,256 | INFO | ============================================================
2026-07-03 11:12:09,256 | INFO | Provider.....: EdgeProvider
2026-07-03 11:12:09,256 | INFO | Characters...: 466
2026-07-03 11:12:09,256 | INFO | Output.......: D:\Laboratorio de IA\Speech-AI\output\Audio_Governance_SouthAmerica.mp3
2026-07-03 11:12:09,258 | INFO | Generating audio...
2026-07-03 11:12:09,258 | INFO | Voice.....: en-US-GuyNeural
2026-07-03 11:12:09,258 | INFO | Rate......: -10%
2026-07-03 11:12:09,258 | INFO | Pitch.....: +0Hz
2026-07-03 11:12:09,258 | INFO | Volume....: +0%
2026-07-03 11:12:11,033 | INFO | Audio generated successfully.
2026-07-03 11:12:11,033 | INFO | TTS finished successfully.
2026-07-03 11:12:11,033 | INFO | Speech synthesis completed.
2026-07-03 11:12:11,033 | INFO | Pipeline finished
2026-07-03 11:15:19,150 | INFO | Pipeline started
2026-07-03 11:15:19,150 | INFO | Starting Text Analyzer
2026-07-03 11:15:19,150 | INFO | Loading script...
2026-07-03 11:15:19,150 | INFO | Normalizing text...
2026-07-03 11:15:19,150 | INFO | Building Presentation...
2026-07-03 11:15:19,150 | INFO | Detecting slides...
2026-07-03 11:15:19,150 | INFO | Calculating statistics...
2026-07-03 11:15:19,150 | INFO | Text Analyzer completed
2026-07-03 11:15:19,150 | INFO | LanguageDetector initialized.
2026-07-03 11:15:19,150 | INFO | VoiceSelector initialized.
2026-07-03 11:15:19,150 | INFO | ============================================================
2026-07-03 11:15:19,150 | INFO | Speech Intelligence Engine
2026-07-03 11:15:19,150 | INFO | ============================================================
2026-07-03 11:15:19,150 | INFO | Starting language detection...
2026-07-03 11:15:19,150 | INFO | Characters: 444
2026-07-03 11:15:19,336 | INFO | Language detected: English
2026-07-03 11:15:19,336 | INFO | Confidence: 100.00%
2026-07-03 11:15:19,336 | INFO | Detection time: 184.84 ms
2026-07-03 11:15:19,336 | INFO | Language detected: en
2026-07-03 11:15:19,336 | INFO | Selecting voice for language 'en' using provider 'edge'.
2026-07-03 11:15:19,336 | INFO | Voice selected successfully: en-US-GuyNeural (edge)
2026-07-03 11:15:19,336 | INFO | ============================================================
2026-07-03 11:15:19,336 | INFO | Speech Analyzer Started
2026-07-03 11:15:19,336 | INFO | ============================================================
2026-07-03 11:15:19,336 | INFO | ============================================================
2026-07-03 11:15:19,336 | INFO | Speech Analysis Report
2026-07-03 11:15:19,336 | INFO | ============================================================
2026-07-03 11:15:19,336 | INFO | Words.............. 47
2026-07-03 11:15:19,336 | INFO | Sentences.......... 3
2026-07-03 11:15:19,336 | INFO | Paragraphs......... 3
2026-07-03 11:15:19,336 | INFO | Characters......... 446
2026-07-03 11:15:19,336 | INFO | List Items......... 0
2026-07-03 11:15:19,336 | INFO | Numbers............ 0
2026-07-03 11:15:19,336 | INFO | Uppercase Words.... 0
2026-07-03 11:15:19,336 | INFO | Vocabulary Density.. 0.94
2026-07-03 11:15:19,336 | INFO | Complexity......... HIGH
2026-07-03 11:15:19,336 | INFO | Reading Style...... Presentation
2026-07-03 11:15:19,336 | INFO | Reading Pace....... Normal
2026-07-03 11:15:19,336 | INFO | Execution Time..... 0.37ms
2026-07-03 11:15:19,336 | INFO | ============================================================
2026-07-03 11:15:19,336 | INFO | Speech Analyzer Completed
2026-07-03 11:15:19,336 | INFO | Calculating speech timing...
2026-07-03 11:15:19,336 | INFO | Complexity..... Low
2026-07-03 11:15:19,336 | INFO | Recommended WPM 150
2026-07-03 11:15:19,336 | INFO | Recommended Rate -5%
2026-07-03 11:15:19,336 | INFO | ============================================================
2026-07-03 11:15:19,336 | INFO | Speech Optimizer
2026-07-03 11:15:19,336 | INFO | ============================================================
2026-07-03 11:15:19,336 | INFO | ============================================================
2026-07-03 11:15:19,336 | INFO | Speech Profile
2026-07-03 11:15:19,336 | INFO | ============================================================
2026-07-03 11:15:19,336 | INFO | Language.......... en
2026-07-03 11:15:19,336 | INFO | Voice............. en-US-GuyNeural
2026-07-03 11:15:19,336 | INFO | Provider.......... edge
2026-07-03 11:15:19,336 | INFO | Rate.............. -5%
2026-07-03 11:15:19,336 | INFO | Pitch............. +1Hz
2026-07-03 11:15:19,336 | INFO | Reading Style..... Business
2026-07-03 11:15:19,336 | INFO | Pacing............ Fast
2026-07-03 11:15:19,336 | INFO | Complexity........ Low
2026-07-03 11:15:19,336 | INFO | Confidence........ 0.80
2026-07-03 11:15:19,336 | INFO | Optimization Time. 0.12 ms
2026-07-03 11:15:19,336 | INFO | ============================================================
2026-07-03 11:15:19,336 | INFO | Speech Profile generated successfully.
2026-07-03 11:15:19,340 | INFO | Building narration...
2026-07-03 11:15:19,340 | INFO | 1 narration blocks generated.
2026-07-03 11:15:19,340 | INFO | Narration exported to D:\Laboratorio de IA\Speech-AI\output\narration.txt
2026-07-03 11:15:19,340 | INFO | Building speech text...
2026-07-03 11:15:19,340 | INFO | Speech text generated.
2026-07-03 11:15:19,340 | INFO | Speech text exported to D:\Laboratorio de IA\Speech-AI\output\speech.txt
2026-07-03 11:15:19,340 | INFO | ============================================================
2026-07-03 11:15:19,340 | INFO | Speech Service
2026-07-03 11:15:19,340 | INFO | ============================================================
2026-07-03 11:15:19,340 | INFO | Characters: 490
2026-07-03 11:15:19,340 | INFO | Provider initialized: Microsoft Edge TTS (Microsoft) v1.1.0
2026-07-03 11:15:19,340 | INFO | Provider: Microsoft Edge TTS (Microsoft) v1.1.0
2026-07-03 11:15:19,340 | INFO | TTS Engine initialized with provider: Microsoft Edge TTS (Microsoft) v1.1.0
2026-07-03 11:15:19,340 | INFO | ============================================================
2026-07-03 11:15:19,340 | INFO | TTS Engine
2026-07-03 11:15:19,340 | INFO | ============================================================
2026-07-03 11:15:19,340 | INFO | Provider.....: EdgeProvider
2026-07-03 11:15:19,340 | INFO | Characters...: 490
2026-07-03 11:15:19,340 | INFO | Output.......: D:\Laboratorio de IA\Speech-AI\output\Audio_Governance_SouthAmerica.mp3
2026-07-03 11:15:19,340 | INFO | Generating audio...
2026-07-03 11:15:19,340 | INFO | Voice.....: en-US-GuyNeural
2026-07-03 11:15:19,340 | INFO | Rate......: -5%
2026-07-03 11:15:19,340 | INFO | Pitch.....: +1Hz
2026-07-03 11:15:19,340 | INFO | Volume....: +0%
2026-07-03 11:15:25,252 | INFO | Pipeline started
2026-07-03 11:15:25,252 | INFO | Starting Text Analyzer
2026-07-03 11:15:25,252 | INFO | Loading script...
2026-07-03 11:15:25,252 | INFO | Normalizing text...
2026-07-03 11:15:25,252 | INFO | Building Presentation...
2026-07-03 11:15:25,252 | INFO | Detecting slides...
2026-07-03 11:15:25,252 | INFO | Calculating statistics...
2026-07-03 11:15:25,252 | INFO | Text Analyzer completed
2026-07-03 11:15:25,252 | INFO | LanguageDetector initialized.
2026-07-03 11:15:25,252 | INFO | VoiceSelector initialized.
2026-07-03 11:15:25,252 | INFO | ============================================================
2026-07-03 11:15:25,252 | INFO | Speech Intelligence Engine
2026-07-03 11:15:25,252 | INFO | ============================================================
2026-07-03 11:15:25,252 | INFO | Starting language detection...
2026-07-03 11:15:25,252 | INFO | Characters: 444
2026-07-03 11:15:25,448 | INFO | Language detected: English
2026-07-03 11:15:25,448 | INFO | Confidence: 100.00%
2026-07-03 11:15:25,448 | INFO | Detection time: 190.04 ms
2026-07-03 11:15:25,448 | INFO | Language detected: en
2026-07-03 11:15:25,448 | INFO | Selecting voice for language 'en' using provider 'edge'.
2026-07-03 11:15:25,448 | INFO | Voice selected successfully: en-US-GuyNeural (edge)
2026-07-03 11:15:25,448 | INFO | ============================================================
2026-07-03 11:15:25,448 | INFO | Speech Analyzer Started
2026-07-03 11:15:25,448 | INFO | ============================================================
2026-07-03 11:15:25,448 | INFO | ============================================================
2026-07-03 11:15:25,448 | INFO | Speech Analysis Report
2026-07-03 11:15:25,448 | INFO | ============================================================
2026-07-03 11:15:25,448 | INFO | Words.............. 47
2026-07-03 11:15:25,448 | INFO | Sentences.......... 3
2026-07-03 11:15:25,448 | INFO | Paragraphs......... 3
2026-07-03 11:15:25,448 | INFO | Characters......... 446
2026-07-03 11:15:25,448 | INFO | List Items......... 0
2026-07-03 11:15:25,448 | INFO | Numbers............ 0
2026-07-03 11:15:25,448 | INFO | Uppercase Words.... 0
2026-07-03 11:15:25,448 | INFO | Vocabulary Density.. 0.94
2026-07-03 11:15:25,448 | INFO | Complexity......... HIGH
2026-07-03 11:15:25,448 | INFO | Reading Style...... Presentation
2026-07-03 11:15:25,448 | INFO | Reading Pace....... Normal
2026-07-03 11:15:25,448 | INFO | Execution Time..... 0.47ms
2026-07-03 11:15:25,448 | INFO | ============================================================
2026-07-03 11:15:25,448 | INFO | Speech Analyzer Completed
2026-07-03 11:15:25,448 | INFO | Calculating speech timing...
2026-07-03 11:15:25,448 | INFO | Complexity..... Low
2026-07-03 11:15:25,448 | INFO | Recommended WPM 150
2026-07-03 11:15:25,448 | INFO | Recommended Rate -5%
2026-07-03 11:15:25,448 | INFO | ============================================================
2026-07-03 11:15:25,448 | INFO | Speech Optimizer
2026-07-03 11:15:25,448 | INFO | ============================================================
2026-07-03 11:15:25,448 | INFO | ============================================================
2026-07-03 11:15:25,448 | INFO | Speech Profile
2026-07-03 11:15:25,448 | INFO | ============================================================
2026-07-03 11:15:25,448 | INFO | Language.......... en
2026-07-03 11:15:25,448 | INFO | Voice............. en-US-GuyNeural
2026-07-03 11:15:25,448 | INFO | Provider.......... edge
2026-07-03 11:15:25,448 | INFO | Rate.............. -5%
2026-07-03 11:15:25,448 | INFO | Pitch............. +1Hz
2026-07-03 11:15:25,448 | INFO | Reading Style..... Business
2026-07-03 11:15:25,448 | INFO | Pacing............ Fast
2026-07-03 11:15:25,448 | INFO | Complexity........ Low
2026-07-03 11:15:25,448 | INFO | Confidence........ 0.80
2026-07-03 11:15:25,448 | INFO | Optimization Time. 0.12 ms
2026-07-03 11:15:25,448 | INFO | ============================================================
2026-07-03 11:15:25,448 | INFO | Speech Profile generated successfully.
2026-07-03 11:15:25,448 | INFO | Building narration...
2026-07-03 11:15:25,448 | INFO | 1 narration blocks generated.
2026-07-03 11:15:25,448 | INFO | Narration exported to D:\Laboratorio de IA\Speech-AI\output\narration.txt
2026-07-03 11:15:25,448 | INFO | Building speech text...
2026-07-03 11:15:25,448 | INFO | Speech text generated.
2026-07-03 11:15:25,448 | INFO | Speech text exported to D:\Laboratorio de IA\Speech-AI\output\speech.txt
2026-07-03 11:15:25,448 | INFO | ============================================================
2026-07-03 11:15:25,448 | INFO | Speech Service
2026-07-03 11:15:25,448 | INFO | ============================================================
2026-07-03 11:15:25,448 | INFO | Characters: 490
2026-07-03 11:15:25,448 | INFO | Provider initialized: Microsoft Edge TTS (Microsoft) v1.1.0
2026-07-03 11:15:25,448 | INFO | Provider: Microsoft Edge TTS (Microsoft) v1.1.0
2026-07-03 11:15:25,448 | INFO | TTS Engine initialized with provider: Microsoft Edge TTS (Microsoft) v1.1.0
2026-07-03 11:15:25,448 | INFO | ============================================================
2026-07-03 11:15:25,448 | INFO | TTS Engine
2026-07-03 11:15:25,448 | INFO | ============================================================
2026-07-03 11:15:25,448 | INFO | Provider.....: EdgeProvider
2026-07-03 11:15:25,448 | INFO | Characters...: 490
2026-07-03 11:15:25,448 | INFO | Output.......: D:\Laboratorio de IA\Speech-AI\output\Audio_Governance_SouthAmerica.mp3
2026-07-03 11:15:25,461 | INFO | Generating audio...
2026-07-03 11:15:25,461 | INFO | Voice.....: en-US-GuyNeural
2026-07-03 11:15:25,461 | INFO | Rate......: -5%
2026-07-03 11:15:25,461 | INFO | Pitch.....: +1Hz
2026-07-03 11:15:25,461 | INFO | Volume....: +0%
2026-07-03 11:15:27,710 | INFO | Audio generated successfully.
2026-07-03 11:15:27,710 | INFO | TTS finished successfully.
2026-07-03 11:15:27,710 | INFO | Speech synthesis completed.
2026-07-03 11:15:27,710 | INFO | Pipeline finished
2026-07-03 11:16:06,752 | INFO | Pipeline started
2026-07-03 11:16:06,752 | INFO | Starting Text Analyzer
2026-07-03 11:16:06,752 | INFO | Loading script...
2026-07-03 11:16:06,752 | INFO | Normalizing text...
2026-07-03 11:16:06,752 | INFO | Building Presentation...
2026-07-03 11:16:06,752 | INFO | Detecting slides...
2026-07-03 11:16:06,752 | INFO | Calculating statistics...
2026-07-03 11:16:06,752 | INFO | Text Analyzer completed
2026-07-03 11:16:06,752 | INFO | LanguageDetector initialized.
2026-07-03 11:16:06,752 | INFO | VoiceSelector initialized.
2026-07-03 11:16:06,752 | INFO | ============================================================
2026-07-03 11:16:06,752 | INFO | Speech Intelligence Engine
2026-07-03 11:16:06,752 | INFO | ============================================================
2026-07-03 11:16:06,752 | INFO | Starting language detection...
2026-07-03 11:16:06,752 | INFO | Characters: 444
2026-07-03 11:16:06,934 | INFO | Language detected: English
2026-07-03 11:16:06,934 | INFO | Confidence: 100.00%
2026-07-03 11:16:06,934 | INFO | Detection time: 183.26 ms
2026-07-03 11:16:06,934 | INFO | Language detected: en
2026-07-03 11:16:06,934 | INFO | Selecting voice for language 'en' using provider 'edge'.
2026-07-03 11:16:06,934 | INFO | Voice selected successfully: en-US-GuyNeural (edge)
2026-07-03 11:16:06,934 | INFO | ============================================================
2026-07-03 11:16:06,934 | INFO | Speech Analyzer Started
2026-07-03 11:16:06,934 | INFO | ============================================================
2026-07-03 11:16:06,934 | INFO | ============================================================
2026-07-03 11:16:06,934 | INFO | Speech Analysis Report
2026-07-03 11:16:06,934 | INFO | ============================================================
2026-07-03 11:16:06,934 | INFO | Words.............. 47
2026-07-03 11:16:06,934 | INFO | Sentences.......... 3
2026-07-03 11:16:06,934 | INFO | Paragraphs......... 3
2026-07-03 11:16:06,934 | INFO | Characters......... 446
2026-07-03 11:16:06,934 | INFO | List Items......... 0
2026-07-03 11:16:06,934 | INFO | Numbers............ 0
2026-07-03 11:16:06,934 | INFO | Uppercase Words.... 0
2026-07-03 11:16:06,934 | INFO | Vocabulary Density.. 0.94
2026-07-03 11:16:06,934 | INFO | Complexity......... HIGH
2026-07-03 11:16:06,934 | INFO | Reading Style...... Presentation
2026-07-03 11:16:06,934 | INFO | Reading Pace....... Normal
2026-07-03 11:16:06,934 | INFO | Execution Time..... 0.4ms
2026-07-03 11:16:06,934 | INFO | ============================================================
2026-07-03 11:16:06,934 | INFO | Speech Analyzer Completed
2026-07-03 11:16:06,934 | INFO | Calculating speech timing...
2026-07-03 11:16:06,934 | INFO | Complexity..... Low
2026-07-03 11:16:06,934 | INFO | Recommended WPM 150
2026-07-03 11:16:06,934 | INFO | Recommended Rate -5%
2026-07-03 11:16:06,934 | INFO | ============================================================
2026-07-03 11:16:06,934 | INFO | Speech Optimizer
2026-07-03 11:16:06,934 | INFO | ============================================================
2026-07-03 11:16:06,934 | INFO | ============================================================
2026-07-03 11:16:06,934 | INFO | Speech Profile
2026-07-03 11:16:06,934 | INFO | ============================================================
2026-07-03 11:16:06,934 | INFO | Language.......... en
2026-07-03 11:16:06,934 | INFO | Voice............. en-US-GuyNeural
2026-07-03 11:16:06,934 | INFO | Provider.......... edge
2026-07-03 11:16:06,934 | INFO | Rate.............. -5%
2026-07-03 11:16:06,934 | INFO | Pitch............. +1Hz
2026-07-03 11:16:06,934 | INFO | Reading Style..... Business
2026-07-03 11:16:06,934 | INFO | Pacing............ Fast
2026-07-03 11:16:06,934 | INFO | Complexity........ Low
2026-07-03 11:16:06,934 | INFO | Confidence........ 0.80
2026-07-03 11:16:06,934 | INFO | Optimization Time. 0.12 ms
2026-07-03 11:16:06,934 | INFO | ============================================================
2026-07-03 11:16:06,934 | INFO | Speech Profile generated successfully.
2026-07-03 11:16:06,934 | INFO | Building narration...
2026-07-03 11:16:06,934 | INFO | 1 narration blocks generated.
2026-07-03 11:16:06,934 | INFO | Narration exported to D:\Laboratorio de IA\Speech-AI\output\narration.txt
2026-07-03 11:16:06,934 | INFO | Building speech text...
2026-07-03 11:16:06,934 | INFO | Speech text generated.
2026-07-03 11:16:06,934 | INFO | Speech text exported to D:\Laboratorio de IA\Speech-AI\output\speech.txt
2026-07-03 11:16:06,934 | INFO | ============================================================
2026-07-03 11:16:06,934 | INFO | Speech Service
2026-07-03 11:16:06,934 | INFO | ============================================================
2026-07-03 11:16:06,934 | INFO | Characters: 490
2026-07-03 11:16:06,934 | INFO | Provider initialized: Microsoft Edge TTS (Microsoft) v1.1.0
2026-07-03 11:16:06,934 | INFO | Provider: Microsoft Edge TTS (Microsoft) v1.1.0
2026-07-03 11:16:06,934 | INFO | TTS Engine initialized with provider: Microsoft Edge TTS (Microsoft) v1.1.0
2026-07-03 11:16:06,934 | INFO | ============================================================
2026-07-03 11:16:06,934 | INFO | TTS Engine
2026-07-03 11:16:06,934 | INFO | ============================================================
2026-07-03 11:16:06,934 | INFO | Provider.....: EdgeProvider
2026-07-03 11:16:06,934 | INFO | Characters...: 490
2026-07-03 11:16:06,934 | INFO | Output.......: D:\Laboratorio de IA\Speech-AI\output\Audio_Governance_SouthAmerica.mp3
2026-07-03 11:16:06,934 | INFO | Generating audio...
2026-07-03 11:16:06,934 | INFO | Voice.....: en-US-GuyNeural
2026-07-03 11:16:06,934 | INFO | Rate......: -5%
2026-07-03 11:16:06,934 | INFO | Pitch.....: +1Hz
2026-07-03 11:16:06,934 | INFO | Volume....: +0%
2026-07-03 11:16:08,459 | INFO | Audio generated successfully.
2026-07-03 11:16:08,459 | INFO | TTS finished successfully.
2026-07-03 11:16:08,459 | INFO | Speech synthesis completed.
2026-07-03 11:16:08,468 | INFO | Pipeline finished
2026-07-03 11:21:11,422 | INFO | Pipeline started
2026-07-03 11:21:11,422 | INFO | Starting Text Analyzer
2026-07-03 11:21:11,422 | INFO | Loading script...
2026-07-03 11:21:11,422 | INFO | Normalizing text...
2026-07-03 11:21:11,422 | INFO | Building Presentation...
2026-07-03 11:21:11,422 | INFO | Detecting slides...
2026-07-03 11:21:11,434 | INFO | Calculating statistics...
2026-07-03 11:21:11,434 | INFO | Text Analyzer completed
2026-07-03 11:21:11,434 | INFO | LanguageDetector initialized.
2026-07-03 11:21:11,434 | INFO | VoiceSelector initialized.
2026-07-03 11:21:11,434 | INFO | ============================================================
2026-07-03 11:21:11,434 | INFO | Speech Intelligence Engine
2026-07-03 11:21:11,434 | INFO | ============================================================
2026-07-03 11:21:11,434 | INFO | Starting language detection...
2026-07-03 11:21:11,434 | INFO | Characters: 6854
2026-07-03 11:21:11,645 | INFO | Language detected: English
2026-07-03 11:21:11,645 | INFO | Confidence: 100.00%
2026-07-03 11:21:11,645 | INFO | Detection time: 212.01 ms
2026-07-03 11:21:11,645 | INFO | Language detected: en
2026-07-03 11:21:11,645 | INFO | Selecting voice for language 'en' using provider 'edge'.
2026-07-03 11:21:11,645 | INFO | Voice selected successfully: en-US-GuyNeural (edge)
2026-07-03 11:21:11,645 | INFO | ============================================================
2026-07-03 11:21:11,645 | INFO | Speech Analyzer Started
2026-07-03 11:21:11,645 | INFO | ============================================================
2026-07-03 11:21:11,645 | INFO | ============================================================
2026-07-03 11:21:11,645 | INFO | Speech Analysis Report
2026-07-03 11:21:11,645 | INFO | ============================================================
2026-07-03 11:21:11,645 | INFO | Words.............. 989
2026-07-03 11:21:11,645 | INFO | Sentences.......... 91
2026-07-03 11:21:11,645 | INFO | Paragraphs......... 96
2026-07-03 11:21:11,645 | INFO | Characters......... 6949
2026-07-03 11:21:11,645 | INFO | List Items......... 0
2026-07-03 11:21:11,645 | INFO | Numbers............ 7
2026-07-03 11:21:11,645 | INFO | Uppercase Words.... 44
2026-07-03 11:21:11,645 | INFO | Vocabulary Density.. 0.42
2026-07-03 11:21:11,645 | INFO | Complexity......... LOW
2026-07-03 11:21:11,645 | INFO | Reading Style...... Presentation
2026-07-03 11:21:11,645 | INFO | Reading Pace....... Normal
2026-07-03 11:21:11,645 | INFO | Execution Time..... 0.9ms
2026-07-03 11:21:11,645 | INFO | ============================================================
2026-07-03 11:21:11,645 | INFO | Speech Analyzer Completed
2026-07-03 11:21:11,645 | INFO | Calculating speech timing...
2026-07-03 11:21:11,645 | INFO | Complexity..... Low
2026-07-03 11:21:11,645 | INFO | Recommended WPM 150
2026-07-03 11:21:11,645 | INFO | Recommended Rate -5%
2026-07-03 11:21:11,645 | INFO | ============================================================
2026-07-03 11:21:11,645 | INFO | Speech Optimizer
2026-07-03 11:21:11,645 | INFO | ============================================================
2026-07-03 11:21:11,645 | INFO | ============================================================
2026-07-03 11:21:11,645 | INFO | Speech Profile
2026-07-03 11:21:11,645 | INFO | ============================================================
2026-07-03 11:21:11,645 | INFO | Language.......... en
2026-07-03 11:21:11,645 | INFO | Voice............. en-US-GuyNeural
2026-07-03 11:21:11,645 | INFO | Provider.......... edge
2026-07-03 11:21:11,645 | INFO | Rate.............. -5%
2026-07-03 11:21:11,645 | INFO | Pitch............. +1Hz
2026-07-03 11:21:11,645 | INFO | Reading Style..... Conversational
2026-07-03 11:21:11,645 | INFO | Pacing............ Fast
2026-07-03 11:21:11,645 | INFO | Complexity........ Low
2026-07-03 11:21:11,645 | INFO | Confidence........ 1.00
2026-07-03 11:21:11,645 | INFO | Optimization Time. 0.13 ms
2026-07-03 11:21:11,645 | INFO | ============================================================
2026-07-03 11:21:11,645 | INFO | Speech Profile generated successfully.
2026-07-03 11:21:11,645 | INFO | Building narration...
2026-07-03 11:21:11,645 | INFO | 6 narration blocks generated.
2026-07-03 11:21:11,645 | INFO | Narration exported to D:\Laboratorio de IA\Speech-AI\output\narration.txt
2026-07-03 11:21:11,645 | INFO | Building speech text...
2026-07-03 11:21:11,645 | INFO | Speech text generated.
2026-07-03 11:21:11,645 | INFO | Speech text exported to D:\Laboratorio de IA\Speech-AI\output\speech.txt
2026-07-03 11:21:11,645 | INFO | ============================================================
2026-07-03 11:21:11,645 | INFO | Speech Service
2026-07-03 11:21:11,645 | INFO | ============================================================
2026-07-03 11:21:11,645 | INFO | Characters: 7349
2026-07-03 11:21:11,645 | INFO | Provider initialized: Microsoft Edge TTS (Microsoft) v1.1.0
2026-07-03 11:21:11,645 | INFO | Provider: Microsoft Edge TTS (Microsoft) v1.1.0
2026-07-03 11:21:11,645 | INFO | TTS Engine initialized with provider: Microsoft Edge TTS (Microsoft) v1.1.0
2026-07-03 11:21:11,645 | INFO | ============================================================
2026-07-03 11:21:11,645 | INFO | TTS Engine
2026-07-03 11:21:11,645 | INFO | ============================================================
2026-07-03 11:21:11,645 | INFO | Provider.....: EdgeProvider
2026-07-03 11:21:11,645 | INFO | Characters...: 7349
2026-07-03 11:21:11,645 | INFO | Output.......: D:\Laboratorio de IA\Speech-AI\output\Audio_Governance_SouthAmerica.mp3
2026-07-03 11:21:11,645 | INFO | Generating audio...
2026-07-03 11:21:11,645 | INFO | Voice.....: en-US-GuyNeural
2026-07-03 11:21:11,645 | INFO | Rate......: -5%
2026-07-03 11:21:11,645 | INFO | Pitch.....: +1Hz
2026-07-03 11:21:11,645 | INFO | Volume....: +0%
2026-07-03 11:21:18,665 | INFO | Audio generated successfully.
2026-07-03 11:21:18,665 | INFO | TTS finished successfully.
2026-07-03 11:21:18,665 | INFO | Speech synthesis completed.
2026-07-03 11:21:18,665 | INFO | Pipeline finished
2026-07-03 13:26:58,643 | INFO | Pipeline started
2026-07-03 13:26:58,643 | INFO | Starting Text Analyzer
2026-07-03 13:26:58,643 | INFO | Loading script...
2026-07-03 13:26:58,643 | INFO | Normalizing text...
2026-07-03 13:26:58,644 | INFO | Building Presentation...
2026-07-03 13:26:58,644 | INFO | Detecting slides...
2026-07-03 13:26:58,644 | INFO | Calculating statistics...
2026-07-03 13:26:58,645 | INFO | Text Analyzer completed
2026-07-03 13:26:58,645 | INFO | LanguageDetector initialized.
2026-07-03 13:26:58,645 | INFO | VoiceSelector initialized.
2026-07-03 13:26:58,645 | INFO | ============================================================
2026-07-03 13:26:58,645 | INFO | Speech Intelligence Engine
2026-07-03 13:26:58,645 | INFO | ============================================================
2026-07-03 13:26:58,645 | INFO | Starting language detection...
2026-07-03 13:26:58,645 | INFO | Characters: 5920
2026-07-03 13:26:58,851 | INFO | Language detected: Portuguese
2026-07-03 13:26:58,851 | INFO | Confidence: 100.00%
2026-07-03 13:26:58,851 | INFO | Detection time: 206.48 ms
2026-07-03 13:26:58,851 | INFO | Language detected: pt
2026-07-03 13:26:58,851 | INFO | Selecting voice for language 'pt' using provider 'edge'.
2026-07-03 13:26:58,852 | INFO | Voice selected successfully: pt-BR-FranciscaNeural (edge)
2026-07-03 13:26:58,852 | INFO | ============================================================
2026-07-03 13:26:58,852 | INFO | Speech Analyzer Started
2026-07-03 13:26:58,852 | INFO | ============================================================
2026-07-03 13:26:58,852 | INFO | ============================================================
2026-07-03 13:26:58,853 | INFO | Speech Analysis Report
2026-07-03 13:26:58,853 | INFO | ============================================================
2026-07-03 13:26:58,853 | INFO | Words.............. 801
2026-07-03 13:26:58,853 | INFO | Sentences.......... 46
2026-07-03 13:26:58,853 | INFO | Paragraphs......... 25
2026-07-03 13:26:58,853 | INFO | Characters......... 5944
2026-07-03 13:26:58,853 | INFO | List Items......... 0
2026-07-03 13:26:58,853 | INFO | Numbers............ 14
2026-07-03 13:26:58,853 | INFO | Uppercase Words.... 7
2026-07-03 13:26:58,853 | INFO | Vocabulary Density.. 0.49
2026-07-03 13:26:58,853 | INFO | Complexity......... MEDIUM
2026-07-03 13:26:58,853 | INFO | Reading Style...... Presentation
2026-07-03 13:26:58,853 | INFO | Reading Pace....... Normal
2026-07-03 13:26:58,853 | INFO | Execution Time..... 0.91ms
2026-07-03 13:26:58,853 | INFO | ============================================================
2026-07-03 13:26:58,853 | INFO | Speech Analyzer Completed
2026-07-03 13:26:58,853 | INFO | Calculating speech timing...
2026-07-03 13:26:58,853 | INFO | Complexity..... Medium
2026-07-03 13:26:58,853 | INFO | Recommended WPM 135
2026-07-03 13:26:58,853 | INFO | Recommended Rate -10%
2026-07-03 13:26:58,854 | INFO | ============================================================
2026-07-03 13:26:58,854 | INFO | Speech Optimizer
2026-07-03 13:26:58,854 | INFO | ============================================================
2026-07-03 13:26:58,854 | INFO | ============================================================
2026-07-03 13:26:58,854 | INFO | Speech Profile
2026-07-03 13:26:58,854 | INFO | ============================================================
2026-07-03 13:26:58,854 | INFO | Language.......... pt
2026-07-03 13:26:58,854 | INFO | Voice............. pt-BR-FranciscaNeural
2026-07-03 13:26:58,854 | INFO | Provider.......... edge
2026-07-03 13:26:58,854 | INFO | Rate.............. -10%
2026-07-03 13:26:58,854 | INFO | Pitch............. +0Hz
2026-07-03 13:26:58,854 | INFO | Reading Style..... Business
2026-07-03 13:26:58,854 | INFO | Pacing............ Normal
2026-07-03 13:26:58,854 | INFO | Complexity........ Medium
2026-07-03 13:26:58,854 | INFO | Confidence........ 1.00
2026-07-03 13:26:58,854 | INFO | Optimization Time. 0.14 ms
2026-07-03 13:26:58,854 | INFO | ============================================================
2026-07-03 13:26:58,854 | INFO | Speech Profile generated successfully.
2026-07-03 13:26:58,855 | INFO | Building narration...
2026-07-03 13:26:58,855 | INFO | 1 narration blocks generated.
2026-07-03 13:26:58,856 | INFO | Narration exported to D:\Laboratorio de IA\Speech-AI\output\narration.txt
2026-07-03 13:26:58,857 | INFO | Building speech text...
2026-07-03 13:26:58,857 | INFO | Speech text generated.
2026-07-03 13:26:58,858 | INFO | Speech text exported to D:\Laboratorio de IA\Speech-AI\output\speech.txt
2026-07-03 13:26:58,858 | INFO | ============================================================
2026-07-03 13:26:58,858 | INFO | Speech Service
2026-07-03 13:26:58,858 | INFO | ============================================================
2026-07-03 13:26:58,858 | INFO | Characters: 6443
2026-07-03 13:26:58,858 | INFO | Provider initialized: Microsoft Edge TTS (Microsoft) v1.1.0
2026-07-03 13:26:58,858 | INFO | Provider: Microsoft Edge TTS (Microsoft) v1.1.0
2026-07-03 13:26:58,859 | INFO | TTS Engine initialized with provider: Microsoft Edge TTS (Microsoft) v1.1.0
2026-07-03 13:26:58,859 | INFO | ============================================================
2026-07-03 13:26:58,859 | INFO | TTS Engine
2026-07-03 13:26:58,859 | INFO | ============================================================
2026-07-03 13:26:58,859 | INFO | Provider.....: EdgeProvider
2026-07-03 13:26:58,859 | INFO | Characters...: 6443
2026-07-03 13:26:58,859 | INFO | Output.......: D:\Laboratorio de IA\Speech-AI\output\Audio_Governance_SouthAmerica.mp3
2026-07-03 13:26:58,861 | INFO | Generating audio...
2026-07-03 13:26:58,861 | INFO | Voice.....: pt-BR-FranciscaNeural
2026-07-03 13:26:58,861 | INFO | Rate......: -10%
2026-07-03 13:26:58,861 | INFO | Pitch.....: +0Hz
2026-07-03 13:26:58,861 | INFO | Volume....: +0%
2026-07-03 13:27:44,711 | INFO | Audio generated successfully.
2026-07-03 13:27:44,714 | INFO | TTS finished successfully.
2026-07-03 13:27:44,714 | INFO | Speech synthesis completed.
2026-07-03 13:27:44,715 | INFO | Pipeline finished
2026-07-10 13:07:02,050 | INFO | Pipeline started
2026-07-10 13:07:02,050 | INFO | Starting Text Analyzer
2026-07-10 13:07:02,050 | INFO | Loading script...
2026-07-10 13:07:02,050 | INFO | Normalizing text...
2026-07-10 13:07:02,050 | INFO | Building Presentation...
2026-07-10 13:07:02,050 | INFO | Detecting slides...
2026-07-10 13:07:02,055 | INFO | Calculating statistics...
2026-07-10 13:07:02,055 | INFO | Text Analyzer completed
2026-07-10 13:07:02,055 | INFO | LanguageDetector initialized.
2026-07-10 13:07:02,055 | INFO | VoiceSelector initialized.
2026-07-10 13:07:02,055 | INFO | ============================================================
2026-07-10 13:07:02,055 | INFO | Speech Intelligence Engine
2026-07-10 13:07:02,055 | INFO | ============================================================
2026-07-10 13:07:02,055 | INFO | Starting language detection...
2026-07-10 13:07:02,055 | INFO | Characters: 5920
2026-07-10 13:07:02,340 | INFO | Language detected: Portuguese
2026-07-10 13:07:02,340 | INFO | Confidence: 100.00%
2026-07-10 13:07:02,340 | INFO | Detection time: 285.43 ms
2026-07-10 13:07:02,340 | INFO | Language detected: pt
2026-07-10 13:07:02,340 | INFO | Selecting voice for language 'pt' using provider 'edge'.
2026-07-10 13:07:02,340 | INFO | Voice selected successfully: pt-BR-FranciscaNeural (edge)
2026-07-10 13:07:02,340 | INFO | ============================================================
2026-07-10 13:07:02,340 | INFO | Speech Analyzer Started
2026-07-10 13:07:02,340 | INFO | ============================================================
2026-07-10 13:07:02,342 | INFO | ============================================================
2026-07-10 13:07:02,342 | INFO | Speech Analysis Report
2026-07-10 13:07:02,342 | INFO | ============================================================
2026-07-10 13:07:02,342 | INFO | Words.............. 801
2026-07-10 13:07:02,342 | INFO | Sentences.......... 46
2026-07-10 13:07:02,342 | INFO | Paragraphs......... 25
2026-07-10 13:07:02,342 | INFO | Characters......... 5944
2026-07-10 13:07:02,342 | INFO | List Items......... 0
2026-07-10 13:07:02,342 | INFO | Numbers............ 14
2026-07-10 13:07:02,342 | INFO | Uppercase Words.... 7
2026-07-10 13:07:02,342 | INFO | Vocabulary Density.. 0.49
2026-07-10 13:07:02,342 | INFO | Complexity......... MEDIUM
2026-07-10 13:07:02,342 | INFO | Reading Style...... Presentation
2026-07-10 13:07:02,342 | INFO | Reading Pace....... Normal
2026-07-10 13:07:02,342 | INFO | Execution Time..... 0.87ms
2026-07-10 13:07:02,342 | INFO | ============================================================
2026-07-10 13:07:02,342 | INFO | Speech Analyzer Completed
2026-07-10 13:07:02,342 | INFO | Calculating speech timing...
2026-07-10 13:07:02,342 | INFO | Complexity..... Medium
2026-07-10 13:07:02,342 | INFO | Recommended WPM 135
2026-07-10 13:07:02,342 | INFO | Recommended Rate -10%
2026-07-10 13:07:02,342 | INFO | ============================================================
2026-07-10 13:07:02,342 | INFO | Speech Optimizer
2026-07-10 13:07:02,342 | INFO | ============================================================
2026-07-10 13:07:02,342 | INFO | ============================================================
2026-07-10 13:07:02,342 | INFO | Speech Profile
2026-07-10 13:07:02,342 | INFO | ============================================================
2026-07-10 13:07:02,342 | INFO | Language.......... pt
2026-07-10 13:07:02,342 | INFO | Voice............. pt-BR-FranciscaNeural
2026-07-10 13:07:02,342 | INFO | Provider.......... edge
2026-07-10 13:07:02,342 | INFO | Rate.............. -10%
2026-07-10 13:07:02,342 | INFO | Pitch............. +0Hz
2026-07-10 13:07:02,342 | INFO | Reading Style..... Business
2026-07-10 13:07:02,342 | INFO | Pacing............ Normal
2026-07-10 13:07:02,342 | INFO | Complexity........ Medium
2026-07-10 13:07:02,342 | INFO | Confidence........ 1.00
2026-07-10 13:07:02,342 | INFO | Optimization Time. 0.13 ms
2026-07-10 13:07:02,342 | INFO | ============================================================
2026-07-10 13:07:02,342 | INFO | Speech Profile generated successfully.
2026-07-10 13:07:02,342 | INFO | Building narration...
2026-07-10 13:07:02,342 | INFO | 1 narration blocks generated.
2026-07-10 13:07:02,342 | INFO | Narration exported to D:\Laboratorio de IA\speech-ai\speech-ai\output\narration.txt
2026-07-10 13:07:02,342 | INFO | Building speech text...
2026-07-10 13:07:02,342 | INFO | Speech text generated.
2026-07-10 13:07:02,349 | INFO | Speech text exported to D:\Laboratorio de IA\speech-ai\speech-ai\output\speech.txt
2026-07-10 13:07:02,349 | INFO | ============================================================
2026-07-10 13:07:02,349 | INFO | Speech Service
2026-07-10 13:07:02,349 | INFO | ============================================================
2026-07-10 13:07:02,350 | INFO | Characters: 6443
2026-07-10 13:07:02,350 | INFO | Provider initialized: Microsoft Edge TTS (Microsoft) v1.1.0
2026-07-10 13:07:02,350 | INFO | Provider: Microsoft Edge TTS (Microsoft) v1.1.0
2026-07-10 13:07:02,350 | INFO | TTS Engine initialized with provider: Microsoft Edge TTS (Microsoft) v1.1.0
2026-07-10 13:07:02,350 | INFO | ============================================================
2026-07-10 13:07:02,350 | INFO | TTS Engine
2026-07-10 13:07:02,350 | INFO | ============================================================
2026-07-10 13:07:02,350 | INFO | Provider.....: EdgeProvider
2026-07-10 13:07:02,350 | INFO | Characters...: 6443
2026-07-10 13:07:02,350 | INFO | Output.......: D:\Laboratorio de IA\speech-ai\speech-ai\output\Audio_Governance_SouthAmerica.mp3
2026-07-10 13:07:02,352 | INFO | Generating audio...
2026-07-10 13:07:02,352 | INFO | Voice.....: pt-BR-FranciscaNeural
2026-07-10 13:07:02,352 | INFO | Rate......: -10%
2026-07-10 13:07:02,352 | INFO | Pitch.....: +0Hz
2026-07-10 13:07:02,352 | INFO | Volume....: +0%
2026-07-10 13:07:43,951 | INFO | Audio generated successfully.
2026-07-10 13:07:43,951 | INFO | TTS finished successfully.
2026-07-10 13:07:43,951 | INFO | Speech synthesis completed.
2026-07-10 13:07:43,951 | INFO | Pipeline finished
2026-07-10 13:08:59,599 | INFO | Pipeline started
2026-07-10 13:08:59,599 | INFO | Starting Text Analyzer
2026-07-10 13:08:59,599 | INFO | Loading script...
2026-07-10 13:09:13,316 | INFO | Pipeline started
2026-07-10 13:09:13,316 | INFO | Starting Text Analyzer
2026-07-10 13:09:13,316 | INFO | Loading script...
2026-07-10 13:09:13,316 | INFO | Normalizing text...
2026-07-10 13:09:13,316 | INFO | Building Presentation...
2026-07-10 13:09:13,316 | INFO | Detecting slides...
2026-07-10 13:09:13,316 | INFO | Calculating statistics...
2026-07-10 13:09:13,332 | INFO | Text Analyzer completed
2026-07-10 13:09:13,332 | INFO | LanguageDetector initialized.
2026-07-10 13:09:13,332 | INFO | VoiceSelector initialized.
2026-07-10 13:09:13,332 | INFO | ============================================================
2026-07-10 13:09:13,332 | INFO | Speech Intelligence Engine
2026-07-10 13:09:13,332 | INFO | ============================================================
2026-07-10 13:09:13,333 | INFO | Starting language detection...
2026-07-10 13:09:13,333 | INFO | Characters: 48808
2026-07-10 13:09:13,554 | INFO | Language detected: English
2026-07-10 13:09:13,554 | INFO | Confidence: 100.00%
2026-07-10 13:09:13,554 | INFO | Detection time: 229.68 ms
2026-07-10 13:09:13,554 | INFO | Language detected: en
2026-07-10 13:09:13,554 | INFO | Selecting voice for language 'en' using provider 'edge'.
2026-07-10 13:09:13,554 | INFO | Voice selected successfully: en-US-GuyNeural (edge)
2026-07-10 13:09:13,554 | INFO | ============================================================
2026-07-10 13:09:13,554 | INFO | Speech Analyzer Started
2026-07-10 13:09:13,554 | INFO | ============================================================
2026-07-10 13:09:13,567 | INFO | ============================================================
2026-07-10 13:09:13,567 | INFO | Speech Analysis Report
2026-07-10 13:09:13,567 | INFO | ============================================================
2026-07-10 13:09:13,567 | INFO | Words.............. 6592
2026-07-10 13:09:13,567 | INFO | Sentences.......... 456
2026-07-10 13:09:13,567 | INFO | Paragraphs......... 66
2026-07-10 13:09:13,567 | INFO | Characters......... 48873
2026-07-10 13:09:13,567 | INFO | List Items......... 119
2026-07-10 13:09:13,567 | INFO | Numbers............ 367
2026-07-10 13:09:13,567 | INFO | Uppercase Words.... 73
2026-07-10 13:09:13,567 | INFO | Vocabulary Density.. 0.22
2026-07-10 13:09:13,567 | INFO | Complexity......... LOW
2026-07-10 13:09:13,567 | INFO | Reading Style...... Presentation
2026-07-10 13:09:13,567 | INFO | Reading Pace....... Normal
2026-07-10 13:09:13,567 | INFO | Execution Time..... 4.53ms
2026-07-10 13:09:13,567 | INFO | ============================================================
2026-07-10 13:09:13,567 | INFO | Speech Analyzer Completed
2026-07-10 13:09:13,567 | INFO | Calculating speech timing...
2026-07-10 13:09:13,567 | INFO | Complexity..... Low
2026-07-10 13:09:13,567 | INFO | Recommended WPM 150
2026-07-10 13:09:13,567 | INFO | Recommended Rate -5%
2026-07-10 13:09:13,567 | INFO | ============================================================
2026-07-10 13:09:13,567 | INFO | Speech Optimizer
2026-07-10 13:09:13,567 | INFO | ============================================================
2026-07-10 13:09:13,567 | INFO | ============================================================
2026-07-10 13:09:13,567 | INFO | Speech Profile
2026-07-10 13:09:13,567 | INFO | ============================================================
2026-07-10 13:09:13,567 | INFO | Language.......... en
2026-07-10 13:09:13,567 | INFO | Voice............. en-US-GuyNeural
2026-07-10 13:09:13,567 | INFO | Provider.......... edge
2026-07-10 13:09:13,567 | INFO | Rate.............. -5%
2026-07-10 13:09:13,567 | INFO | Pitch............. +1Hz
2026-07-10 13:09:13,567 | INFO | Reading Style..... Business
2026-07-10 13:09:13,567 | INFO | Pacing............ Fast
2026-07-10 13:09:13,567 | INFO | Complexity........ Low
2026-07-10 13:09:13,567 | INFO | Confidence........ 0.95
2026-07-10 13:09:13,567 | INFO | Optimization Time. 0.13 ms
2026-07-10 13:09:13,567 | INFO | ============================================================
2026-07-10 13:09:13,567 | INFO | Speech Profile generated successfully.
2026-07-10 13:09:13,567 | INFO | Building narration...
2026-07-10 13:09:13,567 | INFO | 1 narration blocks generated.
2026-07-10 13:09:13,567 | INFO | Narration exported to D:\Laboratorio de IA\speech-ai\speech-ai\output\narration.txt
2026-07-10 13:09:13,567 | INFO | Building speech text...
2026-07-10 13:09:13,567 | INFO | Speech text generated.
2026-07-10 13:09:13,567 | INFO | Speech text exported to D:\Laboratorio de IA\speech-ai\speech-ai\output\speech.txt
2026-07-10 13:09:13,567 | INFO | ============================================================
2026-07-10 13:09:13,567 | INFO | Speech Service
2026-07-10 13:09:13,567 | INFO | ============================================================
2026-07-10 13:09:13,567 | INFO | Characters: 54035
2026-07-10 13:09:13,567 | INFO | Provider initialized: Microsoft Edge TTS (Microsoft) v1.1.0
2026-07-10 13:09:13,567 | INFO | Provider: Microsoft Edge TTS (Microsoft) v1.1.0
2026-07-10 13:09:13,567 | INFO | TTS Engine initialized with provider: Microsoft Edge TTS (Microsoft) v1.1.0
2026-07-10 13:09:13,567 | INFO | ============================================================
2026-07-10 13:09:13,567 | INFO | TTS Engine
2026-07-10 13:09:13,567 | INFO | ============================================================
2026-07-10 13:09:13,567 | INFO | Provider.....: EdgeProvider
2026-07-10 13:09:13,567 | INFO | Characters...: 54035
2026-07-10 13:09:13,567 | INFO | Output.......: D:\Laboratorio de IA\speech-ai\speech-ai\output\Audio_Governance_SouthAmerica.mp3
2026-07-10 13:09:13,582 | INFO | Generating audio...
2026-07-10 13:09:13,582 | INFO | Voice.....: en-US-GuyNeural
2026-07-10 13:09:13,582 | INFO | Rate......: -5%
2026-07-10 13:09:13,582 | INFO | Pitch.....: +1Hz
2026-07-10 13:09:13,582 | INFO | Volume....: +0%
2026-07-10 13:15:04,645 | INFO | Audio generated successfully.
2026-07-10 13:15:04,657 | INFO | TTS finished successfully.
2026-07-10 13:15:04,657 | INFO | Speech synthesis completed.
2026-07-10 13:15:04,661 | INFO | Pipeline finished
2026-07-10 13:36:11,307 | INFO | Pipeline started
2026-07-10 13:36:11,307 | INFO | Starting Text Analyzer
2026-07-10 13:36:11,307 | INFO | Loading script...
2026-07-10 13:36:23,103 | INFO | Pipeline started
2026-07-10 13:36:23,103 | INFO | Starting Text Analyzer
2026-07-10 13:36:23,103 | INFO | Loading script...
2026-07-10 13:36:23,103 | INFO | Normalizing text...
2026-07-10 13:36:23,103 | INFO | Building Presentation...
2026-07-10 13:36:23,103 | INFO | Detecting slides...
2026-07-10 13:36:23,103 | INFO | Calculating statistics...
2026-07-10 13:36:23,103 | INFO | Text Analyzer completed
2026-07-10 13:36:23,103 | INFO | LanguageDetector initialized.
2026-07-10 13:36:23,103 | INFO | VoiceSelector initialized.
2026-07-10 13:36:23,103 | INFO | ============================================================
2026-07-10 13:36:23,103 | INFO | Speech Intelligence Engine
2026-07-10 13:36:23,103 | INFO | ============================================================
2026-07-10 13:36:23,103 | INFO | Starting language detection...
2026-07-10 13:36:23,103 | INFO | Characters: 1550
2026-07-10 13:36:23,302 | INFO | Language detected: Portuguese
2026-07-10 13:36:23,302 | INFO | Confidence: 100.00%
2026-07-10 13:36:23,302 | INFO | Detection time: 200.33 ms
2026-07-10 13:36:23,302 | INFO | Language detected: pt
2026-07-10 13:36:23,302 | INFO | Selecting voice for language 'pt' using provider 'edge'.
2026-07-10 13:36:23,302 | INFO | Voice selected successfully: pt-BR-FranciscaNeural (edge)
2026-07-10 13:36:23,302 | INFO | ============================================================
2026-07-10 13:36:23,302 | INFO | Speech Analyzer Started
2026-07-10 13:36:23,302 | INFO | ============================================================
2026-07-10 13:36:23,302 | INFO | ============================================================
2026-07-10 13:36:23,302 | INFO | Speech Analysis Report
2026-07-10 13:36:23,302 | INFO | ============================================================
2026-07-10 13:36:23,302 | INFO | Words.............. 234
2026-07-10 13:36:23,302 | INFO | Sentences.......... 18
2026-07-10 13:36:23,302 | INFO | Paragraphs......... 4
2026-07-10 13:36:23,302 | INFO | Characters......... 1554
2026-07-10 13:36:23,302 | INFO | List Items......... 0
2026-07-10 13:36:23,302 | INFO | Numbers............ 4
2026-07-10 13:36:23,302 | INFO | Uppercase Words.... 0
2026-07-10 13:36:23,302 | INFO | Vocabulary Density.. 0.67
2026-07-10 13:36:23,302 | INFO | Complexity......... MEDIUM
2026-07-10 13:36:23,302 | INFO | Reading Style...... Presentation
2026-07-10 13:36:23,302 | INFO | Reading Pace....... Normal
2026-07-10 13:36:23,302 | INFO | Execution Time..... 0.49ms
2026-07-10 13:36:23,302 | INFO | ============================================================
2026-07-10 13:36:23,302 | INFO | Speech Analyzer Completed
2026-07-10 13:36:23,302 | INFO | Calculating speech timing...
2026-07-10 13:36:23,302 | INFO | Complexity..... Low
2026-07-10 13:36:23,302 | INFO | Recommended WPM 145
2026-07-10 13:36:23,302 | INFO | Recommended Rate -5%
2026-07-10 13:36:23,302 | INFO | ============================================================
2026-07-10 13:36:23,302 | INFO | Speech Optimizer
2026-07-10 13:36:23,302 | INFO | ============================================================
2026-07-10 13:36:23,302 | INFO | ============================================================
2026-07-10 13:36:23,302 | INFO | Speech Profile
2026-07-10 13:36:23,302 | INFO | ============================================================
2026-07-10 13:36:23,302 | INFO | Language.......... pt
2026-07-10 13:36:23,302 | INFO | Voice............. pt-BR-FranciscaNeural
2026-07-10 13:36:23,302 | INFO | Provider.......... edge
2026-07-10 13:36:23,302 | INFO | Rate.............. -5%
2026-07-10 13:36:23,302 | INFO | Pitch............. +1Hz
2026-07-10 13:36:23,302 | INFO | Reading Style..... Conversational
2026-07-10 13:36:23,302 | INFO | Pacing............ Fast
2026-07-10 13:36:23,302 | INFO | Complexity........ Low
2026-07-10 13:36:23,302 | INFO | Confidence........ 1.00
2026-07-10 13:36:23,302 | INFO | Optimization Time. 0.12 ms
2026-07-10 13:36:23,302 | INFO | ============================================================
2026-07-10 13:36:23,302 | INFO | Speech Profile generated successfully.
2026-07-10 13:36:23,302 | INFO | Building narration...
2026-07-10 13:36:23,302 | INFO | 3 narration blocks generated.
2026-07-10 13:36:23,302 | INFO | Narration exported to D:\Laboratorio de IA\speech-ai\speech-ai\output\narration.txt
2026-07-10 13:36:23,302 | INFO | Building speech text...
2026-07-10 13:36:23,302 | INFO | Speech text generated.
2026-07-10 13:36:23,312 | INFO | Speech text exported to D:\Laboratorio de IA\speech-ai\speech-ai\output\speech.txt
2026-07-10 13:36:23,312 | INFO | ============================================================
2026-07-10 13:36:23,312 | INFO | Speech Service
2026-07-10 13:36:23,312 | INFO | ============================================================
2026-07-10 13:36:23,312 | INFO | Characters: 1728
2026-07-10 13:36:23,312 | INFO | Provider initialized: Microsoft Edge TTS (Microsoft) v1.1.0
2026-07-10 13:36:23,312 | INFO | Provider: Microsoft Edge TTS (Microsoft) v1.1.0
2026-07-10 13:36:23,312 | INFO | TTS Engine initialized with provider: Microsoft Edge TTS (Microsoft) v1.1.0
2026-07-10 13:36:23,312 | INFO | ============================================================
2026-07-10 13:36:23,312 | INFO | TTS Engine
2026-07-10 13:36:23,312 | INFO | ============================================================
2026-07-10 13:36:23,312 | INFO | Provider.....: EdgeProvider
2026-07-10 13:36:23,312 | INFO | Characters...: 1728
2026-07-10 13:36:23,312 | INFO | Output.......: D:\Laboratorio de IA\speech-ai\speech-ai\output\Audio_Governance_SouthAmerica.mp3
2026-07-10 13:36:23,312 | INFO | Generating audio...
2026-07-10 13:36:23,312 | INFO | Voice.....: pt-BR-FranciscaNeural
2026-07-10 13:36:23,312 | INFO | Rate......: -5%
2026-07-10 13:36:23,312 | INFO | Pitch.....: +1Hz
2026-07-10 13:36:23,312 | INFO | Volume....: +0%
2026-07-10 13:36:36,860 | INFO | Audio generated successfully.
2026-07-10 13:36:36,877 | INFO | TTS finished successfully.
2026-07-10 13:36:36,877 | INFO | Speech synthesis completed.
2026-07-10 13:36:36,878 | INFO | Pipeline finished
2026-07-10 13:38:03,877 | INFO | Pipeline started
2026-07-10 13:38:03,877 | INFO | Starting Text Analyzer
2026-07-10 13:38:03,877 | INFO | Loading script...
2026-07-10 13:38:03,877 | INFO | Normalizing text...
2026-07-10 13:38:03,877 | INFO | Building Presentation...
2026-07-10 13:38:03,877 | INFO | Detecting slides...
2026-07-10 13:38:03,892 | INFO | Calculating statistics...
2026-07-10 13:38:03,893 | INFO | Text Analyzer completed
2026-07-10 13:38:03,893 | INFO | LanguageDetector initialized.
2026-07-10 13:38:03,893 | INFO | VoiceSelector initialized.
2026-07-10 13:38:03,893 | INFO | ============================================================
2026-07-10 13:38:03,893 | INFO | Speech Intelligence Engine
2026-07-10 13:38:03,893 | INFO | ============================================================
2026-07-10 13:38:03,893 | INFO | Starting language detection...
2026-07-10 13:38:03,893 | INFO | Characters: 6854
2026-07-10 13:38:04,101 | INFO | Language detected: English
2026-07-10 13:38:04,102 | INFO | Confidence: 100.00%
2026-07-10 13:38:04,102 | INFO | Detection time: 207.72 ms
2026-07-10 13:38:04,102 | INFO | Language detected: en
2026-07-10 13:38:04,102 | INFO | Selecting voice for language 'en' using provider 'edge'.
2026-07-10 13:38:04,102 | INFO | Voice selected successfully: en-US-GuyNeural (edge)
2026-07-10 13:38:04,102 | INFO | ============================================================
2026-07-10 13:38:04,102 | INFO | Speech Analyzer Started
2026-07-10 13:38:04,102 | INFO | ============================================================
2026-07-10 13:38:04,102 | INFO | ============================================================
2026-07-10 13:38:04,102 | INFO | Speech Analysis Report
2026-07-10 13:38:04,102 | INFO | ============================================================
2026-07-10 13:38:04,102 | INFO | Words.............. 989
2026-07-10 13:38:04,102 | INFO | Sentences.......... 91
2026-07-10 13:38:04,102 | INFO | Paragraphs......... 96
2026-07-10 13:38:04,102 | INFO | Characters......... 6949
2026-07-10 13:38:04,102 | INFO | List Items......... 0
2026-07-10 13:38:04,102 | INFO | Numbers............ 7
2026-07-10 13:38:04,102 | INFO | Uppercase Words.... 44
2026-07-10 13:38:04,102 | INFO | Vocabulary Density.. 0.42
2026-07-10 13:38:04,102 | INFO | Complexity......... LOW
2026-07-10 13:38:04,102 | INFO | Reading Style...... Presentation
2026-07-10 13:38:04,102 | INFO | Reading Pace....... Normal
2026-07-10 13:38:04,102 | INFO | Execution Time..... 0.92ms
2026-07-10 13:38:04,102 | INFO | ============================================================
2026-07-10 13:38:04,102 | INFO | Speech Analyzer Completed
2026-07-10 13:38:04,102 | INFO | Calculating speech timing...
2026-07-10 13:38:04,102 | INFO | Complexity..... Low
2026-07-10 13:38:04,102 | INFO | Recommended WPM 150
2026-07-10 13:38:04,102 | INFO | Recommended Rate -5%
2026-07-10 13:38:04,102 | INFO | ============================================================
2026-07-10 13:38:04,102 | INFO | Speech Optimizer
2026-07-10 13:38:04,102 | INFO | ============================================================
2026-07-10 13:38:04,102 | INFO | ============================================================
2026-07-10 13:38:04,102 | INFO | Speech Profile
2026-07-10 13:38:04,102 | INFO | ============================================================
2026-07-10 13:38:04,102 | INFO | Language.......... en
2026-07-10 13:38:04,102 | INFO | Voice............. en-US-GuyNeural
2026-07-10 13:38:04,102 | INFO | Provider.......... edge
2026-07-10 13:38:04,102 | INFO | Rate.............. -5%
2026-07-10 13:38:04,102 | INFO | Pitch............. +1Hz
2026-07-10 13:38:04,102 | INFO | Reading Style..... Conversational
2026-07-10 13:38:04,102 | INFO | Pacing............ Fast
2026-07-10 13:38:04,102 | INFO | Complexity........ Low
2026-07-10 13:38:04,102 | INFO | Confidence........ 1.00
2026-07-10 13:38:04,102 | INFO | Optimization Time. 0.13 ms
2026-07-10 13:38:04,102 | INFO | ============================================================
2026-07-10 13:38:04,102 | INFO | Speech Profile generated successfully.
2026-07-10 13:38:04,102 | INFO | Building narration...
2026-07-10 13:38:04,102 | INFO | 6 narration blocks generated.
2026-07-10 13:38:04,102 | INFO | Narration exported to D:\Laboratorio de IA\speech-ai\speech-ai\output\narration.txt
2026-07-10 13:38:04,102 | INFO | Building speech text...
2026-07-10 13:38:04,102 | INFO | Speech text generated.
2026-07-10 13:38:04,102 | INFO | Speech text exported to D:\Laboratorio de IA\speech-ai\speech-ai\output\speech.txt
2026-07-10 13:38:04,102 | INFO | ============================================================
2026-07-10 13:38:04,102 | INFO | Speech Service
2026-07-10 13:38:04,102 | INFO | ============================================================
2026-07-10 13:38:04,102 | INFO | Characters: 7349
2026-07-10 13:38:04,102 | INFO | Provider initialized: Microsoft Edge TTS (Microsoft) v1.1.0
2026-07-10 13:38:04,102 | INFO | Provider: Microsoft Edge TTS (Microsoft) v1.1.0
2026-07-10 13:38:04,102 | INFO | TTS Engine initialized with provider: Microsoft Edge TTS (Microsoft) v1.1.0
2026-07-10 13:38:04,102 | INFO | ============================================================
2026-07-10 13:38:04,102 | INFO | TTS Engine
2026-07-10 13:38:04,102 | INFO | ============================================================
2026-07-10 13:38:04,102 | INFO | Provider.....: EdgeProvider
2026-07-10 13:38:04,102 | INFO | Characters...: 7349
2026-07-10 13:38:04,102 | INFO | Output.......: D:\Laboratorio de IA\speech-ai\speech-ai\output\Audio_Governance_SouthAmerica.mp3
2026-07-10 13:38:04,102 | INFO | Generating audio...
2026-07-10 13:38:04,102 | INFO | Voice.....: en-US-GuyNeural
2026-07-10 13:38:04,102 | INFO | Rate......: -5%
2026-07-10 13:38:04,102 | INFO | Pitch.....: +1Hz
2026-07-10 13:38:04,102 | INFO | Volume....: +0%
2026-07-10 13:38:09,766 | INFO | Audio generated successfully.
2026-07-10 13:38:09,766 | INFO | TTS finished successfully.
2026-07-10 13:38:09,766 | INFO | Speech synthesis completed.
2026-07-10 13:38:09,766 | INFO | Pipeline finished
2026-07-14 10:25:10,767 | INFO | Pipeline started
2026-07-14 10:25:10,767 | INFO | Starting Text Analyzer
2026-07-14 10:25:10,767 | INFO | Loading script...
2026-07-14 10:25:10,767 | INFO | Normalizing text...
2026-07-14 10:25:10,767 | INFO | Building Presentation...
2026-07-14 10:25:10,767 | INFO | Detecting slides...
2026-07-14 10:25:10,767 | INFO | Calculating statistics...
2026-07-14 10:25:10,767 | INFO | Text Analyzer completed
2026-07-14 10:25:10,767 | INFO | LanguageDetector initialized.
2026-07-14 10:25:10,767 | INFO | VoiceSelector initialized.
2026-07-14 10:25:10,767 | INFO | ============================================================
2026-07-14 10:25:10,767 | INFO | Speech Intelligence Engine
2026-07-14 10:25:10,767 | INFO | ============================================================
2026-07-14 10:25:10,767 | INFO | Starting language detection...
2026-07-14 10:25:10,767 | INFO | Characters: 1218
2026-07-14 10:25:11,010 | INFO | Language detected: English
2026-07-14 10:25:11,010 | INFO | Confidence: 100.00%
2026-07-14 10:25:11,010 | INFO | Detection time: 234.33 ms
2026-07-14 10:25:11,010 | INFO | Language detected: en
2026-07-14 10:25:11,010 | INFO | Selecting voice for language 'en' using provider 'edge'.
2026-07-14 10:25:11,010 | INFO | Voice selected successfully: en-US-GuyNeural (edge)
2026-07-14 10:25:11,010 | INFO | ============================================================
2026-07-14 10:25:11,010 | INFO | Speech Analyzer Started
2026-07-14 10:25:11,010 | INFO | ============================================================
2026-07-14 10:25:11,010 | INFO | ============================================================
2026-07-14 10:25:11,010 | INFO | Speech Analysis Report
2026-07-14 10:25:11,010 | INFO | ============================================================
2026-07-14 10:25:11,010 | INFO | Words.............. 187
2026-07-14 10:25:11,010 | INFO | Sentences.......... 10
2026-07-14 10:25:11,010 | INFO | Paragraphs......... 1
2026-07-14 10:25:11,010 | INFO | Characters......... 1218
2026-07-14 10:25:11,010 | INFO | List Items......... 0
2026-07-14 10:25:11,010 | INFO | Numbers............ 3
2026-07-14 10:25:11,010 | INFO | Uppercase Words.... 5
2026-07-14 10:25:11,010 | INFO | Vocabulary Density.. 0.72
2026-07-14 10:25:11,010 | INFO | Complexity......... HIGH
2026-07-14 10:25:11,010 | INFO | Reading Style...... Technical
2026-07-14 10:25:11,010 | INFO | Reading Pace....... Slow
2026-07-14 10:25:11,010 | INFO | Execution Time..... 0.53ms
2026-07-14 10:25:11,010 | INFO | ============================================================
2026-07-14 10:25:11,010 | INFO | Speech Analyzer Completed
2026-07-14 10:25:11,010 | INFO | Calculating speech timing...
2026-07-14 10:25:11,010 | INFO | Complexity..... Medium
2026-07-14 10:25:11,010 | INFO | Recommended WPM 140
2026-07-14 10:25:11,010 | INFO | Recommended Rate -10%
2026-07-14 10:25:11,010 | INFO | ============================================================
2026-07-14 10:25:11,010 | INFO | Speech Optimizer
2026-07-14 10:25:11,010 | INFO | ============================================================
2026-07-14 10:25:11,010 | INFO | ============================================================
2026-07-14 10:25:11,010 | INFO | Speech Profile
2026-07-14 10:25:11,010 | INFO | ============================================================
2026-07-14 10:25:11,010 | INFO | Language.......... en
2026-07-14 10:25:11,010 | INFO | Voice............. en-US-GuyNeural
2026-07-14 10:25:11,010 | INFO | Provider.......... edge
2026-07-14 10:25:11,010 | INFO | Rate.............. -10%
2026-07-14 10:25:11,010 | INFO | Pitch............. +0Hz
2026-07-14 10:25:11,010 | INFO | Reading Style..... Business
2026-07-14 10:25:11,010 | INFO | Pacing............ Normal
2026-07-14 10:25:11,010 | INFO | Complexity........ Medium
2026-07-14 10:25:11,010 | INFO | Confidence........ 1.00
2026-07-14 10:25:11,010 | INFO | Optimization Time. 0.17 ms
2026-07-14 10:25:11,010 | INFO | ============================================================
2026-07-14 10:25:11,010 | INFO | Speech Profile generated successfully.
2026-07-14 10:25:11,010 | INFO | Building narration...
2026-07-14 10:25:11,010 | INFO | 1 narration blocks generated.
2026-07-14 10:25:11,010 | INFO | Narration exported to D:\Laboratorio de IA\speech-ai\speech-ai\output\narration.txt
2026-07-14 10:25:11,010 | INFO | Building speech text...
2026-07-14 10:25:11,010 | INFO | Speech text generated.
2026-07-14 10:25:11,010 | INFO | Speech text exported to D:\Laboratorio de IA\speech-ai\speech-ai\output\speech.txt
2026-07-14 10:25:11,010 | INFO | ============================================================
2026-07-14 10:25:11,010 | INFO | Speech Service
2026-07-14 10:25:11,010 | INFO | ============================================================
2026-07-14 10:25:11,010 | INFO | Characters: 1369
2026-07-14 10:25:11,010 | INFO | Provider initialized: Microsoft Edge TTS (Microsoft) v1.1.0
2026-07-14 10:25:11,010 | INFO | Provider: Microsoft Edge TTS (Microsoft) v1.1.0
2026-07-14 10:25:11,010 | INFO | TTS Engine initialized with provider: Microsoft Edge TTS (Microsoft) v1.1.0
2026-07-14 10:25:11,010 | INFO | ============================================================
2026-07-14 10:25:11,010 | INFO | TTS Engine
2026-07-14 10:25:11,010 | INFO | ============================================================
2026-07-14 10:25:11,010 | INFO | Provider.....: EdgeProvider
2026-07-14 10:25:11,010 | INFO | Characters...: 1369
2026-07-14 10:25:11,010 | INFO | Output.......: D:\Laboratorio de IA\speech-ai\speech-ai\output\Audio_Governance_SouthAmerica.mp3
2026-07-14 10:25:11,026 | INFO | Generating audio...
2026-07-14 10:25:11,026 | INFO | Voice.....: en-US-GuyNeural
2026-07-14 10:25:11,026 | INFO | Rate......: -10%
2026-07-14 10:25:11,026 | INFO | Pitch.....: +0Hz
2026-07-14 10:25:11,026 | INFO | Volume....: +0%
2026-07-14 10:25:17,626 | INFO | Audio generated successfully.
2026-07-14 10:25:17,642 | INFO | TTS finished successfully.
2026-07-14 10:25:17,642 | INFO | Speech synthesis completed.
2026-07-14 10:25:17,642 | INFO | Pipeline finished
2026-07-14 10:26:56,877 | INFO | Pipeline started
2026-07-14 10:26:56,877 | INFO | Starting Text Analyzer
2026-07-14 10:26:56,877 | INFO | Loading script...
2026-07-14 10:26:56,877 | INFO | Normalizing text...
2026-07-14 10:26:56,877 | INFO | Building Presentation...
2026-07-14 10:26:56,877 | INFO | Detecting slides...
2026-07-14 10:26:56,877 | INFO | Calculating statistics...
2026-07-14 10:26:56,877 | INFO | Text Analyzer completed
2026-07-14 10:26:56,877 | INFO | LanguageDetector initialized.
2026-07-14 10:26:56,877 | INFO | VoiceSelector initialized.
2026-07-14 10:26:56,877 | INFO | ============================================================
2026-07-14 10:26:56,885 | INFO | Speech Intelligence Engine
2026-07-14 10:26:56,885 | INFO | ============================================================
2026-07-14 10:26:56,885 | INFO | Starting language detection...
2026-07-14 10:26:56,885 | INFO | Characters: 1100
2026-07-14 10:26:57,065 | INFO | Language detected: English
2026-07-14 10:26:57,065 | INFO | Confidence: 100.00%
2026-07-14 10:26:57,065 | INFO | Detection time: 182.00 ms
2026-07-14 10:26:57,065 | INFO | Language detected: en
2026-07-14 10:26:57,065 | INFO | Selecting voice for language 'en' using provider 'edge'.
2026-07-14 10:26:57,065 | INFO | Voice selected successfully: en-US-GuyNeural (edge)
2026-07-14 10:26:57,065 | INFO | ============================================================
2026-07-14 10:26:57,065 | INFO | Speech Analyzer Started
2026-07-14 10:26:57,065 | INFO | ============================================================
2026-07-14 10:26:57,065 | INFO | ============================================================
2026-07-14 10:26:57,065 | INFO | Speech Analysis Report
2026-07-14 10:26:57,065 | INFO | ============================================================
2026-07-14 10:26:57,065 | INFO | Words.............. 187
2026-07-14 10:26:57,065 | INFO | Sentences.......... 14
2026-07-14 10:26:57,065 | INFO | Paragraphs......... 1
2026-07-14 10:26:57,065 | INFO | Characters......... 1100
2026-07-14 10:26:57,065 | INFO | List Items......... 0
2026-07-14 10:26:57,065 | INFO | Numbers............ 4
2026-07-14 10:26:57,065 | INFO | Uppercase Words.... 5
2026-07-14 10:26:57,065 | INFO | Vocabulary Density.. 0.67
2026-07-14 10:26:57,065 | INFO | Complexity......... MEDIUM
2026-07-14 10:26:57,065 | INFO | Reading Style...... Presentation
2026-07-14 10:26:57,065 | INFO | Reading Pace....... Normal
2026-07-14 10:26:57,065 | INFO | Execution Time..... 0.51ms
2026-07-14 10:26:57,065 | INFO | ============================================================
2026-07-14 10:26:57,065 | INFO | Speech Analyzer Completed
2026-07-14 10:26:57,065 | INFO | Calculating speech timing...
2026-07-14 10:26:57,065 | INFO | Complexity..... Low
2026-07-14 10:26:57,065 | INFO | Recommended WPM 150
2026-07-14 10:26:57,065 | INFO | Recommended Rate -5%
2026-07-14 10:26:57,065 | INFO | ============================================================
2026-07-14 10:26:57,065 | INFO | Speech Optimizer
2026-07-14 10:26:57,065 | INFO | ============================================================
2026-07-14 10:26:57,065 | INFO | ============================================================
2026-07-14 10:26:57,065 | INFO | Speech Profile
2026-07-14 10:26:57,065 | INFO | ============================================================
2026-07-14 10:26:57,065 | INFO | Language.......... en
2026-07-14 10:26:57,065 | INFO | Voice............. en-US-GuyNeural
2026-07-14 10:26:57,065 | INFO | Provider.......... edge
2026-07-14 10:26:57,065 | INFO | Rate.............. -5%
2026-07-14 10:26:57,065 | INFO | Pitch............. +1Hz
2026-07-14 10:26:57,065 | INFO | Reading Style..... Conversational
2026-07-14 10:26:57,065 | INFO | Pacing............ Fast
2026-07-14 10:26:57,065 | INFO | Complexity........ Low
2026-07-14 10:26:57,065 | INFO | Confidence........ 1.00
2026-07-14 10:26:57,065 | INFO | Optimization Time. 0.14 ms
2026-07-14 10:26:57,065 | INFO | ============================================================
2026-07-14 10:26:57,065 | INFO | Speech Profile generated successfully.
2026-07-14 10:26:57,065 | INFO | Building narration...
2026-07-14 10:26:57,065 | INFO | 1 narration blocks generated.
2026-07-14 10:26:57,065 | INFO | Narration exported to D:\Laboratorio de IA\speech-ai\speech-ai\output\narration.txt
2026-07-14 10:26:57,065 | INFO | Building speech text...
2026-07-14 10:26:57,065 | INFO | Speech text generated.
2026-07-14 10:26:57,065 | INFO | Speech text exported to D:\Laboratorio de IA\speech-ai\speech-ai\output\speech.txt
2026-07-14 10:26:57,065 | INFO | ============================================================
2026-07-14 10:26:57,065 | INFO | Speech Service
2026-07-14 10:26:57,065 | INFO | ============================================================
2026-07-14 10:26:57,065 | INFO | Characters: 1255
2026-07-14 10:26:57,065 | INFO | Provider initialized: Microsoft Edge TTS (Microsoft) v1.1.0
2026-07-14 10:26:57,065 | INFO | Provider: Microsoft Edge TTS (Microsoft) v1.1.0
2026-07-14 10:26:57,065 | INFO | TTS Engine initialized with provider: Microsoft Edge TTS (Microsoft) v1.1.0
2026-07-14 10:26:57,065 | INFO | ============================================================
2026-07-14 10:26:57,065 | INFO | TTS Engine
2026-07-14 10:26:57,065 | INFO | ============================================================
2026-07-14 10:26:57,065 | INFO | Provider.....: EdgeProvider
2026-07-14 10:26:57,065 | INFO | Characters...: 1255
2026-07-14 10:26:57,065 | INFO | Output.......: D:\Laboratorio de IA\speech-ai\speech-ai\output\Audio_Governance_SouthAmerica.mp3
2026-07-14 10:26:57,076 | INFO | Generating audio...
2026-07-14 10:26:57,076 | INFO | Voice.....: en-US-GuyNeural
2026-07-14 10:26:57,076 | INFO | Rate......: -5%
2026-07-14 10:26:57,076 | INFO | Pitch.....: +1Hz
2026-07-14 10:26:57,076 | INFO | Volume....: +0%
2026-07-14 10:27:03,261 | INFO | Audio generated successfully.
2026-07-14 10:27:03,261 | INFO | TTS finished successfully.
2026-07-14 10:27:03,261 | INFO | Speech synthesis completed.
2026-07-14 10:27:03,261 | INFO | Pipeline finished
2026-07-14 10:50:37,391 | INFO | Pipeline started
2026-07-14 10:50:37,391 | INFO | Starting Text Analyzer
2026-07-14 10:50:37,391 | INFO | Loading script...
2026-07-14 10:50:37,391 | INFO | Normalizing text...
2026-07-14 10:50:37,391 | INFO | Building Presentation...
2026-07-14 10:50:37,391 | INFO | Detecting slides...
2026-07-14 10:50:37,391 | INFO | Calculating statistics...
2026-07-14 10:50:37,391 | INFO | Text Analyzer completed
2026-07-14 10:50:37,391 | INFO | LanguageDetector initialized.
2026-07-14 10:50:37,391 | INFO | VoiceSelector initialized.
2026-07-14 10:50:37,391 | INFO | ============================================================
2026-07-14 10:50:37,391 | INFO | Speech Intelligence Engine
2026-07-14 10:50:37,391 | INFO | ============================================================
2026-07-14 10:50:37,391 | INFO | Starting language detection...
2026-07-14 10:50:37,391 | INFO | Characters: 1744
2026-07-14 10:50:37,608 | INFO | Language detected: English
2026-07-14 10:50:37,608 | INFO | Confidence: 100.00%
2026-07-14 10:50:37,608 | INFO | Detection time: 206.11 ms
2026-07-14 10:50:37,608 | INFO | Language detected: en
2026-07-14 10:50:37,608 | INFO | Selecting voice for language 'en' using provider 'edge'.
2026-07-14 10:50:37,608 | INFO | Voice selected successfully: en-US-GuyNeural (edge)
2026-07-14 10:50:37,608 | INFO | ============================================================
2026-07-14 10:50:37,608 | INFO | Speech Analyzer Started
2026-07-14 10:50:37,608 | INFO | ============================================================
2026-07-14 10:50:37,608 | INFO | ============================================================
2026-07-14 10:50:37,608 | INFO | Speech Analysis Report
2026-07-14 10:50:37,608 | INFO | ============================================================
2026-07-14 10:50:37,608 | INFO | Words.............. 273
2026-07-14 10:50:37,608 | INFO | Sentences.......... 18
2026-07-14 10:50:37,608 | INFO | Paragraphs......... 1
2026-07-14 10:50:37,608 | INFO | Characters......... 1755
2026-07-14 10:50:37,608 | INFO | List Items......... 0
2026-07-14 10:50:37,608 | INFO | Numbers............ 3
2026-07-14 10:50:37,608 | INFO | Uppercase Words.... 6
2026-07-14 10:50:37,608 | INFO | Vocabulary Density.. 0.57
2026-07-14 10:50:37,608 | INFO | Complexity......... MEDIUM
2026-07-14 10:50:37,608 | INFO | Reading Style...... Presentation
2026-07-14 10:50:37,608 | INFO | Reading Pace....... Normal
2026-07-14 10:50:37,608 | INFO | Execution Time..... 0.58ms
2026-07-14 10:50:37,608 | INFO | ============================================================
2026-07-14 10:50:37,608 | INFO | Speech Analyzer Completed
2026-07-14 10:50:37,608 | INFO | Calculating speech timing...
2026-07-14 10:50:37,608 | INFO | Complexity..... Low
2026-07-14 10:50:37,608 | INFO | Recommended WPM 150
2026-07-14 10:50:37,608 | INFO | Recommended Rate -5%
2026-07-14 10:50:37,608 | INFO | ============================================================
2026-07-14 10:50:37,608 | INFO | Speech Optimizer
2026-07-14 10:50:37,608 | INFO | ============================================================
2026-07-14 10:50:37,608 | INFO | ============================================================
2026-07-14 10:50:37,608 | INFO | Speech Profile
2026-07-14 10:50:37,608 | INFO | ============================================================
2026-07-14 10:50:37,608 | INFO | Language.......... en
2026-07-14 10:50:37,608 | INFO | Voice............. en-US-GuyNeural
2026-07-14 10:50:37,608 | INFO | Provider.......... edge
2026-07-14 10:50:37,608 | INFO | Rate.............. -5%
2026-07-14 10:50:37,608 | INFO | Pitch............. +1Hz
2026-07-14 10:50:37,608 | INFO | Reading Style..... Business
2026-07-14 10:50:37,608 | INFO | Pacing............ Fast
2026-07-14 10:50:37,608 | INFO | Complexity........ Low
2026-07-14 10:50:37,608 | INFO | Confidence........ 1.00
2026-07-14 10:50:37,608 | INFO | Optimization Time. 0.17 ms
2026-07-14 10:50:37,608 | INFO | ============================================================
2026-07-14 10:50:37,608 | INFO | Speech Profile generated successfully.
2026-07-14 10:50:37,608 | INFO | Building narration...
2026-07-14 10:50:37,608 | INFO | 1 narration blocks generated.
2026-07-14 10:50:37,608 | INFO | Narration exported to D:\Laboratorio de IA\speech-ai\speech-ai\output\narration.txt
2026-07-14 10:50:37,608 | INFO | Building speech text...
2026-07-14 10:50:37,608 | INFO | Speech text generated.
2026-07-14 10:50:37,608 | INFO | Speech text exported to D:\Laboratorio de IA\speech-ai\speech-ai\output\speech.txt
2026-07-14 10:50:37,608 | INFO | ============================================================
2026-07-14 10:50:37,608 | INFO | Speech Service
2026-07-14 10:50:37,608 | INFO | ============================================================
2026-07-14 10:50:37,608 | INFO | Characters: 1924
2026-07-14 10:50:37,608 | INFO | Provider initialized: Microsoft Edge TTS (Microsoft) v1.1.0
2026-07-14 10:50:37,608 | INFO | Provider: Microsoft Edge TTS (Microsoft) v1.1.0
2026-07-14 10:50:37,608 | INFO | TTS Engine initialized with provider: Microsoft Edge TTS (Microsoft) v1.1.0
2026-07-14 10:50:37,608 | INFO | ============================================================
2026-07-14 10:50:37,608 | INFO | TTS Engine
2026-07-14 10:50:37,608 | INFO | ============================================================
2026-07-14 10:50:37,608 | INFO | Provider.....: EdgeProvider
2026-07-14 10:50:37,608 | INFO | Characters...: 1924
2026-07-14 10:50:37,608 | INFO | Output.......: D:\Laboratorio de IA\speech-ai\speech-ai\output\Audio_Governance_SouthAmerica.mp3
2026-07-14 10:50:37,608 | INFO | Generating audio...
2026-07-14 10:50:37,608 | INFO | Voice.....: en-US-GuyNeural
2026-07-14 10:50:37,608 | INFO | Rate......: -5%
2026-07-14 10:50:37,608 | INFO | Pitch.....: +1Hz
2026-07-14 10:50:37,608 | INFO | Volume....: +0%
2026-07-14 10:50:47,545 | INFO | Audio generated successfully.
2026-07-14 10:50:47,549 | INFO | TTS finished successfully.
2026-07-14 10:50:47,549 | INFO | Speech synthesis completed.
2026-07-14 10:50:47,549 | INFO | Pipeline finished
2026-09-08 13:09:42,661 | INFO | Pipeline started
2026-09-08 13:09:42,662 | INFO | Starting Text Analyzer
2026-09-08 13:09:42,662 | INFO | Loading script...
2026-09-08 13:09:42,662 | INFO | Normalizing text...
2026-09-08 13:09:42,662 | INFO | Building Presentation...
2026-09-08 13:09:42,662 | INFO | Detecting slides...
2026-09-08 13:09:42,663 | INFO | Calculating statistics...
2026-09-08 13:09:42,663 | INFO | Text Analyzer completed
2026-09-08 13:09:42,663 | INFO | LanguageDetector initialized.
2026-09-08 13:09:42,663 | INFO | VoiceSelector initialized.
2026-09-08 13:09:42,663 | INFO | ============================================================
2026-09-08 13:09:42,663 | INFO | Speech Intelligence Engine
2026-09-08 13:09:42,663 | INFO | ============================================================
2026-09-08 13:09:42,663 | INFO | Starting language detection...
2026-09-08 13:09:42,664 | INFO | Characters: 2948
2026-09-08 13:09:43,523 | INFO | Language detected: English
2026-09-08 13:09:43,523 | INFO | Confidence: 100.00%
2026-09-08 13:09:43,523 | INFO | Detection time: 860.14 ms
2026-09-08 13:09:43,523 | INFO | Language detected: en
2026-09-08 13:09:43,523 | INFO | Selecting voice for language 'en' using provider 'edge'.
2026-09-08 13:09:43,523 | INFO | Voice selected successfully: en-US-GuyNeural (edge)
2026-09-08 13:09:43,523 | INFO | ============================================================
2026-09-08 13:09:43,523 | INFO | Speech Analyzer Started
2026-09-08 13:09:43,523 | INFO | ============================================================
2026-09-08 13:09:43,524 | INFO | ============================================================
2026-09-08 13:09:43,524 | INFO | Speech Analysis Report
2026-09-08 13:09:43,524 | INFO | ============================================================
2026-09-08 13:09:43,524 | INFO | Words.............. 479
2026-09-08 13:09:43,524 | INFO | Sentences.......... 45
2026-09-08 13:09:43,524 | INFO | Paragraphs......... 51
2026-09-08 13:09:43,524 | INFO | Characters......... 2998
2026-09-08 13:09:43,524 | INFO | List Items......... 0
2026-09-08 13:09:43,524 | INFO | Numbers............ 18
2026-09-08 13:09:43,524 | INFO | Uppercase Words.... 16
2026-09-08 13:09:43,524 | INFO | Vocabulary Density.. 0.46
2026-09-08 13:09:43,524 | INFO | Complexity......... LOW
2026-09-08 13:09:43,525 | INFO | Reading Style...... Presentation
2026-09-08 13:09:43,525 | INFO | Reading Pace....... Normal
2026-09-08 13:09:43,525 | INFO | Execution Time..... 0.74ms
2026-09-08 13:09:43,525 | INFO | ============================================================
2026-09-08 13:09:43,525 | INFO | Speech Analyzer Completed
2026-09-08 13:09:43,525 | INFO | Calculating speech timing...
2026-09-08 13:09:43,525 | INFO | Complexity..... Low
2026-09-08 13:09:43,525 | INFO | Recommended WPM 150
2026-09-08 13:09:43,525 | INFO | Recommended Rate -5%
2026-09-08 13:09:43,525 | INFO | ============================================================
2026-09-08 13:09:43,525 | INFO | Speech Optimizer
2026-09-08 13:09:43,525 | INFO | ============================================================
2026-09-08 13:09:43,525 | INFO | ============================================================
2026-09-08 13:09:43,525 | INFO | Speech Profile
2026-09-08 13:09:43,525 | INFO | ============================================================
2026-09-08 13:09:43,525 | INFO | Language.......... en
2026-09-08 13:09:43,525 | INFO | Voice............. en-US-GuyNeural
2026-09-08 13:09:43,525 | INFO | Provider.......... edge
2026-09-08 13:09:43,525 | INFO | Rate.............. -5%
2026-09-08 13:09:43,525 | INFO | Pitch............. +1Hz
2026-09-08 13:09:43,525 | INFO | Reading Style..... Conversational
2026-09-08 13:09:43,525 | INFO | Pacing............ Fast
2026-09-08 13:09:43,525 | INFO | Complexity........ Low
2026-09-08 13:09:43,525 | INFO | Confidence........ 1.00
2026-09-08 13:09:43,525 | INFO | Optimization Time. 0.11 ms
2026-09-08 13:09:43,525 | INFO | ============================================================
2026-09-08 13:09:43,525 | INFO | Speech Profile generated successfully.
2026-09-08 13:09:43,526 | INFO | Building narration...
2026-09-08 13:09:43,526 | INFO | 1 narration blocks generated.
2026-09-08 13:09:43,528 | INFO | Narration exported to D:\Laboratorio de IA\speech-ai\speech-ai\output\narration.txt
2026-09-08 13:09:43,528 | INFO | Building speech text...
2026-09-08 13:09:43,529 | INFO | Speech text generated.
2026-09-08 13:09:43,529 | INFO | Speech text exported to D:\Laboratorio de IA\speech-ai\speech-ai\output\speech.txt
2026-09-08 13:09:43,530 | INFO | ============================================================
2026-09-08 13:09:43,530 | INFO | Speech Service
2026-09-08 13:09:43,530 | INFO | ============================================================
2026-09-08 13:09:43,543 | INFO | Characters: 3050
2026-09-08 13:09:43,543 | INFO | Provider initialized: Microsoft Edge TTS (Microsoft) v1.1.0
2026-09-08 13:09:43,544 | INFO | Provider: Microsoft Edge TTS (Microsoft) v1.1.0
2026-09-08 13:09:43,544 | INFO | TTS Engine initialized with provider: Microsoft Edge TTS (Microsoft) v1.1.0
2026-09-08 13:09:43,544 | INFO | ============================================================
2026-09-08 13:09:43,544 | INFO | TTS Engine
2026-09-08 13:09:43,544 | INFO | ============================================================
2026-09-08 13:09:43,544 | INFO | Provider.....: EdgeProvider
2026-09-08 13:09:43,544 | INFO | Characters...: 3050
2026-09-08 13:09:43,544 | INFO | Output.......: D:\Laboratorio de IA\speech-ai\speech-ai\output\Audio_Governance_SouthAmerica.mp3
2026-09-08 13:09:43,549 | INFO | Generating audio...
2026-09-08 13:09:43,550 | INFO | Voice.....: en-US-GuyNeural
2026-09-08 13:09:43,550 | INFO | Rate......: -5%
2026-09-08 13:09:43,550 | INFO | Pitch.....: +1Hz
2026-09-08 13:09:43,550 | INFO | Volume....: +0%
2026-09-08 13:10:14,549 | INFO | Audio generated successfully.
2026-09-08 13:10:14,551 | INFO | TTS finished successfully.
2026-09-08 13:10:14,551 | INFO | Speech synthesis completed.
2026-09-08 13:10:14,551 | INFO | Pipeline finished
2026-09-09 18:13:10,929 | INFO | Pipeline started
2026-09-09 18:13:10,929 | INFO | Starting Text Analyzer
2026-09-09 18:13:10,929 | INFO | Loading script...
2026-09-09 18:13:10,929 | INFO | Normalizing text...
2026-09-09 18:13:10,929 | INFO | Building Presentation...
2026-09-09 18:13:10,929 | INFO | Detecting slides...
2026-09-09 18:13:10,929 | INFO | Calculating statistics...
2026-09-09 18:13:10,929 | INFO | Text Analyzer completed
2026-09-09 18:13:10,929 | INFO | LanguageDetector initialized.
2026-09-09 18:13:10,929 | INFO | VoiceSelector initialized.
2026-09-09 18:13:10,929 | INFO | ============================================================
2026-09-09 18:13:10,929 | INFO | Speech Intelligence Engine
2026-09-09 18:13:10,929 | INFO | ============================================================
2026-09-09 18:13:10,929 | INFO | Starting language detection...
2026-09-09 18:13:10,929 | INFO | Characters: 9260
2026-09-09 18:13:11,624 | INFO | Language detected: English
2026-09-09 18:13:11,624 | INFO | Confidence: 100.00%
2026-09-09 18:13:11,624 | INFO | Detection time: 689.22 ms
2026-09-09 18:13:11,624 | INFO | Language detected: en
2026-09-09 18:13:11,624 | INFO | Selecting voice for language 'en' using provider 'edge'.
2026-09-09 18:13:11,624 | INFO | Voice selected successfully: en-US-GuyNeural (edge)
2026-09-09 18:13:11,624 | INFO | ============================================================
2026-09-09 18:13:11,624 | INFO | Speech Analyzer Started
2026-09-09 18:13:11,624 | INFO | ============================================================
2026-09-09 18:13:11,624 | INFO | ============================================================
2026-09-09 18:13:11,624 | INFO | Speech Analysis Report
2026-09-09 18:13:11,624 | INFO | ============================================================
2026-09-09 18:13:11,624 | INFO | Words.............. 1350
2026-09-09 18:13:11,624 | INFO | Sentences.......... 91
2026-09-09 18:13:11,624 | INFO | Paragraphs......... 76
2026-09-09 18:13:11,624 | INFO | Characters......... 9335
2026-09-09 18:13:11,624 | INFO | List Items......... 0
2026-09-09 18:13:11,624 | INFO | Numbers............ 11
2026-09-09 18:13:11,624 | INFO | Uppercase Words.... 27
2026-09-09 18:13:11,624 | INFO | Vocabulary Density.. 0.39
2026-09-09 18:13:11,624 | INFO | Complexity......... MEDIUM
2026-09-09 18:13:11,624 | INFO | Reading Style...... Presentation
2026-09-09 18:13:11,624 | INFO | Reading Pace....... Normal
2026-09-09 18:13:11,624 | INFO | Execution Time..... 1.04ms
2026-09-09 18:13:11,624 | INFO | ============================================================
2026-09-09 18:13:11,624 | INFO | Speech Analyzer Completed
2026-09-09 18:13:11,624 | INFO | Calculating speech timing...
2026-09-09 18:13:11,624 | INFO | Complexity..... Low
2026-09-09 18:13:11,624 | INFO | Recommended WPM 150
2026-09-09 18:13:11,624 | INFO | Recommended Rate -5%
2026-09-09 18:13:11,624 | INFO | ============================================================
2026-09-09 18:13:11,624 | INFO | Speech Optimizer
2026-09-09 18:13:11,624 | INFO | ============================================================
2026-09-09 18:13:11,624 | INFO | ============================================================
2026-09-09 18:13:11,624 | INFO | Speech Profile
2026-09-09 18:13:11,624 | INFO | ============================================================
2026-09-09 18:13:11,624 | INFO | Language.......... en
2026-09-09 18:13:11,624 | INFO | Voice............. en-US-GuyNeural
2026-09-09 18:13:11,624 | INFO | Provider.......... edge
2026-09-09 18:13:11,624 | INFO | Rate.............. -5%
2026-09-09 18:13:11,624 | INFO | Pitch............. +1Hz
2026-09-09 18:13:11,624 | INFO | Reading Style..... Business
2026-09-09 18:13:11,624 | INFO | Pacing............ Fast
2026-09-09 18:13:11,624 | INFO | Complexity........ Low
2026-09-09 18:13:11,624 | INFO | Confidence........ 1.00
2026-09-09 18:13:11,624 | INFO | Optimization Time. 0.11 ms
2026-09-09 18:13:11,624 | INFO | ============================================================
2026-09-09 18:13:11,624 | INFO | Speech Profile generated successfully.
2026-09-09 18:13:11,624 | INFO | Building narration...
2026-09-09 18:13:11,624 | INFO | 1 narration blocks generated.
2026-09-09 18:13:11,624 | INFO | Narration exported to D:\Laboratorio de IA\speech-ai\speech-ai\output\narration.txt
2026-09-09 18:13:11,624 | INFO | Building speech text...
2026-09-09 18:13:11,624 | INFO | Speech text generated.
2026-09-09 18:13:11,624 | INFO | Speech text exported to D:\Laboratorio de IA\speech-ai\speech-ai\output\speech.txt
2026-09-09 18:13:11,624 | INFO | ============================================================
2026-09-09 18:13:11,624 | INFO | Speech Service
2026-09-09 18:13:11,624 | INFO | ============================================================
2026-09-09 18:13:11,645 | INFO | Characters: 10590
2026-09-09 18:13:11,645 | INFO | Provider initialized: Microsoft Edge TTS (Microsoft) v1.1.0
2026-09-09 18:13:11,646 | INFO | Provider: Microsoft Edge TTS (Microsoft) v1.1.0
2026-09-09 18:13:11,646 | INFO | TTS Engine initialized with provider: Microsoft Edge TTS (Microsoft) v1.1.0
2026-09-09 18:13:11,646 | INFO | ============================================================
2026-09-09 18:13:11,646 | INFO | TTS Engine
2026-09-09 18:13:11,646 | INFO | ============================================================
2026-09-09 18:13:11,646 | INFO | Provider.....: EdgeProvider
2026-09-09 18:13:11,646 | INFO | Characters...: 10590
2026-09-09 18:13:11,646 | INFO | Output.......: D:\Laboratorio de IA\speech-ai\speech-ai\output\Audio_Governance_SouthAmerica.mp3
2026-09-09 18:13:11,646 | INFO | Generating audio...
2026-09-09 18:13:11,646 | INFO | Voice.....: en-US-GuyNeural
2026-09-09 18:13:11,646 | INFO | Rate......: -5%
2026-09-09 18:13:11,646 | INFO | Pitch.....: +1Hz
2026-09-09 18:13:11,646 | INFO | Volume....: +0%
2026-09-09 18:14:06,067 | INFO | Audio generated successfully.
2026-09-09 18:14:06,069 | INFO | TTS finished successfully.
2026-09-09 18:14:06,069 | INFO | Speech synthesis completed.
2026-09-09 18:14:06,070 | INFO | Pipeline finished
2026-09-14 18:57:09,353 | INFO | Pipeline started
2026-09-14 18:57:09,354 | INFO | Starting Text Analyzer
2026-09-14 18:57:09,354 | INFO | Loading script...
2026-09-14 18:57:09,354 | INFO | Normalizing text...
2026-09-14 18:57:09,354 | INFO | Building Presentation...
2026-09-14 18:57:09,354 | INFO | Detecting slides...
2026-09-14 18:57:09,355 | INFO | Calculating statistics...
2026-09-14 18:57:09,355 | INFO | Text Analyzer completed
2026-09-14 18:57:09,355 | INFO | LanguageDetector initialized.
2026-09-14 18:57:09,355 | INFO | VoiceSelector initialized.
2026-09-14 18:57:09,355 | INFO | ============================================================
2026-09-14 18:57:09,355 | INFO | Speech Intelligence Engine
2026-09-14 18:57:09,355 | INFO | ============================================================
2026-09-14 18:57:09,355 | INFO | Starting language detection...
2026-09-14 18:57:09,356 | INFO | Characters: 5209
2026-09-14 18:57:10,039 | INFO | Language detected: English
2026-09-14 18:57:10,039 | INFO | Confidence: 100.00%
2026-09-14 18:57:10,039 | INFO | Detection time: 683.01 ms
2026-09-14 18:57:10,039 | INFO | Language detected: en
2026-09-14 18:57:10,039 | INFO | Selecting voice for language 'en' using provider 'edge'.
2026-09-14 18:57:10,039 | INFO | Voice selected successfully: en-US-GuyNeural (edge)
2026-09-14 18:57:10,039 | INFO | ============================================================
2026-09-14 18:57:10,039 | INFO | Speech Analyzer Started
2026-09-14 18:57:10,039 | INFO | ============================================================
2026-09-14 18:57:10,040 | INFO | ============================================================
2026-09-14 18:57:10,040 | INFO | Speech Analysis Report
2026-09-14 18:57:10,040 | INFO | ============================================================
2026-09-14 18:57:10,040 | INFO | Words.............. 803
2026-09-14 18:57:10,040 | INFO | Sentences.......... 68
2026-09-14 18:57:10,040 | INFO | Paragraphs......... 1
2026-09-14 18:57:10,040 | INFO | Characters......... 5209
2026-09-14 18:57:10,040 | INFO | List Items......... 0
2026-09-14 18:57:10,040 | INFO | Numbers............ 51
2026-09-14 18:57:10,040 | INFO | Uppercase Words.... 4
2026-09-14 18:57:10,040 | INFO | Vocabulary Density.. 0.50
2026-09-14 18:57:10,040 | INFO | Complexity......... MEDIUM
2026-09-14 18:57:10,040 | INFO | Reading Style...... Presentation
2026-09-14 18:57:10,040 | INFO | Reading Pace....... Normal
2026-09-14 18:57:10,040 | INFO | Execution Time..... 0.71ms
2026-09-14 18:57:10,040 | INFO | ============================================================
2026-09-14 18:57:10,040 | INFO | Speech Analyzer Completed
2026-09-14 18:57:10,040 | INFO | Calculating speech timing...
2026-09-14 18:57:10,040 | INFO | Complexity..... Low
2026-09-14 18:57:10,040 | INFO | Recommended WPM 150
2026-09-14 18:57:10,040 | INFO | Recommended Rate -5%
2026-09-14 18:57:10,040 | INFO | ============================================================
2026-09-14 18:57:10,040 | INFO | Speech Optimizer
2026-09-14 18:57:10,040 | INFO | ============================================================
2026-09-14 18:57:10,040 | INFO | ============================================================
2026-09-14 18:57:10,040 | INFO | Speech Profile
2026-09-14 18:57:10,040 | INFO | ============================================================
2026-09-14 18:57:10,041 | INFO | Language.......... en
2026-09-14 18:57:10,041 | INFO | Voice............. en-US-GuyNeural
2026-09-14 18:57:10,041 | INFO | Provider.......... edge
2026-09-14 18:57:10,041 | INFO | Rate.............. -5%
2026-09-14 18:57:10,041 | INFO | Pitch............. +1Hz
2026-09-14 18:57:10,041 | INFO | Reading Style..... Conversational
2026-09-14 18:57:10,041 | INFO | Pacing............ Fast
2026-09-14 18:57:10,041 | INFO | Complexity........ Low
2026-09-14 18:57:10,041 | INFO | Confidence........ 1.00
2026-09-14 18:57:10,041 | INFO | Optimization Time. 0.08 ms
2026-09-14 18:57:10,041 | INFO | ============================================================
2026-09-14 18:57:10,041 | INFO | Speech Profile generated successfully.
2026-09-14 18:57:10,041 | INFO | Building narration...
2026-09-14 18:57:10,041 | INFO | 9 narration blocks generated.
2026-09-14 18:57:10,043 | INFO | Narration exported to D:\Laboratorio de IA\speech-ai\speech-ai\output\narration.txt
2026-09-14 18:57:10,043 | INFO | Building speech text...
2026-09-14 18:57:10,043 | INFO | Speech text generated.
2026-09-14 18:57:10,043 | INFO | Speech text exported to D:\Laboratorio de IA\speech-ai\speech-ai\output\speech.txt
2026-09-14 18:57:10,043 | INFO | ============================================================
2026-09-14 18:57:10,043 | INFO | Speech Service
2026-09-14 18:57:10,043 | INFO | ============================================================
2026-09-14 18:57:10,052 | INFO | Characters: 5859
2026-09-14 18:57:10,052 | INFO | Provider initialized: Microsoft Edge TTS (Microsoft) v1.1.0
2026-09-14 18:57:10,052 | INFO | Provider: Microsoft Edge TTS (Microsoft) v1.1.0
2026-09-14 18:57:10,052 | INFO | TTS Engine initialized with provider: Microsoft Edge TTS (Microsoft) v1.1.0
2026-09-14 18:57:10,052 | INFO | ============================================================
2026-09-14 18:57:10,052 | INFO | TTS Engine
2026-09-14 18:57:10,052 | INFO | ============================================================
2026-09-14 18:57:10,053 | INFO | Provider.....: EdgeProvider
2026-09-14 18:57:10,053 | INFO | Characters...: 5859
2026-09-14 18:57:10,053 | INFO | Output.......: D:\Laboratorio de IA\speech-ai\speech-ai\output\Audio_Governance_SouthAmerica.mp3
2026-09-14 18:57:10,055 | INFO | Generating audio...
2026-09-14 18:57:10,055 | INFO | Voice.....: en-US-GuyNeural
2026-09-14 18:57:10,055 | INFO | Rate......: -5%
2026-09-14 18:57:10,055 | INFO | Pitch.....: +1Hz
2026-09-14 18:57:10,055 | INFO | Volume....: +0%
2026-09-14 18:57:39,145 | INFO | Audio generated successfully.
2026-09-14 18:57:39,147 | INFO | TTS finished successfully.
2026-09-14 18:57:39,147 | INFO | Speech synthesis completed.
2026-09-14 18:57:39,147 | INFO | Pipeline finished
2026-09-14 19:09:25,290 | INFO | Pipeline started
2026-09-14 19:09:25,290 | INFO | Starting Text Analyzer
2026-09-14 19:09:25,290 | INFO | Loading script...
2026-09-14 19:09:25,291 | INFO | Normalizing text...
2026-09-14 19:09:25,291 | INFO | Building Presentation...
2026-09-14 19:09:25,291 | INFO | Detecting slides...
2026-09-14 19:09:25,291 | INFO | Calculating statistics...
2026-09-14 19:09:25,292 | INFO | Text Analyzer completed
2026-09-14 19:09:25,292 | INFO | LanguageDetector initialized.
2026-09-14 19:09:25,292 | INFO | VoiceSelector initialized.
2026-09-14 19:09:25,292 | INFO | ============================================================
2026-09-14 19:09:25,292 | INFO | Speech Intelligence Engine
2026-09-14 19:09:25,292 | INFO | ============================================================
2026-09-14 19:09:25,292 | INFO | Starting language detection...
2026-09-14 19:09:25,292 | INFO | Characters: 5079
2026-09-14 19:09:25,486 | INFO | Language detected: English
2026-09-14 19:09:25,487 | INFO | Confidence: 100.00%
2026-09-14 19:09:25,487 | INFO | Detection time: 194.45 ms
2026-09-14 19:09:25,487 | INFO | Language detected: en
2026-09-14 19:09:25,487 | INFO | Selecting voice for language 'en' using provider 'edge'.
2026-09-14 19:09:25,487 | INFO | Voice selected successfully: en-US-GuyNeural (edge)
2026-09-14 19:09:25,487 | INFO | ============================================================
2026-09-14 19:09:25,487 | INFO | Speech Analyzer Started
2026-09-14 19:09:25,487 | INFO | ============================================================
2026-09-14 19:09:25,488 | INFO | ============================================================
2026-09-14 19:09:25,488 | INFO | Speech Analysis Report
2026-09-14 19:09:25,488 | INFO | ============================================================
2026-09-14 19:09:25,488 | INFO | Words.............. 787
2026-09-14 19:09:25,488 | INFO | Sentences.......... 67
2026-09-14 19:09:25,488 | INFO | Paragraphs......... 10
2026-09-14 19:09:25,488 | INFO | Characters......... 5089
2026-09-14 19:09:25,488 | INFO | List Items......... 0
2026-09-14 19:09:25,488 | INFO | Numbers............ 47
2026-09-14 19:09:25,488 | INFO | Uppercase Words.... 4
2026-09-14 19:09:25,488 | INFO | Vocabulary Density.. 0.50
2026-09-14 19:09:25,488 | INFO | Complexity......... MEDIUM
2026-09-14 19:09:25,488 | INFO | Reading Style...... Presentation
2026-09-14 19:09:25,488 | INFO | Reading Pace....... Normal
2026-09-14 19:09:25,488 | INFO | Execution Time..... 0.74ms
2026-09-14 19:09:25,488 | INFO | ============================================================
2026-09-14 19:09:25,488 | INFO | Speech Analyzer Completed
2026-09-14 19:09:25,488 | INFO | Calculating speech timing...
2026-09-14 19:09:25,488 | INFO | Complexity..... Low
2026-09-14 19:09:25,488 | INFO | Recommended WPM 150
2026-09-14 19:09:25,488 | INFO | Recommended Rate -5%
2026-09-14 19:09:25,488 | INFO | ============================================================
2026-09-14 19:09:25,488 | INFO | Speech Optimizer
2026-09-14 19:09:25,488 | INFO | ============================================================
2026-09-14 19:09:25,488 | INFO | ============================================================
2026-09-14 19:09:25,488 | INFO | Speech Profile
2026-09-14 19:09:25,488 | INFO | ============================================================
2026-09-14 19:09:25,488 | INFO | Language.......... en
2026-09-14 19:09:25,488 | INFO | Voice............. en-US-GuyNeural
2026-09-14 19:09:25,488 | INFO | Provider.......... edge
2026-09-14 19:09:25,488 | INFO | Rate.............. -5%
2026-09-14 19:09:25,488 | INFO | Pitch............. +1Hz
2026-09-14 19:09:25,488 | INFO | Reading Style..... Conversational
2026-09-14 19:09:25,488 | INFO | Pacing............ Fast
2026-09-14 19:09:25,488 | INFO | Complexity........ Low
2026-09-14 19:09:25,489 | INFO | Confidence........ 1.00
2026-09-14 19:09:25,489 | INFO | Optimization Time. 0.08 ms
2026-09-14 19:09:25,489 | INFO | ============================================================
2026-09-14 19:09:25,489 | INFO | Speech Profile generated successfully.
2026-09-14 19:09:25,489 | INFO | Building narration...
2026-09-14 19:09:25,490 | INFO | 9 narration blocks generated.
2026-09-14 19:09:25,490 | INFO | Narration exported to D:\Laboratorio de IA\speech-ai\speech-ai\output\narration.txt
2026-09-14 19:09:25,490 | INFO | Building speech text...
2026-09-14 19:09:25,491 | INFO | Speech text generated.
2026-09-14 19:09:25,491 | INFO | Speech text exported to D:\Laboratorio de IA\speech-ai\speech-ai\output\speech.txt
2026-09-14 19:09:25,491 | INFO | ============================================================
2026-09-14 19:09:25,491 | INFO | Speech Service
2026-09-14 19:09:25,491 | INFO | ============================================================
2026-09-14 19:09:25,499 | INFO | Characters: 5658
2026-09-14 19:09:25,500 | INFO | Provider initialized: Microsoft Edge TTS (Microsoft) v1.1.0
2026-09-14 19:09:25,500 | INFO | Provider: Microsoft Edge TTS (Microsoft) v1.1.0
2026-09-14 19:09:25,500 | INFO | TTS Engine initialized with provider: Microsoft Edge TTS (Microsoft) v1.1.0
2026-09-14 19:09:25,500 | INFO | ============================================================
2026-09-14 19:09:25,500 | INFO | TTS Engine
2026-09-14 19:09:25,500 | INFO | ============================================================
2026-09-14 19:09:25,500 | INFO | Provider.....: EdgeProvider
2026-09-14 19:09:25,500 | INFO | Characters...: 5658
2026-09-14 19:09:25,500 | INFO | Output.......: D:\Laboratorio de IA\speech-ai\speech-ai\output\Audio_Governance_SouthAmerica.mp3
2026-09-14 19:09:25,503 | INFO | Generating audio...
2026-09-14 19:09:25,503 | INFO | Voice.....: en-US-GuyNeural
2026-09-14 19:09:25,503 | INFO | Rate......: -5%
2026-09-14 19:09:25,503 | INFO | Pitch.....: +1Hz
2026-09-14 19:09:25,503 | INFO | Volume....: +0%
2026-09-14 19:09:57,453 | INFO | Audio generated successfully.
2026-09-14 19:09:57,455 | INFO | TTS finished successfully.
2026-09-14 19:09:57,455 | INFO | Speech synthesis completed.
2026-09-14 19:09:57,455 | INFO | Pipeline finished
2026-09-15 12:48:51,763 | INFO | Pipeline started
2026-09-15 12:48:51,769 | INFO | Starting Text Analyzer
2026-09-15 12:48:51,769 | INFO | Loading script...
2026-09-15 12:48:51,769 | INFO | Normalizing text...
2026-09-15 12:48:51,769 | INFO | Building Presentation...
2026-09-15 12:48:51,769 | INFO | Detecting slides...
2026-09-15 12:48:51,769 | INFO | Calculating statistics...
2026-09-15 12:48:51,769 | INFO | Text Analyzer completed
2026-09-15 12:48:51,769 | INFO | LanguageDetector initialized.
2026-09-15 12:48:51,769 | INFO | VoiceSelector initialized.
2026-09-15 12:48:51,769 | INFO | ============================================================
2026-09-15 12:48:51,769 | INFO | Speech Intelligence Engine
2026-09-15 12:48:51,769 | INFO | ============================================================
2026-09-15 12:48:51,769 | INFO | Starting language detection...
2026-09-15 12:48:51,769 | INFO | Characters: 4329
2026-09-15 12:48:52,431 | INFO | Language detected: English
2026-09-15 12:48:52,431 | INFO | Confidence: 100.00%
2026-09-15 12:48:52,431 | INFO | Detection time: 671.88 ms
2026-09-15 12:48:52,431 | INFO | Language detected: en
2026-09-15 12:48:52,431 | INFO | Selecting voice for language 'en' using provider 'edge'.
2026-09-15 12:48:52,431 | INFO | Voice selected successfully: en-US-GuyNeural (edge)
2026-09-15 12:48:52,431 | INFO | ============================================================
2026-09-15 12:48:52,431 | INFO | Speech Analyzer Started
2026-09-15 12:48:52,431 | INFO | ============================================================
2026-09-15 12:48:52,431 | INFO | ============================================================
2026-09-15 12:48:52,431 | INFO | Speech Analysis Report
2026-09-15 12:48:52,431 | INFO | ============================================================
2026-09-15 12:48:52,431 | INFO | Words.............. 644
2026-09-15 12:48:52,431 | INFO | Sentences.......... 53
2026-09-15 12:48:52,431 | INFO | Paragraphs......... 49
2026-09-15 12:48:52,431 | INFO | Characters......... 4377
2026-09-15 12:48:52,431 | INFO | List Items......... 0
2026-09-15 12:48:52,431 | INFO | Numbers............ 7
2026-09-15 12:48:52,447 | INFO | Uppercase Words.... 4
2026-09-15 12:48:52,447 | INFO | Vocabulary Density.. 0.48
2026-09-15 12:48:52,447 | INFO | Complexity......... MEDIUM
2026-09-15 12:48:52,447 | INFO | Reading Style...... Presentation
2026-09-15 12:48:52,447 | INFO | Reading Pace....... Normal
2026-09-15 12:48:52,447 | INFO | Execution Time..... 1.04ms
2026-09-15 12:48:52,447 | INFO | ============================================================
2026-09-15 12:48:52,447 | INFO | Speech Analyzer Completed
2026-09-15 12:48:52,447 | INFO | Calculating speech timing...
2026-09-15 12:48:52,447 | INFO | Complexity..... Low
2026-09-15 12:48:52,447 | INFO | Recommended WPM 150
2026-09-15 12:48:52,447 | INFO | Recommended Rate -5%
2026-09-15 12:48:52,447 | INFO | ============================================================
2026-09-15 12:48:52,447 | INFO | Speech Optimizer
2026-09-15 12:48:52,447 | INFO | ============================================================
2026-09-15 12:48:52,447 | INFO | ============================================================
2026-09-15 12:48:52,447 | INFO | Speech Profile
2026-09-15 12:48:52,447 | INFO | ============================================================
2026-09-15 12:48:52,447 | INFO | Language.......... en
2026-09-15 12:48:52,447 | INFO | Voice............. en-US-GuyNeural
2026-09-15 12:48:52,447 | INFO | Provider.......... edge
2026-09-15 12:48:52,447 | INFO | Rate.............. -5%
2026-09-15 12:48:52,447 | INFO | Pitch............. +1Hz
2026-09-15 12:48:52,447 | INFO | Reading Style..... Conversational
2026-09-15 12:48:52,447 | INFO | Pacing............ Fast
2026-09-15 12:48:52,447 | INFO | Complexity........ Low
2026-09-15 12:48:52,447 | INFO | Confidence........ 1.00
2026-09-15 12:48:52,447 | INFO | Optimization Time. 0.09 ms
2026-09-15 12:48:52,447 | INFO | ============================================================
2026-09-15 12:48:52,447 | INFO | Speech Profile generated successfully.
2026-09-15 12:48:52,447 | INFO | Building narration...
2026-09-15 12:48:52,447 | INFO | 1 narration blocks generated.
2026-09-15 12:48:52,447 | INFO | Narration exported to D:\Laboratorio de IA\speech-ai\speech-ai\output\narration.txt
2026-09-15 12:48:52,447 | INFO | Building speech text...
2026-09-15 12:48:52,447 | INFO | Speech text generated.
2026-09-15 12:48:52,447 | INFO | Speech text exported to D:\Laboratorio de IA\speech-ai\speech-ai\output\speech.txt
2026-09-15 12:48:52,447 | INFO | ============================================================
2026-09-15 12:48:52,447 | INFO | Speech Service
2026-09-15 12:48:52,447 | INFO | ============================================================
2026-09-15 12:48:52,463 | INFO | Characters: 4712
2026-09-15 12:48:52,463 | INFO | Provider initialized: Microsoft Edge TTS (Microsoft) v1.1.0
2026-09-15 12:48:52,465 | INFO | Provider: Microsoft Edge TTS (Microsoft) v1.1.0
2026-09-15 12:48:52,465 | INFO | TTS Engine initialized with provider: Microsoft Edge TTS (Microsoft) v1.1.0
2026-09-15 12:48:52,465 | INFO | ============================================================
2026-09-15 12:48:52,465 | INFO | TTS Engine
2026-09-15 12:48:52,465 | INFO | ============================================================
2026-09-15 12:48:52,465 | INFO | Provider.....: EdgeProvider
2026-09-15 12:48:52,465 | INFO | Characters...: 4712
2026-09-15 12:48:52,465 | INFO | Output.......: D:\Laboratorio de IA\speech-ai\speech-ai\output\Audio_Governance_SouthAmerica.mp3
2026-09-15 12:48:52,471 | INFO | Generating audio...
2026-09-15 12:48:52,471 | INFO | Voice.....: en-US-GuyNeural
2026-09-15 12:48:52,471 | INFO | Rate......: -5%
2026-09-15 12:48:52,471 | INFO | Pitch.....: +1Hz
2026-09-15 12:48:52,471 | INFO | Volume....: +0%
2026-09-15 12:49:09,748 | INFO | Audio generated successfully.
2026-09-15 12:49:09,748 | INFO | TTS finished successfully.
2026-09-15 12:49:09,748 | INFO | Speech synthesis completed.
2026-09-15 12:49:09,748 | INFO | Pipeline finished
2026-09-15 14:02:56,147 | INFO | Pipeline started
2026-09-15 14:02:56,147 | INFO | Starting Text Analyzer
2026-09-15 14:02:56,147 | INFO | Loading script...
2026-09-15 14:02:56,147 | INFO | Normalizing text...
2026-09-15 14:02:56,147 | INFO | Building Presentation...
2026-09-15 14:02:56,147 | INFO | Detecting slides...
2026-09-15 14:02:56,163 | INFO | Calculating statistics...
2026-09-15 14:02:56,163 | INFO | Text Analyzer completed
2026-09-15 14:02:56,163 | INFO | LanguageDetector initialized.
2026-09-15 14:02:56,163 | INFO | VoiceSelector initialized.
2026-09-15 14:02:56,163 | INFO | ============================================================
2026-09-15 14:02:56,163 | INFO | Speech Intelligence Engine
2026-09-15 14:02:56,163 | INFO | ============================================================
2026-09-15 14:02:56,163 | INFO | Starting language detection...
2026-09-15 14:02:56,163 | INFO | Characters: 4329
2026-09-15 14:02:56,878 | INFO | Language detected: English
2026-09-15 14:02:56,878 | INFO | Confidence: 100.00%
2026-09-15 14:02:56,878 | INFO | Detection time: 718.89 ms
2026-09-15 14:02:56,878 | INFO | Language detected: en
2026-09-15 14:02:56,878 | INFO | Selecting voice for language 'en' using provider 'edge'.
2026-09-15 14:02:56,878 | INFO | Voice selected successfully: en-US-GuyNeural (edge)
2026-09-15 14:02:56,878 | INFO | ============================================================
2026-09-15 14:02:56,878 | INFO | Speech Analyzer Started
2026-09-15 14:02:56,878 | INFO | ============================================================
2026-09-15 14:02:56,878 | INFO | ============================================================
2026-09-15 14:02:56,878 | INFO | Speech Analysis Report
2026-09-15 14:02:56,878 | INFO | ============================================================
2026-09-15 14:02:56,878 | INFO | Words.............. 644
2026-09-15 14:02:56,878 | INFO | Sentences.......... 53
2026-09-15 14:02:56,878 | INFO | Paragraphs......... 49
2026-09-15 14:02:56,878 | INFO | Characters......... 4377
2026-09-15 14:02:56,878 | INFO | List Items......... 0
2026-09-15 14:02:56,878 | INFO | Numbers............ 7
2026-09-15 14:02:56,878 | INFO | Uppercase Words.... 4
2026-09-15 14:02:56,878 | INFO | Vocabulary Density.. 0.48
2026-09-15 14:02:56,878 | INFO | Complexity......... MEDIUM
2026-09-15 14:02:56,878 | INFO | Reading Style...... Presentation
2026-09-15 14:02:56,878 | INFO | Reading Pace....... Normal
2026-09-15 14:02:56,878 | INFO | Execution Time..... 0.73ms
2026-09-15 14:02:56,878 | INFO | ============================================================
2026-09-15 14:02:56,878 | INFO | Speech Analyzer Completed
2026-09-15 14:02:56,878 | INFO | Calculating speech timing...
2026-09-15 14:02:56,885 | INFO | Complexity..... Low
2026-09-15 14:02:56,885 | INFO | Recommended WPM 150
2026-09-15 14:02:56,885 | INFO | Recommended Rate -5%
2026-09-15 14:02:56,885 | INFO | ============================================================
2026-09-15 14:02:56,885 | INFO | Speech Optimizer
2026-09-15 14:02:56,885 | INFO | ============================================================
2026-09-15 14:02:56,885 | INFO | ============================================================
2026-09-15 14:02:56,885 | INFO | Speech Profile
2026-09-15 14:02:56,885 | INFO | ============================================================
2026-09-15 14:02:56,885 | INFO | Language.......... en
2026-09-15 14:02:56,885 | INFO | Voice............. en-US-GuyNeural
2026-09-15 14:02:56,885 | INFO | Provider.......... edge
2026-09-15 14:02:56,885 | INFO | Rate.............. -5%
2026-09-15 14:02:56,885 | INFO | Pitch............. +1Hz
2026-09-15 14:02:56,885 | INFO | Reading Style..... Conversational
2026-09-15 14:02:56,885 | INFO | Pacing............ Fast
2026-09-15 14:02:56,885 | INFO | Complexity........ Low
2026-09-15 14:02:56,885 | INFO | Confidence........ 1.00
2026-09-15 14:02:56,885 | INFO | Optimization Time. 0.09 ms
2026-09-15 14:02:56,885 | INFO | ============================================================
2026-09-15 14:02:56,885 | INFO | Speech Profile generated successfully.
2026-09-15 14:02:56,885 | INFO | Building narration...
2026-09-15 14:02:56,886 | INFO | 1 narration blocks generated.
2026-09-15 14:02:56,887 | INFO | Narration exported to D:\Laboratorio de IA\speech-ai\speech-ai\output\narration.txt
2026-09-15 14:02:56,887 | INFO | Building speech text...
2026-09-15 14:02:56,887 | INFO | Speech text generated.
2026-09-15 14:02:56,887 | INFO | Speech text exported to D:\Laboratorio de IA\speech-ai\speech-ai\output\speech.txt
2026-09-15 14:02:56,887 | INFO | ============================================================
2026-09-15 14:02:56,887 | INFO | Speech Service
2026-09-15 14:02:56,887 | INFO | ============================================================
2026-09-15 14:02:56,890 | INFO | Characters: 4712
2026-09-15 14:02:56,890 | INFO | Provider initialized: Microsoft Edge TTS (Microsoft) v1.1.0
2026-09-15 14:02:56,890 | INFO | Provider: Microsoft Edge TTS (Microsoft) v1.1.0
2026-09-15 14:02:56,890 | INFO | TTS Engine initialized with provider: Microsoft Edge TTS (Microsoft) v1.1.0
2026-09-15 14:02:56,890 | INFO | ============================================================
2026-09-15 14:02:56,890 | INFO | TTS Engine
2026-09-15 14:02:56,890 | INFO | ============================================================
2026-09-15 14:02:56,890 | INFO | Provider.....: EdgeProvider
2026-09-15 14:02:56,890 | INFO | Characters...: 4712
2026-09-15 14:02:56,890 | INFO | Output.......: D:\Laboratorio de IA\speech-ai\speech-ai\output\Audio_Governance_SouthAmerica.mp3
2026-09-15 14:02:56,893 | INFO | Generating audio...
2026-09-15 14:02:56,893 | INFO | Voice.....: en-US-GuyNeural
2026-09-15 14:02:56,893 | INFO | Rate......: -5%
2026-09-15 14:02:56,893 | INFO | Pitch.....: +1Hz
2026-09-15 14:02:56,893 | INFO | Volume....: +0%
2026-09-15 14:03:33,114 | INFO | Audio generated successfully.
2026-09-15 14:03:33,114 | INFO | TTS finished successfully.
2026-09-15 14:03:33,114 | INFO | Speech synthesis completed.
2026-09-15 14:03:33,122 | INFO | Pipeline finished
2026-09-15 14:04:00,658 | INFO | Pipeline started
2026-09-15 14:04:00,658 | INFO | Starting Text Analyzer
2026-09-15 14:04:00,658 | INFO | Loading script...
2026-09-15 14:04:00,658 | INFO | Normalizing text...
2026-09-15 14:04:00,658 | INFO | Building Presentation...
2026-09-15 14:04:00,658 | INFO | Detecting slides...
2026-09-15 14:04:00,658 | INFO | Calculating statistics...
2026-09-15 14:04:00,658 | INFO | Text Analyzer completed
2026-09-15 14:04:00,658 | INFO | LanguageDetector initialized.
2026-09-15 14:04:00,658 | INFO | VoiceSelector initialized.
2026-09-15 14:04:00,658 | INFO | ============================================================
2026-09-15 14:04:00,658 | INFO | Speech Intelligence Engine
2026-09-15 14:04:00,658 | INFO | ============================================================
2026-09-15 14:04:00,658 | INFO | Starting language detection...
2026-09-15 14:04:00,658 | INFO | Characters: 7791
2026-09-15 14:04:00,869 | INFO | Language detected: English
2026-09-15 14:04:00,869 | INFO | Confidence: 100.00%
2026-09-15 14:04:00,869 | INFO | Detection time: 205.19 ms
2026-09-15 14:04:00,869 | INFO | Language detected: en
2026-09-15 14:04:00,869 | INFO | Selecting voice for language 'en' using provider 'edge'.
2026-09-15 14:04:00,869 | INFO | Voice selected successfully: en-US-GuyNeural (edge)
2026-09-15 14:04:00,871 | INFO | ============================================================
2026-09-15 14:04:00,871 | INFO | Speech Analyzer Started
2026-09-15 14:04:00,871 | INFO | ============================================================
2026-09-15 14:04:00,871 | INFO | ============================================================
2026-09-15 14:04:00,871 | INFO | Speech Analysis Report
2026-09-15 14:04:00,871 | INFO | ============================================================
2026-09-15 14:04:00,871 | INFO | Words.............. 1083
2026-09-15 14:04:00,871 | INFO | Sentences.......... 96
2026-09-15 14:04:00,871 | INFO | Paragraphs......... 1
2026-09-15 14:04:00,871 | INFO | Characters......... 7809
2026-09-15 14:04:00,871 | INFO | List Items......... 28
2026-09-15 14:04:00,871 | INFO | Numbers............ 38
2026-09-15 14:04:00,871 | INFO | Uppercase Words.... 5
2026-09-15 14:04:00,871 | INFO | Vocabulary Density.. 0.42
2026-09-15 14:04:00,871 | INFO | Complexity......... LOW
2026-09-15 14:04:00,871 | INFO | Reading Style...... Presentation
2026-09-15 14:04:00,871 | INFO | Reading Pace....... Normal
2026-09-15 14:04:00,871 | INFO | Execution Time..... 1.03ms
2026-09-15 14:04:00,871 | INFO | ============================================================
2026-09-15 14:04:00,871 | INFO | Speech Analyzer Completed
2026-09-15 14:04:00,871 | INFO | Calculating speech timing...
2026-09-15 14:04:00,871 | INFO | Complexity..... Low
2026-09-15 14:04:00,871 | INFO | Recommended WPM 150
2026-09-15 14:04:00,871 | INFO | Recommended Rate -5%
2026-09-15 14:04:00,871 | INFO | ============================================================
2026-09-15 14:04:00,871 | INFO | Speech Optimizer
2026-09-15 14:04:00,871 | INFO | ============================================================
2026-09-15 14:04:00,871 | INFO | ============================================================
2026-09-15 14:04:00,871 | INFO | Speech Profile
2026-09-15 14:04:00,871 | INFO | ============================================================
2026-09-15 14:04:00,871 | INFO | Language.......... en
2026-09-15 14:04:00,871 | INFO | Voice............. en-US-GuyNeural
2026-09-15 14:04:00,871 | INFO | Provider.......... edge
2026-09-15 14:04:00,871 | INFO | Rate.............. -5%
2026-09-15 14:04:00,871 | INFO | Pitch............. +1Hz
2026-09-15 14:04:00,871 | INFO | Reading Style..... Conversational
2026-09-15 14:04:00,871 | INFO | Pacing............ Fast
2026-09-15 14:04:00,871 | INFO | Complexity........ Low
2026-09-15 14:04:00,871 | INFO | Confidence........ 1.00
2026-09-15 14:04:00,871 | INFO | Optimization Time. 0.09 ms
2026-09-15 14:04:00,871 | INFO | ============================================================
2026-09-15 14:04:00,871 | INFO | Speech Profile generated successfully.
2026-09-15 14:04:00,871 | INFO | Building narration...
2026-09-15 14:04:00,871 | INFO | 9 narration blocks generated.
2026-09-15 14:04:00,874 | INFO | Narration exported to D:\Laboratorio de IA\speech-ai\speech-ai\output\narration.txt
2026-09-15 14:04:00,874 | INFO | Building speech text...
2026-09-15 14:04:00,874 | INFO | Speech text generated.
2026-09-15 14:04:00,876 | INFO | Speech text exported to D:\Laboratorio de IA\speech-ai\speech-ai\output\speech.txt
2026-09-15 14:04:00,876 | INFO | ============================================================
2026-09-15 14:04:00,876 | INFO | Speech Service
2026-09-15 14:04:00,876 | INFO | ============================================================
2026-09-15 14:04:00,880 | INFO | Characters: 8554
2026-09-15 14:04:00,880 | INFO | Provider initialized: Microsoft Edge TTS (Microsoft) v1.1.0
2026-09-15 14:04:00,880 | INFO | Provider: Microsoft Edge TTS (Microsoft) v1.1.0
2026-09-15 14:04:00,880 | INFO | TTS Engine initialized with provider: Microsoft Edge TTS (Microsoft) v1.1.0
2026-09-15 14:04:00,880 | INFO | ============================================================
2026-09-15 14:04:00,880 | INFO | TTS Engine
2026-09-15 14:04:00,880 | INFO | ============================================================
2026-09-15 14:04:00,880 | INFO | Provider.....: EdgeProvider
2026-09-15 14:04:00,880 | INFO | Characters...: 8554
2026-09-15 14:04:00,880 | INFO | Output.......: D:\Laboratorio de IA\speech-ai\speech-ai\output\Audio_Governance_SouthAmerica.mp3
2026-09-15 14:04:00,880 | INFO | Generating audio...
2026-09-15 14:04:00,880 | INFO | Voice.....: en-US-GuyNeural
2026-09-15 14:04:00,880 | INFO | Rate......: -5%
2026-09-15 14:04:00,880 | INFO | Pitch.....: +1Hz
2026-09-15 14:04:00,880 | INFO | Volume....: +0%
2026-09-15 14:04:38,449 | INFO | Audio generated successfully.
2026-09-15 14:04:38,449 | INFO | TTS finished successfully.
2026-09-15 14:04:38,449 | INFO | Speech synthesis completed.
2026-09-15 14:04:38,449 | INFO | Pipeline finished
2026-09-15 14:07:29,867 | INFO | Pipeline started
2026-09-15 14:07:29,867 | INFO | Starting Text Analyzer
2026-09-15 14:07:29,867 | INFO | Loading script...
2026-09-15 14:07:29,867 | INFO | Normalizing text...
2026-09-15 14:07:29,867 | INFO | Building Presentation...
2026-09-15 14:07:29,867 | INFO | Detecting slides...
2026-09-15 14:07:29,867 | INFO | Calculating statistics...
2026-09-15 14:07:29,877 | INFO | Text Analyzer completed
2026-09-15 14:07:29,877 | INFO | LanguageDetector initialized.
2026-09-15 14:07:29,877 | INFO | VoiceSelector initialized.
2026-09-15 14:07:29,877 | INFO | ============================================================
2026-09-15 14:07:29,877 | INFO | Speech Intelligence Engine
2026-09-15 14:07:29,877 | INFO | ============================================================
2026-09-15 14:07:29,877 | INFO | Starting language detection...
2026-09-15 14:07:29,877 | INFO | Characters: 7094
2026-09-15 14:07:30,077 | INFO | Language detected: English
2026-09-15 14:07:30,077 | INFO | Confidence: 100.00%
2026-09-15 14:07:30,077 | INFO | Detection time: 198.74 ms
2026-09-15 14:07:30,077 | INFO | Language detected: en
2026-09-15 14:07:30,077 | INFO | Selecting voice for language 'en' using provider 'edge'.
2026-09-15 14:07:30,077 | INFO | Voice selected successfully: en-US-GuyNeural (edge)
2026-09-15 14:07:30,077 | INFO | ============================================================
2026-09-15 14:07:30,077 | INFO | Speech Analyzer Started
2026-09-15 14:07:30,077 | INFO | ============================================================
2026-09-15 14:07:30,077 | INFO | ============================================================
2026-09-15 14:07:30,077 | INFO | Speech Analysis Report
2026-09-15 14:07:30,077 | INFO | ============================================================
2026-09-15 14:07:30,077 | INFO | Words.............. 1036
2026-09-15 14:07:30,077 | INFO | Sentences.......... 96
2026-09-15 14:07:30,077 | INFO | Paragraphs......... 3
2026-09-15 14:07:30,077 | INFO | Characters......... 7112
2026-09-15 14:07:30,077 | INFO | List Items......... 0
2026-09-15 14:07:30,077 | INFO | Numbers............ 29
2026-09-15 14:07:30,077 | INFO | Uppercase Words.... 5
2026-09-15 14:07:30,077 | INFO | Vocabulary Density.. 0.43
2026-09-15 14:07:30,077 | INFO | Complexity......... LOW
2026-09-15 14:07:30,077 | INFO | Reading Style...... Presentation
2026-09-15 14:07:30,077 | INFO | Reading Pace....... Normal
2026-09-15 14:07:30,077 | INFO | Execution Time..... 0.82ms
2026-09-15 14:07:30,077 | INFO | ============================================================
2026-09-15 14:07:30,077 | INFO | Speech Analyzer Completed
2026-09-15 14:07:30,077 | INFO | Calculating speech timing...
2026-09-15 14:07:30,077 | INFO | Complexity..... Low
2026-09-15 14:07:30,077 | INFO | Recommended WPM 150
2026-09-15 14:07:30,077 | INFO | Recommended Rate -5%
2026-09-15 14:07:30,077 | INFO | ============================================================
2026-09-15 14:07:30,077 | INFO | Speech Optimizer
2026-09-15 14:07:30,077 | INFO | ============================================================
2026-09-15 14:07:30,077 | INFO | ============================================================
2026-09-15 14:07:30,077 | INFO | Speech Profile
2026-09-15 14:07:30,077 | INFO | ============================================================
2026-09-15 14:07:30,077 | INFO | Language.......... en
2026-09-15 14:07:30,077 | INFO | Voice............. en-US-GuyNeural
2026-09-15 14:07:30,077 | INFO | Provider.......... edge
2026-09-15 14:07:30,077 | INFO | Rate.............. -5%
2026-09-15 14:07:30,077 | INFO | Pitch............. +1Hz
2026-09-15 14:07:30,077 | INFO | Reading Style..... Conversational
2026-09-15 14:07:30,077 | INFO | Pacing............ Fast
2026-09-15 14:07:30,077 | INFO | Complexity........ Low
2026-09-15 14:07:30,077 | INFO | Confidence........ 1.00
2026-09-15 14:07:30,077 | INFO | Optimization Time. 0.09 ms
2026-09-15 14:07:30,077 | INFO | ============================================================
2026-09-15 14:07:30,077 | INFO | Speech Profile generated successfully.
2026-09-15 14:07:30,077 | INFO | Building narration...
2026-09-15 14:07:30,077 | INFO | 1 narration blocks generated.
2026-09-15 14:07:30,077 | INFO | Narration exported to D:\Laboratorio de IA\speech-ai\speech-ai\output\narration.txt
2026-09-15 14:07:30,077 | INFO | Building speech text...
2026-09-15 14:07:30,082 | INFO | Speech text generated.
2026-09-15 14:07:30,082 | INFO | Speech text exported to D:\Laboratorio de IA\speech-ai\speech-ai\output\speech.txt
2026-09-15 14:07:30,082 | INFO | ============================================================
2026-09-15 14:07:30,082 | INFO | Speech Service
2026-09-15 14:07:30,082 | INFO | ============================================================
2026-09-15 14:07:30,087 | INFO | Characters: 7655
2026-09-15 14:07:30,087 | INFO | Provider initialized: Microsoft Edge TTS (Microsoft) v1.1.0
2026-09-15 14:07:30,087 | INFO | Provider: Microsoft Edge TTS (Microsoft) v1.1.0
2026-09-15 14:07:30,087 | INFO | TTS Engine initialized with provider: Microsoft Edge TTS (Microsoft) v1.1.0
2026-09-15 14:07:30,087 | INFO | ============================================================
2026-09-15 14:07:30,087 | INFO | TTS Engine
2026-09-15 14:07:30,087 | INFO | ============================================================
2026-09-15 14:07:30,087 | INFO | Provider.....: EdgeProvider
2026-09-15 14:07:30,087 | INFO | Characters...: 7655
2026-09-15 14:07:30,087 | INFO | Output.......: D:\Laboratorio de IA\speech-ai\speech-ai\output\Audio_Governance_SouthAmerica.mp3
2026-09-15 14:07:30,087 | INFO | Generating audio...
2026-09-15 14:07:30,087 | INFO | Voice.....: en-US-GuyNeural
2026-09-15 14:07:30,087 | INFO | Rate......: -5%
2026-09-15 14:07:30,087 | INFO | Pitch.....: +1Hz
2026-09-15 14:07:30,087 | INFO | Volume....: +0%
2026-09-15 14:07:56,776 | INFO | Audio generated successfully.
2026-09-15 14:07:56,778 | INFO | TTS finished successfully.
2026-09-15 14:07:56,778 | INFO | Speech synthesis completed.
2026-09-15 14:07:56,779 | INFO | Pipeline finished
2026-09-15 14:18:36,061 | INFO | Pipeline started
2026-09-15 14:18:36,063 | INFO | Starting Text Analyzer
2026-09-15 14:18:36,063 | INFO | Loading script...
2026-09-15 14:18:36,065 | INFO | Normalizing text...
2026-09-15 14:18:36,066 | INFO | Building Presentation...
2026-09-15 14:18:36,066 | INFO | Detecting slides...
2026-09-15 14:18:36,067 | INFO | Calculating statistics...
2026-09-15 14:18:36,067 | INFO | Text Analyzer completed
2026-09-15 14:18:36,068 | INFO | LanguageDetector initialized.
2026-09-15 14:18:36,068 | INFO | VoiceSelector initialized.
2026-09-15 14:18:36,068 | INFO | ============================================================
2026-09-15 14:18:36,068 | INFO | Speech Intelligence Engine
2026-09-15 14:18:36,068 | INFO | ============================================================
2026-09-15 14:18:36,068 | INFO | Starting language detection...
2026-09-15 14:18:36,068 | INFO | Characters: 6384
2026-09-15 14:18:36,775 | INFO | Language detected: English
2026-09-15 14:18:36,775 | INFO | Confidence: 100.00%
2026-09-15 14:18:36,775 | INFO | Detection time: 708.53 ms
2026-09-15 14:18:36,775 | INFO | Language detected: en
2026-09-15 14:18:36,775 | INFO | Selecting voice for language 'en' using provider 'edge'.
2026-09-15 14:18:36,775 | INFO | Voice selected successfully: en-US-GuyNeural (edge)
2026-09-15 14:18:36,775 | INFO | ============================================================
2026-09-15 14:18:36,775 | INFO | Speech Analyzer Started
2026-09-15 14:18:36,775 | INFO | ============================================================
2026-09-15 14:18:36,775 | INFO | ============================================================
2026-09-15 14:18:36,775 | INFO | Speech Analysis Report
2026-09-15 14:18:36,775 | INFO | ============================================================
2026-09-15 14:18:36,775 | INFO | Words.............. 957
2026-09-15 14:18:36,775 | INFO | Sentences.......... 80
2026-09-15 14:18:36,775 | INFO | Paragraphs......... 80
2026-09-15 14:18:36,775 | INFO | Characters......... 6463
2026-09-15 14:18:36,775 | INFO | List Items......... 0
2026-09-15 14:18:36,775 | INFO | Numbers............ 10
2026-09-15 14:18:36,775 | INFO | Uppercase Words.... 2
2026-09-15 14:18:36,775 | INFO | Vocabulary Density.. 0.45
2026-09-15 14:18:36,775 | INFO | Complexity......... MEDIUM
2026-09-15 14:18:36,775 | INFO | Reading Style...... Presentation
2026-09-15 14:18:36,775 | INFO | Reading Pace....... Normal
2026-09-15 14:18:36,775 | INFO | Execution Time..... 0.88ms
2026-09-15 14:18:36,775 | INFO | ============================================================
2026-09-15 14:18:36,775 | INFO | Speech Analyzer Completed
2026-09-15 14:18:36,775 | INFO | Calculating speech timing...
2026-09-15 14:18:36,775 | INFO | Complexity..... Low
2026-09-15 14:18:36,775 | INFO | Recommended WPM 150
2026-09-15 14:18:36,775 | INFO | Recommended Rate -5%
2026-09-15 14:18:36,775 | INFO | ============================================================
2026-09-15 14:18:36,775 | INFO | Speech Optimizer
2026-09-15 14:18:36,775 | INFO | ============================================================
2026-09-15 14:18:36,775 | INFO | ============================================================
2026-09-15 14:18:36,775 | INFO | Speech Profile
2026-09-15 14:18:36,775 | INFO | ============================================================
2026-09-15 14:18:36,775 | INFO | Language.......... en
2026-09-15 14:18:36,775 | INFO | Voice............. en-US-GuyNeural
2026-09-15 14:18:36,775 | INFO | Provider.......... edge
2026-09-15 14:18:36,775 | INFO | Rate.............. -5%
2026-09-15 14:18:36,775 | INFO | Pitch............. +1Hz
2026-09-15 14:18:36,775 | INFO | Reading Style..... Conversational
2026-09-15 14:18:36,775 | INFO | Pacing............ Fast
2026-09-15 14:18:36,775 | INFO | Complexity........ Low
2026-09-15 14:18:36,775 | INFO | Confidence........ 1.00
2026-09-15 14:18:36,775 | INFO | Optimization Time. 0.09 ms
2026-09-15 14:18:36,779 | INFO | ============================================================
2026-09-15 14:18:36,779 | INFO | Speech Profile generated successfully.
2026-09-15 14:18:36,779 | INFO | Building narration...
2026-09-15 14:18:36,779 | INFO | 1 narration blocks generated.
2026-09-15 14:18:36,780 | INFO | Narration exported to D:\Laboratorio de IA\speech-ai\speech-ai\output\narration.txt
2026-09-15 14:18:36,780 | INFO | Building speech text...
2026-09-15 14:18:36,781 | INFO | Speech text generated.
2026-09-15 14:18:36,782 | INFO | Speech text exported to D:\Laboratorio de IA\speech-ai\speech-ai\output\speech.txt
2026-09-15 14:18:36,782 | INFO | ============================================================
2026-09-15 14:18:36,782 | INFO | Speech Service
2026-09-15 14:18:36,782 | INFO | ============================================================
2026-09-15 14:18:36,798 | INFO | Characters: 6813
2026-09-15 14:18:36,798 | INFO | Provider initialized: Microsoft Edge TTS (Microsoft) v1.1.0
2026-09-15 14:18:36,798 | INFO | Provider: Microsoft Edge TTS (Microsoft) v1.1.0
2026-09-15 14:18:36,798 | INFO | TTS Engine initialized with provider: Microsoft Edge TTS (Microsoft) v1.1.0
2026-09-15 14:18:36,798 | INFO | ============================================================
2026-09-15 14:18:36,798 | INFO | TTS Engine
2026-09-15 14:18:36,798 | INFO | ============================================================
2026-09-15 14:18:36,798 | INFO | Provider.....: EdgeProvider
2026-09-15 14:18:36,798 | INFO | Characters...: 6813
2026-09-15 14:18:36,798 | INFO | Output.......: D:\Laboratorio de IA\speech-ai\speech-ai\output\Audio_Governance_SouthAmerica.mp3
2026-09-15 14:18:36,802 | INFO | Generating audio...
2026-09-15 14:18:36,802 | INFO | Voice.....: en-US-GuyNeural
2026-09-15 14:18:36,802 | INFO | Rate......: -5%
2026-09-15 14:18:36,802 | INFO | Pitch.....: +1Hz
2026-09-15 14:18:36,802 | INFO | Volume....: +0%
2026-09-15 14:19:13,828 | INFO | Audio generated successfully.
2026-09-15 14:19:13,828 | INFO | TTS finished successfully.
2026-09-15 14:19:13,828 | INFO | Speech synthesis completed.
2026-09-15 14:19:13,828 | INFO | Pipeline finished
2026-09-25 10:13:17,489 | INFO | Pipeline started
2026-09-25 10:13:17,489 | INFO | Starting Text Analyzer
2026-09-25 10:13:17,489 | INFO | Loading script...
2026-09-25 10:13:17,490 | INFO | Normalizing text...
2026-09-25 10:13:17,491 | INFO | Building Presentation...
2026-09-25 10:13:17,491 | INFO | Detecting slides...
2026-09-25 10:13:17,492 | INFO | Calculating statistics...
2026-09-25 10:13:17,493 | INFO | Text Analyzer completed
2026-09-25 10:13:17,493 | INFO | LanguageDetector initialized.
2026-09-25 10:13:17,493 | INFO | VoiceSelector initialized.
2026-09-25 10:13:17,493 | INFO | ============================================================
2026-09-25 10:13:17,493 | INFO | Speech Intelligence Engine
2026-09-25 10:13:17,493 | INFO | ============================================================
2026-09-25 10:13:17,493 | INFO | Starting language detection...
2026-09-25 10:13:17,493 | INFO | Characters: 6384
2026-09-25 10:13:18,639 | INFO | Language detected: English
2026-09-25 10:13:18,639 | INFO | Confidence: 100.00%
2026-09-25 10:13:18,639 | INFO | Detection time: 1145.60 ms
2026-09-25 10:13:18,639 | INFO | Language detected: en
2026-09-25 10:13:18,639 | INFO | Selecting voice for language 'en' using provider 'edge'.
2026-09-25 10:13:18,639 | INFO | Voice selected successfully: en-US-GuyNeural (edge)
2026-09-25 10:13:18,640 | INFO | ============================================================
2026-09-25 10:13:18,640 | INFO | Speech Analyzer Started
2026-09-25 10:13:18,640 | INFO | ============================================================
2026-09-25 10:13:18,641 | INFO | ============================================================
2026-09-25 10:13:18,641 | INFO | Speech Analysis Report
2026-09-25 10:13:18,641 | INFO | ============================================================
2026-09-25 10:13:18,641 | INFO | Words.............. 957
2026-09-25 10:13:18,641 | INFO | Sentences.......... 80
2026-09-25 10:13:18,641 | INFO | Paragraphs......... 80
2026-09-25 10:13:18,641 | INFO | Characters......... 6463
2026-09-25 10:13:18,641 | INFO | List Items......... 0
2026-09-25 10:13:18,642 | INFO | Numbers............ 10
2026-09-25 10:13:18,642 | INFO | Uppercase Words.... 2
2026-09-25 10:13:18,642 | INFO | Vocabulary Density.. 0.45
2026-09-25 10:13:18,642 | INFO | Complexity......... MEDIUM
2026-09-25 10:13:18,642 | INFO | Reading Style...... Presentation
2026-09-25 10:13:18,642 | INFO | Reading Pace....... Normal
2026-09-25 10:13:18,642 | INFO | Execution Time..... 1.35ms
2026-09-25 10:13:18,642 | INFO | ============================================================
2026-09-25 10:13:18,642 | INFO | Speech Analyzer Completed
2026-09-25 10:13:18,642 | INFO | Calculating speech timing...
2026-09-25 10:13:18,642 | INFO | Complexity..... Low
2026-09-25 10:13:18,642 | INFO | Recommended WPM 150
2026-09-25 10:13:18,642 | INFO | Recommended Rate -5%
2026-09-25 10:13:18,643 | INFO | ============================================================
2026-09-25 10:13:18,643 | INFO | Speech Optimizer
2026-09-25 10:13:18,643 | INFO | ============================================================
2026-09-25 10:13:18,643 | INFO | ============================================================
2026-09-25 10:13:18,643 | INFO | Speech Profile
2026-09-25 10:13:18,643 | INFO | ============================================================
2026-09-25 10:13:18,643 | INFO | Language.......... en
2026-09-25 10:13:18,643 | INFO | Voice............. en-US-GuyNeural
2026-09-25 10:13:18,643 | INFO | Provider.......... edge
2026-09-25 10:13:18,643 | INFO | Rate.............. -5%
2026-09-25 10:13:18,643 | INFO | Pitch............. +1Hz
2026-09-25 10:13:18,643 | INFO | Reading Style..... Conversational
2026-09-25 10:13:18,643 | INFO | Pacing............ Fast
2026-09-25 10:13:18,643 | INFO | Complexity........ Low
2026-09-25 10:13:18,643 | INFO | Confidence........ 1.00
2026-09-25 10:13:18,643 | INFO | Optimization Time. 0.13 ms
2026-09-25 10:13:18,643 | INFO | ============================================================
2026-09-25 10:13:18,643 | INFO | Speech Profile generated successfully.
2026-09-25 10:13:18,644 | INFO | Building narration...
2026-09-25 10:13:18,645 | INFO | 1 narration blocks generated.
2026-09-25 10:13:18,645 | INFO | Narration exported to D:\Laboratorio de IA\speech-ai\speech-ai\output\narration.txt
2026-09-25 10:13:18,646 | INFO | Building speech text...
2026-09-25 10:13:18,646 | INFO | Speech text generated.
2026-09-25 10:13:18,647 | INFO | Speech text exported to D:\Laboratorio de IA\speech-ai\speech-ai\output\speech.txt
2026-09-25 10:13:18,647 | INFO | ============================================================
2026-09-25 10:13:18,647 | INFO | Speech Service
2026-09-25 10:13:18,647 | INFO | ============================================================
2026-09-25 10:13:18,662 | INFO | Characters: 6813
2026-09-25 10:13:18,664 | INFO | Provider initialized: Microsoft Edge TTS (Microsoft) v1.1.0
2026-09-25 10:13:18,664 | INFO | Provider: Microsoft Edge TTS (Microsoft) v1.1.0
2026-09-25 10:13:18,664 | INFO | TTS Engine initialized with provider: Microsoft Edge TTS (Microsoft) v1.1.0
2026-09-25 10:13:18,664 | INFO | ============================================================
2026-09-25 10:13:18,664 | INFO | TTS Engine
2026-09-25 10:13:18,664 | INFO | ============================================================
2026-09-25 10:13:18,664 | INFO | Provider.....: EdgeProvider
2026-09-25 10:13:18,664 | INFO | Characters...: 6813
2026-09-25 10:13:18,664 | INFO | Output.......: D:\Laboratorio de IA\speech-ai\speech-ai\output\Audio_Governance_SouthAmerica.mp3
2026-09-25 10:13:18,669 | INFO | Generating audio...
2026-09-25 10:13:18,669 | INFO | Voice.....: en-US-GuyNeural
2026-09-25 10:13:18,669 | INFO | Rate......: -5%
2026-09-25 10:13:18,669 | INFO | Pitch.....: +1Hz
2026-09-25 10:13:18,670 | INFO | Volume....: +0%
2026-09-25 10:13:46,819 | INFO | Audio generated successfully.
2026-09-25 10:13:46,820 | INFO | TTS finished successfully.
2026-09-25 10:13:46,820 | INFO | Speech synthesis completed.
2026-09-25 10:13:46,821 | INFO | Pipeline finished
2026-09-25 10:13:53,617 | INFO | Pipeline started
2026-09-25 10:13:53,617 | INFO | Starting Text Analyzer
2026-09-25 10:13:53,617 | INFO | Loading script...
2026-09-25 10:13:53,618 | INFO | Normalizing text...
2026-09-25 10:13:53,618 | INFO | Building Presentation...
2026-09-25 10:13:53,618 | INFO | Detecting slides...
2026-09-25 10:13:53,619 | INFO | Calculating statistics...
2026-09-25 10:13:53,619 | INFO | Text Analyzer completed
2026-09-25 10:13:53,620 | INFO | LanguageDetector initialized.
2026-09-25 10:13:53,620 | INFO | VoiceSelector initialized.
2026-09-25 10:13:53,620 | INFO | ============================================================
2026-09-25 10:13:53,620 | INFO | Speech Intelligence Engine
2026-09-25 10:13:53,620 | INFO | ============================================================
2026-09-25 10:13:53,620 | INFO | Starting language detection...
2026-09-25 10:13:53,620 | INFO | Characters: 2090
2026-09-25 10:13:53,823 | INFO | Language detected: English
2026-09-25 10:13:53,823 | INFO | Confidence: 100.00%
2026-09-25 10:13:53,823 | INFO | Detection time: 202.60 ms
2026-09-25 10:13:53,823 | INFO | Language detected: en
2026-09-25 10:13:53,823 | INFO | Selecting voice for language 'en' using provider 'edge'.
2026-09-25 10:13:53,823 | INFO | Voice selected successfully: en-US-GuyNeural (edge)
2026-09-25 10:13:53,823 | INFO | ============================================================
2026-09-25 10:13:53,823 | INFO | Speech Analyzer Started
2026-09-25 10:13:53,823 | INFO | ============================================================
2026-09-25 10:13:53,823 | INFO | ============================================================
2026-09-25 10:13:53,823 | INFO | Speech Analysis Report
2026-09-25 10:13:53,824 | INFO | ============================================================
2026-09-25 10:13:53,824 | INFO | Words.............. 332
2026-09-25 10:13:53,824 | INFO | Sentences.......... 26
2026-09-25 10:13:53,824 | INFO | Paragraphs......... 1
2026-09-25 10:13:53,824 | INFO | Characters......... 2090
2026-09-25 10:13:53,824 | INFO | List Items......... 0
2026-09-25 10:13:53,824 | INFO | Numbers............ 4
2026-09-25 10:13:53,824 | INFO | Uppercase Words.... 30
2026-09-25 10:13:53,824 | INFO | Vocabulary Density.. 0.43
2026-09-25 10:13:53,824 | INFO | Complexity......... MEDIUM
2026-09-25 10:13:53,824 | INFO | Reading Style...... Presentation
2026-09-25 10:13:53,824 | INFO | Reading Pace....... Normal
2026-09-25 10:13:53,824 | INFO | Execution Time..... 0.52ms
2026-09-25 10:13:53,824 | INFO | ============================================================
2026-09-25 10:13:53,824 | INFO | Speech Analyzer Completed
2026-09-25 10:13:53,824 | INFO | Calculating speech timing...
2026-09-25 10:13:53,824 | INFO | Complexity..... Low
2026-09-25 10:13:53,824 | INFO | Recommended WPM 150
2026-09-25 10:13:53,824 | INFO | Recommended Rate -5%
2026-09-25 10:13:53,824 | INFO | ============================================================
2026-09-25 10:13:53,824 | INFO | Speech Optimizer
2026-09-25 10:13:53,824 | INFO | ============================================================
2026-09-25 10:13:53,824 | INFO | ============================================================
2026-09-25 10:13:53,824 | INFO | Speech Profile
2026-09-25 10:13:53,824 | INFO | ============================================================
2026-09-25 10:13:53,824 | INFO | Language.......... en
2026-09-25 10:13:53,824 | INFO | Voice............. en-US-GuyNeural
2026-09-25 10:13:53,824 | INFO | Provider.......... edge
2026-09-25 10:13:53,824 | INFO | Rate.............. -5%
2026-09-25 10:13:53,824 | INFO | Pitch............. +1Hz
2026-09-25 10:13:53,824 | INFO | Reading Style..... Conversational
2026-09-25 10:13:53,824 | INFO | Pacing............ Fast
2026-09-25 10:13:53,824 | INFO | Complexity........ Low
2026-09-25 10:13:53,824 | INFO | Confidence........ 1.00
2026-09-25 10:13:53,824 | INFO | Optimization Time. 0.09 ms
2026-09-25 10:13:53,824 | INFO | ============================================================
2026-09-25 10:13:53,824 | INFO | Speech Profile generated successfully.
2026-09-25 10:13:53,825 | INFO | Building narration...
2026-09-25 10:13:53,825 | INFO | 3 narration blocks generated.
2026-09-25 10:13:53,826 | INFO | Narration exported to D:\Laboratorio de IA\speech-ai\speech-ai\output\narration.txt
2026-09-25 10:13:53,826 | INFO | Building speech text...
2026-09-25 10:13:53,826 | INFO | Speech text generated.
2026-09-25 10:13:53,827 | INFO | Speech text exported to D:\Laboratorio de IA\speech-ai\speech-ai\output\speech.txt
2026-09-25 10:13:53,827 | INFO | ============================================================
2026-09-25 10:13:53,827 | INFO | Speech Service
2026-09-25 10:13:53,827 | INFO | ============================================================
2026-09-25 10:13:53,836 | INFO | Characters: 2227
2026-09-25 10:13:53,836 | INFO | Provider initialized: Microsoft Edge TTS (Microsoft) v1.1.0
2026-09-25 10:13:53,836 | INFO | Provider: Microsoft Edge TTS (Microsoft) v1.1.0
2026-09-25 10:13:53,836 | INFO | TTS Engine initialized with provider: Microsoft Edge TTS (Microsoft) v1.1.0
2026-09-25 10:13:53,836 | INFO | ============================================================
2026-09-25 10:13:53,836 | INFO | TTS Engine
2026-09-25 10:13:53,837 | INFO | ============================================================
2026-09-25 10:13:53,837 | INFO | Provider.....: EdgeProvider
2026-09-25 10:13:53,837 | INFO | Characters...: 2227
2026-09-25 10:13:53,837 | INFO | Output.......: D:\Laboratorio de IA\speech-ai\speech-ai\output\Audio_Governance_SouthAmerica.mp3
2026-09-25 10:13:53,838 | INFO | Generating audio...
2026-09-25 10:13:53,838 | INFO | Voice.....: en-US-GuyNeural
2026-09-25 10:13:53,838 | INFO | Rate......: -5%
2026-09-25 10:13:53,838 | INFO | Pitch.....: +1Hz
2026-09-25 10:13:53,838 | INFO | Volume....: +0%
2026-09-25 10:14:01,705 | INFO | Audio generated successfully.
2026-09-25 10:14:01,707 | INFO | TTS finished successfully.
2026-09-25 10:14:01,707 | INFO | Speech synthesis completed.
2026-09-25 10:14:01,707 | INFO | Pipeline finished
2026-10-05 13:54:27,263 | INFO | Pipeline started
2026-10-05 13:54:27,263 | INFO | Starting Text Analyzer
2026-10-05 13:54:27,263 | INFO | Loading script...
2026-10-05 13:54:27,263 | INFO | Normalizing text...
2026-10-05 13:54:27,263 | INFO | Building Presentation...
2026-10-05 13:54:27,263 | INFO | Detecting slides...
2026-10-05 13:54:27,263 | INFO | Calculating statistics...
2026-10-05 13:54:27,263 | INFO | Text Analyzer completed
2026-10-05 13:54:27,263 | INFO | LanguageDetector initialized.
2026-10-05 13:54:27,263 | INFO | VoiceSelector initialized.
2026-10-05 13:54:27,263 | INFO | ============================================================
2026-10-05 13:54:27,263 | INFO | Speech Intelligence Engine
2026-10-05 13:54:27,263 | INFO | ============================================================
2026-10-05 13:54:27,263 | INFO | Starting language detection...
2026-10-05 13:54:27,263 | INFO | Characters: 5413
2026-10-05 13:54:27,886 | INFO | Language detected: Portuguese
2026-10-05 13:54:27,886 | INFO | Confidence: 100.00%
2026-10-05 13:54:27,886 | INFO | Detection time: 611.24 ms
2026-10-05 13:54:27,886 | INFO | Language detected: pt
2026-10-05 13:54:27,886 | INFO | Selecting voice for language 'pt' using provider 'edge'.
2026-10-05 13:54:27,886 | INFO | Voice selected successfully: pt-BR-FranciscaNeural (edge)
2026-10-05 13:54:27,886 | INFO | ============================================================
2026-10-05 13:54:27,886 | INFO | Speech Analyzer Started
2026-10-05 13:54:27,886 | INFO | ============================================================
2026-10-05 13:54:27,888 | INFO | ============================================================
2026-10-05 13:54:27,888 | INFO | Speech Analysis Report
2026-10-05 13:54:27,888 | INFO | ============================================================
2026-10-05 13:54:27,888 | INFO | Words.............. 932
2026-10-05 13:54:27,888 | INFO | Sentences.......... 57
2026-10-05 13:54:27,888 | INFO | Paragraphs......... 18
2026-10-05 13:54:27,888 | INFO | Characters......... 5430
2026-10-05 13:54:27,888 | INFO | List Items......... 0
2026-10-05 13:54:27,888 | INFO | Numbers............ 53
2026-10-05 13:54:27,888 | INFO | Uppercase Words.... 8
2026-10-05 13:54:27,888 | INFO | Vocabulary Density.. 0.47
2026-10-05 13:54:27,888 | INFO | Complexity......... MEDIUM
2026-10-05 13:54:27,888 | INFO | Reading Style...... Presentation
2026-10-05 13:54:27,888 | INFO | Reading Pace....... Normal
2026-10-05 13:54:27,888 | INFO | Execution Time..... 0.77ms
2026-10-05 13:54:27,888 | INFO | ============================================================
2026-10-05 13:54:27,888 | INFO | Speech Analyzer Completed
2026-10-05 13:54:27,888 | INFO | Calculating speech timing...
2026-10-05 13:54:27,888 | INFO | Complexity..... Medium
2026-10-05 13:54:27,888 | INFO | Recommended WPM 135
2026-10-05 13:54:27,888 | INFO | Recommended Rate -10%
2026-10-05 13:54:27,888 | INFO | ============================================================
2026-10-05 13:54:27,888 | INFO | Speech Optimizer
2026-10-05 13:54:27,888 | INFO | ============================================================
2026-10-05 13:54:27,888 | INFO | ============================================================
2026-10-05 13:54:27,888 | INFO | Speech Profile
2026-10-05 13:54:27,888 | INFO | ============================================================
2026-10-05 13:54:27,888 | INFO | Language.......... pt
2026-10-05 13:54:27,888 | INFO | Voice............. pt-BR-FranciscaNeural
2026-10-05 13:54:27,888 | INFO | Provider.......... edge
2026-10-05 13:54:27,888 | INFO | Rate.............. -10%
2026-10-05 13:54:27,888 | INFO | Pitch............. +0Hz
2026-10-05 13:54:27,888 | INFO | Reading Style..... Business
2026-10-05 13:54:27,888 | INFO | Pacing............ Normal
2026-10-05 13:54:27,888 | INFO | Complexity........ Medium
2026-10-05 13:54:27,888 | INFO | Confidence........ 1.00
2026-10-05 13:54:27,888 | INFO | Optimization Time. 0.08 ms
2026-10-05 13:54:27,888 | INFO | ============================================================
2026-10-05 13:54:27,888 | INFO | Speech Profile generated successfully.
2026-10-05 13:54:27,888 | INFO | Building narration...
2026-10-05 13:54:27,888 | INFO | 1 narration blocks generated.
2026-10-05 13:54:27,888 | INFO | Narration exported to D:\Laboratorio de IA\speech-ai\speech-ai\output\narration.txt
2026-10-05 13:54:27,888 | INFO | Building speech text...
2026-10-05 13:54:27,888 | INFO | Speech text generated.
2026-10-05 13:54:27,888 | INFO | Speech text exported to D:\Laboratorio de IA\speech-ai\speech-ai\output\speech.txt
2026-10-05 13:54:27,888 | INFO | ============================================================
2026-10-05 13:54:27,888 | INFO | Speech Service
2026-10-05 13:54:27,888 | INFO | ============================================================
2026-10-05 13:54:27,900 | INFO | Characters: 6037
2026-10-05 13:54:27,900 | INFO | Provider initialized: Microsoft Edge TTS (Microsoft) v1.1.0
2026-10-05 13:54:27,900 | INFO | Provider: Microsoft Edge TTS (Microsoft) v1.1.0
2026-10-05 13:54:27,900 | INFO | TTS Engine initialized with provider: Microsoft Edge TTS (Microsoft) v1.1.0
2026-10-05 13:54:27,900 | INFO | ============================================================
2026-10-05 13:54:27,900 | INFO | TTS Engine
2026-10-05 13:54:27,900 | INFO | ============================================================
2026-10-05 13:54:27,900 | INFO | Provider.....: EdgeProvider
2026-10-05 13:54:27,900 | INFO | Characters...: 6037
2026-10-05 13:54:27,900 | INFO | Output.......: D:\Laboratorio de IA\speech-ai\speech-ai\output\Audio_Governance_SouthAmerica.mp3
2026-10-05 13:54:27,904 | INFO | Generating audio...
2026-10-05 13:54:27,904 | INFO | Voice.....: pt-BR-FranciscaNeural
2026-10-05 13:54:27,904 | INFO | Rate......: -10%
2026-10-05 13:54:27,904 | INFO | Pitch.....: +0Hz
2026-10-05 13:54:27,904 | INFO | Volume....: +0%
2026-10-05 13:54:57,648 | INFO | Audio generated successfully.
2026-10-05 13:54:57,651 | INFO | TTS finished successfully.
2026-10-05 13:54:57,651 | INFO | Speech synthesis completed.
2026-10-05 13:54:57,651 | INFO | Pipeline finished
2026-10-05 14:14:02,935 | INFO | Pipeline started
2026-10-05 14:14:02,935 | INFO | Starting Text Analyzer
2026-10-05 14:14:02,935 | INFO | Loading script...
2026-10-05 14:14:02,935 | INFO | Normalizing text...
2026-10-05 14:14:02,935 | INFO | Building Presentation...
2026-10-05 14:14:02,935 | INFO | Detecting slides...
2026-10-05 14:14:02,935 | INFO | Calculating statistics...
2026-10-05 14:14:02,935 | INFO | Text Analyzer completed
2026-10-05 14:14:02,935 | INFO | LanguageDetector initialized.
2026-10-05 14:14:02,935 | INFO | VoiceSelector initialized.
2026-10-05 14:14:02,935 | INFO | ============================================================
2026-10-05 14:14:02,935 | INFO | Speech Intelligence Engine
2026-10-05 14:14:02,935 | INFO | ============================================================
2026-10-05 14:14:02,935 | INFO | Starting language detection...
2026-10-05 14:14:02,935 | INFO | Characters: 5080
2026-10-05 14:14:03,653 | INFO | Language detected: Portuguese
2026-10-05 14:14:03,653 | INFO | Confidence: 100.00%
2026-10-05 14:14:03,653 | INFO | Detection time: 716.94 ms
2026-10-05 14:14:03,653 | INFO | Language detected: pt
2026-10-05 14:14:03,653 | INFO | Selecting voice for language 'pt' using provider 'edge'.
2026-10-05 14:14:03,653 | INFO | Voice selected successfully: pt-BR-FranciscaNeural (edge)
2026-10-05 14:14:03,653 | INFO | ============================================================
2026-10-05 14:14:03,653 | INFO | Speech Analyzer Started
2026-10-05 14:14:03,653 | INFO | ============================================================
2026-10-05 14:14:03,653 | INFO | ============================================================
2026-10-05 14:14:03,653 | INFO | Speech Analysis Report
2026-10-05 14:14:03,653 | INFO | ============================================================
2026-10-05 14:14:03,653 | INFO | Words.............. 863
2026-10-05 14:14:03,653 | INFO | Sentences.......... 60
2026-10-05 14:14:03,653 | INFO | Paragraphs......... 19
2026-10-05 14:14:03,653 | INFO | Characters......... 5098
2026-10-05 14:14:03,653 | INFO | List Items......... 0
2026-10-05 14:14:03,653 | INFO | Numbers............ 39
2026-10-05 14:14:03,653 | INFO | Uppercase Words.... 4
2026-10-05 14:14:03,653 | INFO | Vocabulary Density.. 0.50
2026-10-05 14:14:03,653 | INFO | Complexity......... MEDIUM
2026-10-05 14:14:03,653 | INFO | Reading Style...... Presentation
2026-10-05 14:14:03,653 | INFO | Reading Pace....... Normal
2026-10-05 14:14:03,653 | INFO | Execution Time..... 0.97ms
2026-10-05 14:14:03,653 | INFO | ============================================================
2026-10-05 14:14:03,653 | INFO | Speech Analyzer Completed
2026-10-05 14:14:03,653 | INFO | Calculating speech timing...
2026-10-05 14:14:03,653 | INFO | Complexity..... Low
2026-10-05 14:14:03,653 | INFO | Recommended WPM 145
2026-10-05 14:14:03,653 | INFO | Recommended Rate -5%
2026-10-05 14:14:03,653 | INFO | ============================================================
2026-10-05 14:14:03,653 | INFO | Speech Optimizer
2026-10-05 14:14:03,653 | INFO | ============================================================
2026-10-05 14:14:03,653 | INFO | ============================================================
2026-10-05 14:14:03,653 | INFO | Speech Profile
2026-10-05 14:14:03,653 | INFO | ============================================================
2026-10-05 14:14:03,653 | INFO | Language.......... pt
2026-10-05 14:14:03,653 | INFO | Voice............. pt-BR-FranciscaNeural
2026-10-05 14:14:03,653 | INFO | Provider.......... edge
2026-10-05 14:14:03,653 | INFO | Rate.............. -5%
2026-10-05 14:14:03,653 | INFO | Pitch............. +1Hz
2026-10-05 14:14:03,653 | INFO | Reading Style..... Business
2026-10-05 14:14:03,653 | INFO | Pacing............ Fast
2026-10-05 14:14:03,653 | INFO | Complexity........ Low
2026-10-05 14:14:03,653 | INFO | Confidence........ 1.00
2026-10-05 14:14:03,653 | INFO | Optimization Time. 0.10 ms
2026-10-05 14:14:03,653 | INFO | ============================================================
2026-10-05 14:14:03,653 | INFO | Speech Profile generated successfully.
2026-10-05 14:14:03,653 | INFO | Building narration...
2026-10-05 14:14:03,653 | INFO | 1 narration blocks generated.
2026-10-05 14:14:03,653 | INFO | Narration exported to D:\Laboratorio de IA\speech-ai\speech-ai\output\narration.txt
2026-10-05 14:14:03,653 | INFO | Building speech text...
2026-10-05 14:14:03,653 | INFO | Speech text generated.
2026-10-05 14:14:03,653 | INFO | Speech text exported to D:\Laboratorio de IA\speech-ai\speech-ai\output\speech.txt
2026-10-05 14:14:03,653 | INFO | ============================================================
2026-10-05 14:14:03,653 | INFO | Speech Service
2026-10-05 14:14:03,653 | INFO | ============================================================
2026-10-05 14:14:03,671 | INFO | Characters: 5594
2026-10-05 14:14:03,671 | INFO | Provider initialized: Microsoft Edge TTS (Microsoft) v1.1.0
2026-10-05 14:14:03,671 | INFO | Provider: Microsoft Edge TTS (Microsoft) v1.1.0
2026-10-05 14:14:03,671 | INFO | TTS Engine initialized with provider: Microsoft Edge TTS (Microsoft) v1.1.0
2026-10-05 14:14:03,671 | INFO | ============================================================
2026-10-05 14:14:03,671 | INFO | TTS Engine
2026-10-05 14:14:03,671 | INFO | ============================================================
2026-10-05 14:14:03,671 | INFO | Provider.....: EdgeProvider
2026-10-05 14:14:03,671 | INFO | Characters...: 5594
2026-10-05 14:14:03,671 | INFO | Output.......: D:\Laboratorio de IA\speech-ai\speech-ai\output\Audio_Governance_SouthAmerica.mp3
2026-10-05 14:14:03,671 | INFO | Generating audio...
2026-10-05 14:14:03,671 | INFO | Voice.....: pt-BR-FranciscaNeural
2026-10-05 14:14:03,671 | INFO | Rate......: -5%
2026-10-05 14:14:03,671 | INFO | Pitch.....: +1Hz
2026-10-05 14:14:03,671 | INFO | Volume....: +0%
2026-10-05 14:14:55,920 | INFO | Audio generated successfully.
2026-10-05 14:14:55,920 | INFO | TTS finished successfully.
2026-10-05 14:14:55,920 | INFO | Speech synthesis completed.
2026-10-05 14:14:55,920 | INFO | Pipeline finished
2026-10-05 14:48:59,093 | INFO | Pipeline started
2026-10-05 14:48:59,093 | INFO | Starting Text Analyzer
2026-10-05 14:48:59,093 | INFO | Loading script...
2026-10-05 14:48:59,093 | INFO | Normalizing text...
2026-10-05 14:48:59,093 | INFO | Building Presentation...
2026-10-05 14:48:59,093 | INFO | Detecting slides...
2026-10-05 14:48:59,093 | INFO | Calculating statistics...
2026-10-05 14:48:59,093 | INFO | Text Analyzer completed
2026-10-05 14:48:59,093 | INFO | LanguageDetector initialized.
2026-10-05 14:48:59,093 | INFO | VoiceSelector initialized.
2026-10-05 14:48:59,093 | INFO | ============================================================
2026-10-05 14:48:59,093 | INFO | Speech Intelligence Engine
2026-10-05 14:48:59,093 | INFO | ============================================================
2026-10-05 14:48:59,093 | INFO | Starting language detection...
2026-10-05 14:48:59,093 | INFO | Characters: 6214
2026-10-05 14:48:59,802 | INFO | Language detected: Portuguese
2026-10-05 14:48:59,802 | INFO | Confidence: 100.00%
2026-10-05 14:48:59,802 | INFO | Detection time: 713.04 ms
2026-10-05 14:48:59,802 | INFO | Language detected: pt
2026-10-05 14:48:59,802 | INFO | Selecting voice for language 'pt' using provider 'edge'.
2026-10-05 14:48:59,802 | INFO | Voice selected successfully: pt-BR-FranciscaNeural (edge)
2026-10-05 14:48:59,802 | INFO | ============================================================
2026-10-05 14:48:59,802 | INFO | Speech Analyzer Started
2026-10-05 14:48:59,802 | INFO | ============================================================
2026-10-05 14:48:59,802 | INFO | ============================================================
2026-10-05 14:48:59,802 | INFO | Speech Analysis Report
2026-10-05 14:48:59,802 | INFO | ============================================================
2026-10-05 14:48:59,802 | INFO | Words.............. 1094
2026-10-05 14:48:59,802 | INFO | Sentences.......... 72
2026-10-05 14:48:59,802 | INFO | Paragraphs......... 23
2026-10-05 14:48:59,802 | INFO | Characters......... 6236
2026-10-05 14:48:59,802 | INFO | List Items......... 0
2026-10-05 14:48:59,802 | INFO | Numbers............ 68
2026-10-05 14:48:59,802 | INFO | Uppercase Words.... 5
2026-10-05 14:48:59,802 | INFO | Vocabulary Density.. 0.45
2026-10-05 14:48:59,802 | INFO | Complexity......... MEDIUM
2026-10-05 14:48:59,802 | INFO | Reading Style...... Presentation
2026-10-05 14:48:59,802 | INFO | Reading Pace....... Normal
2026-10-05 14:48:59,802 | INFO | Execution Time..... 0.82ms
2026-10-05 14:48:59,802 | INFO | ============================================================
2026-10-05 14:48:59,802 | INFO | Speech Analyzer Completed
2026-10-05 14:48:59,802 | INFO | Calculating speech timing...
2026-10-05 14:48:59,802 | INFO | Complexity..... Low
2026-10-05 14:48:59,802 | INFO | Recommended WPM 145
2026-10-05 14:48:59,802 | INFO | Recommended Rate -5%
2026-10-05 14:48:59,802 | INFO | ============================================================
2026-10-05 14:48:59,802 | INFO | Speech Optimizer
2026-10-05 14:48:59,802 | INFO | ============================================================
2026-10-05 14:48:59,802 | INFO | ============================================================
2026-10-05 14:48:59,802 | INFO | Speech Profile
2026-10-05 14:48:59,802 | INFO | ============================================================
2026-10-05 14:48:59,802 | INFO | Language.......... pt
2026-10-05 14:48:59,802 | INFO | Voice............. pt-BR-FranciscaNeural
2026-10-05 14:48:59,802 | INFO | Provider.......... edge
2026-10-05 14:48:59,802 | INFO | Rate.............. -5%
2026-10-05 14:48:59,802 | INFO | Pitch............. +1Hz
2026-10-05 14:48:59,802 | INFO | Reading Style..... Business
2026-10-05 14:48:59,802 | INFO | Pacing............ Fast
2026-10-05 14:48:59,802 | INFO | Complexity........ Low
2026-10-05 14:48:59,802 | INFO | Confidence........ 1.00
2026-10-05 14:48:59,802 | INFO | Optimization Time. 0.08 ms
2026-10-05 14:48:59,802 | INFO | ============================================================
2026-10-05 14:48:59,802 | INFO | Speech Profile generated successfully.
2026-10-05 14:48:59,802 | INFO | Building narration...
2026-10-05 14:48:59,802 | INFO | 1 narration blocks generated.
2026-10-05 14:48:59,802 | INFO | Narration exported to D:\Laboratorio de IA\speech-ai\speech-ai\output\narration.txt
2026-10-05 14:48:59,802 | INFO | Building speech text...
2026-10-05 14:48:59,802 | INFO | Speech text generated.
2026-10-05 14:48:59,802 | INFO | Speech text exported to D:\Laboratorio de IA\speech-ai\speech-ai\output\speech.txt
2026-10-05 14:48:59,802 | INFO | ============================================================
2026-10-05 14:48:59,802 | INFO | Speech Service
2026-10-05 14:48:59,802 | INFO | ============================================================
2026-10-05 14:48:59,819 | INFO | Characters: 6881
2026-10-05 14:48:59,819 | INFO | Provider initialized: Microsoft Edge TTS (Microsoft) v1.1.0
2026-10-05 14:48:59,819 | INFO | Provider: Microsoft Edge TTS (Microsoft) v1.1.0
2026-10-05 14:48:59,819 | INFO | TTS Engine initialized with provider: Microsoft Edge TTS (Microsoft) v1.1.0
2026-10-05 14:48:59,819 | INFO | ============================================================
2026-10-05 14:48:59,819 | INFO | TTS Engine
2026-10-05 14:48:59,819 | INFO | ============================================================
2026-10-05 14:48:59,819 | INFO | Provider.....: EdgeProvider
2026-10-05 14:48:59,819 | INFO | Characters...: 6881
2026-10-05 14:48:59,819 | INFO | Output.......: D:\Laboratorio de IA\speech-ai\speech-ai\output\Audio_Governance_SouthAmerica.mp3
2026-10-05 14:48:59,819 | INFO | Generating audio...
2026-10-05 14:48:59,819 | INFO | Voice.....: pt-BR-FranciscaNeural
2026-10-05 14:48:59,819 | INFO | Rate......: -5%
2026-10-05 14:48:59,819 | INFO | Pitch.....: +1Hz
2026-10-05 14:48:59,819 | INFO | Volume....: +0%
2026-10-05 14:50:26,317 | INFO | Audio generated successfully.
2026-10-05 14:50:26,317 | INFO | TTS finished successfully.
2026-10-05 14:50:26,317 | INFO | Speech synthesis completed.
2026-10-05 14:50:26,317 | INFO | Pipeline finished
2026-10-05 15:02:08,939 | INFO | Pipeline started
2026-10-05 15:02:08,939 | INFO | Starting Text Analyzer
2026-10-05 15:02:08,939 | INFO | Loading script...
2026-10-05 15:02:08,939 | INFO | Normalizing text...
2026-10-05 15:02:08,939 | INFO | Building Presentation...
2026-10-05 15:02:08,939 | INFO | Detecting slides...
2026-10-05 15:02:08,939 | INFO | Calculating statistics...
2026-10-05 15:02:08,939 | INFO | Text Analyzer completed
2026-10-05 15:02:08,939 | INFO | LanguageDetector initialized.
2026-10-05 15:02:08,939 | INFO | VoiceSelector initialized.
2026-10-05 15:02:08,939 | INFO | ============================================================
2026-10-05 15:02:08,939 | INFO | Speech Intelligence Engine
2026-10-05 15:02:08,939 | INFO | ============================================================
2026-10-05 15:02:08,939 | INFO | Starting language detection...
2026-10-05 15:02:08,939 | INFO | Characters: 5418
2026-10-05 15:02:09,120 | INFO | Language detected: Portuguese
2026-10-05 15:02:09,120 | INFO | Confidence: 100.00%
2026-10-05 15:02:09,120 | INFO | Detection time: 184.56 ms
2026-10-05 15:02:09,120 | INFO | Language detected: pt
2026-10-05 15:02:09,120 | INFO | Selecting voice for language 'pt' using provider 'edge'.
2026-10-05 15:02:09,120 | INFO | Voice selected successfully: pt-BR-FranciscaNeural (edge)
2026-10-05 15:02:09,120 | INFO | ============================================================
2026-10-05 15:02:09,120 | INFO | Speech Analyzer Started
2026-10-05 15:02:09,120 | INFO | ============================================================
2026-10-05 15:02:09,120 | INFO | ============================================================
2026-10-05 15:02:09,120 | INFO | Speech Analysis Report
2026-10-05 15:02:09,120 | INFO | ============================================================
2026-10-05 15:02:09,120 | INFO | Words.............. 957
2026-10-05 15:02:09,120 | INFO | Sentences.......... 69
2026-10-05 15:02:09,120 | INFO | Paragraphs......... 21
2026-10-05 15:02:09,120 | INFO | Characters......... 5438
2026-10-05 15:02:09,120 | INFO | List Items......... 0
2026-10-05 15:02:09,120 | INFO | Numbers............ 61
2026-10-05 15:02:09,120 | INFO | Uppercase Words.... 4
2026-10-05 15:02:09,120 | INFO | Vocabulary Density.. 0.48
2026-10-05 15:02:09,120 | INFO | Complexity......... MEDIUM
2026-10-05 15:02:09,120 | INFO | Reading Style...... Presentation
2026-10-05 15:02:09,120 | INFO | Reading Pace....... Normal
2026-10-05 15:02:09,120 | INFO | Execution Time..... 0.96ms
2026-10-05 15:02:09,120 | INFO | ============================================================
2026-10-05 15:02:09,120 | INFO | Speech Analyzer Completed
2026-10-05 15:02:09,120 | INFO | Calculating speech timing...
2026-10-05 15:02:09,120 | INFO | Complexity..... Low
2026-10-05 15:02:09,120 | INFO | Recommended WPM 145
2026-10-05 15:02:09,120 | INFO | Recommended Rate -5%
2026-10-05 15:02:09,120 | INFO | ============================================================
2026-10-05 15:02:09,120 | INFO | Speech Optimizer
2026-10-05 15:02:09,120 | INFO | ============================================================
2026-10-05 15:02:09,120 | INFO | ============================================================
2026-10-05 15:02:09,120 | INFO | Speech Profile
2026-10-05 15:02:09,120 | INFO | ============================================================
2026-10-05 15:02:09,120 | INFO | Language.......... pt
2026-10-05 15:02:09,120 | INFO | Voice............. pt-BR-FranciscaNeural
2026-10-05 15:02:09,120 | INFO | Provider.......... edge
2026-10-05 15:02:09,120 | INFO | Rate.............. -5%
2026-10-05 15:02:09,120 | INFO | Pitch............. +1Hz
2026-10-05 15:02:09,120 | INFO | Reading Style..... Conversational
2026-10-05 15:02:09,120 | INFO | Pacing............ Fast
2026-10-05 15:02:09,120 | INFO | Complexity........ Low
2026-10-05 15:02:09,120 | INFO | Confidence........ 1.00
2026-10-05 15:02:09,120 | INFO | Optimization Time. 0.08 ms
2026-10-05 15:02:09,120 | INFO | ============================================================
2026-10-05 15:02:09,120 | INFO | Speech Profile generated successfully.
2026-10-05 15:02:09,120 | INFO | Building narration...
2026-10-05 15:02:09,120 | INFO | 1 narration blocks generated.
2026-10-05 15:02:09,120 | INFO | Narration exported to D:\Laboratorio de IA\speech-ai\speech-ai\output\narration.txt
2026-10-05 15:02:09,120 | INFO | Building speech text...
2026-10-05 15:02:09,136 | INFO | Speech text generated.
2026-10-05 15:02:09,136 | INFO | Speech text exported to D:\Laboratorio de IA\speech-ai\speech-ai\output\speech.txt
2026-10-05 15:02:09,136 | INFO | ============================================================
2026-10-05 15:02:09,136 | INFO | Speech Service
2026-10-05 15:02:09,136 | INFO | ============================================================
2026-10-05 15:02:09,136 | INFO | Characters: 6068
2026-10-05 15:02:09,136 | INFO | Provider initialized: Microsoft Edge TTS (Microsoft) v1.1.0
2026-10-05 15:02:09,136 | INFO | Provider: Microsoft Edge TTS (Microsoft) v1.1.0
2026-10-05 15:02:09,136 | INFO | TTS Engine initialized with provider: Microsoft Edge TTS (Microsoft) v1.1.0
2026-10-05 15:02:09,136 | INFO | ============================================================
2026-10-05 15:02:09,136 | INFO | TTS Engine
2026-10-05 15:02:09,136 | INFO | ============================================================
2026-10-05 15:02:09,136 | INFO | Provider.....: EdgeProvider
2026-10-05 15:02:09,136 | INFO | Characters...: 6068
2026-10-05 15:02:09,136 | INFO | Output.......: D:\Laboratorio de IA\speech-ai\speech-ai\output\Audio_Governance_SouthAmerica.mp3
2026-10-05 15:02:09,152 | INFO | Generating audio...
2026-10-05 15:02:09,152 | INFO | Voice.....: pt-BR-FranciscaNeural
2026-10-05 15:02:09,152 | INFO | Rate......: -5%
2026-10-05 15:02:09,152 | INFO | Pitch.....: +1Hz
2026-10-05 15:02:09,152 | INFO | Volume....: +0%
2026-10-05 15:03:24,869 | INFO | Audio generated successfully.
2026-10-05 15:03:24,871 | INFO | TTS finished successfully.
2026-10-05 15:03:24,871 | INFO | Speech synthesis completed.
2026-10-05 15:03:24,872 | INFO | Pipeline finished
2026-10-05 15:25:00,848 | INFO | Script imported from D:\Laboratorio de IA\Jornais\Valor Econômico - 05-10-2026 (edição 02-10-2026)\script.txt
2026-10-05 15:25:00,848 | INFO | Pipeline started
2026-10-05 15:25:00,848 | INFO | Starting Text Analyzer
2026-10-05 15:25:00,848 | INFO | Loading script...
2026-10-05 15:25:00,861 | INFO | Normalizing text...
2026-10-05 15:25:00,861 | INFO | Building Presentation...
2026-10-05 15:25:00,861 | INFO | Detecting slides...
2026-10-05 15:25:00,861 | INFO | Calculating statistics...
2026-10-05 15:25:00,863 | INFO | Text Analyzer completed
2026-10-05 15:25:00,863 | INFO | LanguageDetector initialized.
2026-10-05 15:25:00,863 | INFO | VoiceSelector initialized.
2026-10-05 15:25:00,863 | INFO | ============================================================
2026-10-05 15:25:00,863 | INFO | Speech Intelligence Engine
2026-10-05 15:25:00,863 | INFO | ============================================================
2026-10-05 15:25:00,863 | INFO | Starting language detection...
2026-10-05 15:25:00,863 | INFO | Characters: 6214
2026-10-05 15:25:01,553 | INFO | Language detected: Portuguese
2026-10-05 15:25:01,553 | INFO | Confidence: 100.00%
2026-10-05 15:25:01,553 | INFO | Detection time: 695.83 ms
2026-10-05 15:25:01,553 | INFO | Language detected: pt
2026-10-05 15:25:01,553 | INFO | Selecting voice for language 'pt' using provider 'edge'.
2026-10-05 15:25:01,553 | INFO | Voice selected successfully: pt-BR-FranciscaNeural (edge)
2026-10-05 15:25:01,553 | INFO | ============================================================
2026-10-05 15:25:01,553 | INFO | Speech Analyzer Started
2026-10-05 15:25:01,553 | INFO | ============================================================
2026-10-05 15:25:01,553 | INFO | ============================================================
2026-10-05 15:25:01,553 | INFO | Speech Analysis Report
2026-10-05 15:25:01,553 | INFO | ============================================================
2026-10-05 15:25:01,553 | INFO | Words.............. 1094
2026-10-05 15:25:01,553 | INFO | Sentences.......... 72
2026-10-05 15:25:01,553 | INFO | Paragraphs......... 23
2026-10-05 15:25:01,553 | INFO | Characters......... 6236
2026-10-05 15:25:01,553 | INFO | List Items......... 0
2026-10-05 15:25:01,553 | INFO | Numbers............ 68
2026-10-05 15:25:01,553 | INFO | Uppercase Words.... 5
2026-10-05 15:25:01,553 | INFO | Vocabulary Density.. 0.45
2026-10-05 15:25:01,553 | INFO | Complexity......... MEDIUM
2026-10-05 15:25:01,553 | INFO | Reading Style...... Presentation
2026-10-05 15:25:01,553 | INFO | Reading Pace....... Normal
2026-10-05 15:25:01,553 | INFO | Execution Time..... 1.03ms
2026-10-05 15:25:01,553 | INFO | ============================================================
2026-10-05 15:25:01,553 | INFO | Speech Analyzer Completed
2026-10-05 15:25:01,553 | INFO | Calculating speech timing...
2026-10-05 15:25:01,553 | INFO | Complexity..... Low
2026-10-05 15:25:01,553 | INFO | Recommended WPM 145
2026-10-05 15:25:01,553 | INFO | Recommended Rate -5%
2026-10-05 15:25:01,553 | INFO | ============================================================
2026-10-05 15:25:01,553 | INFO | Speech Optimizer
2026-10-05 15:25:01,553 | INFO | ============================================================
2026-10-05 15:25:01,553 | INFO | ============================================================
2026-10-05 15:25:01,553 | INFO | Speech Profile
2026-10-05 15:25:01,553 | INFO | ============================================================
2026-10-05 15:25:01,553 | INFO | Language.......... pt
2026-10-05 15:25:01,553 | INFO | Voice............. pt-BR-FranciscaNeural
2026-10-05 15:25:01,553 | INFO | Provider.......... edge
2026-10-05 15:25:01,553 | INFO | Rate.............. -5%
2026-10-05 15:25:01,553 | INFO | Pitch............. +1Hz
2026-10-05 15:25:01,553 | INFO | Reading Style..... Business
2026-10-05 15:25:01,553 | INFO | Pacing............ Fast
2026-10-05 15:25:01,553 | INFO | Complexity........ Low
2026-10-05 15:25:01,553 | INFO | Confidence........ 1.00
2026-10-05 15:25:01,553 | INFO | Optimization Time. 0.09 ms
2026-10-05 15:25:01,553 | INFO | ============================================================
2026-10-05 15:25:01,553 | INFO | Speech Profile generated successfully.
2026-10-05 15:25:01,553 | INFO | Building narration...
2026-10-05 15:25:01,553 | INFO | 1 narration blocks generated.
2026-10-05 15:25:01,563 | INFO | Narration exported to D:\Laboratorio de IA\speech-ai\speech-ai\output\narration.txt
2026-10-05 15:25:01,563 | INFO | Building speech text...
2026-10-05 15:25:01,563 | INFO | Speech text generated.
2026-10-05 15:25:01,563 | INFO | Speech text exported to D:\Laboratorio de IA\speech-ai\speech-ai\output\speech.txt
2026-10-05 15:25:01,564 | INFO | ============================================================
2026-10-05 15:25:01,564 | INFO | Speech Service
2026-10-05 15:25:01,564 | INFO | ============================================================
2026-10-05 15:25:01,574 | INFO | Characters: 6881
2026-10-05 15:25:01,574 | INFO | Provider initialized: Microsoft Edge TTS (Microsoft) v1.1.0
2026-10-05 15:25:01,575 | INFO | Provider: Microsoft Edge TTS (Microsoft) v1.1.0
2026-10-05 15:25:01,575 | INFO | TTS Engine initialized with provider: Microsoft Edge TTS (Microsoft) v1.1.0
2026-10-05 15:25:01,575 | INFO | ============================================================
2026-10-05 15:25:01,575 | INFO | TTS Engine
2026-10-05 15:25:01,575 | INFO | ============================================================
2026-10-05 15:25:01,575 | INFO | Provider.....: EdgeProvider
2026-10-05 15:25:01,575 | INFO | Characters...: 6881
2026-10-05 15:25:01,575 | INFO | Output.......: D:\Laboratorio de IA\speech-ai\speech-ai\output\Valor Econômico - 05-10-2026 (edição 02-10-2026).mp3
2026-10-05 15:25:01,576 | INFO | Generating audio...
2026-10-05 15:25:01,576 | INFO | Voice.....: pt-BR-FranciscaNeural
2026-10-05 15:25:01,576 | INFO | Rate......: -5%
2026-10-05 15:25:01,576 | INFO | Pitch.....: +1Hz
2026-10-05 15:25:01,576 | INFO | Volume....: +0%
2026-10-05 15:25:07,760 | INFO | Audio generated successfully.
2026-10-05 15:25:07,760 | INFO | TTS finished successfully.
2026-10-05 15:25:07,760 | INFO | Speech synthesis completed.
2026-10-05 15:25:07,760 | INFO | Pipeline finished
2026-10-05 15:29:00,088 | INFO | Script imported from D:\Laboratorio de IA\Jornais\Valor Econômico - 05-10-2026\script.txt
2026-10-05 15:29:00,088 | INFO | Pipeline started
2026-10-05 15:29:00,088 | INFO | Starting Text Analyzer
2026-10-05 15:29:00,088 | INFO | Loading script...
2026-10-05 15:29:00,089 | INFO | Normalizing text...
2026-10-05 15:29:00,089 | INFO | Building Presentation...
2026-10-05 15:29:00,089 | INFO | Detecting slides...
2026-10-05 15:29:00,090 | INFO | Calculating statistics...
2026-10-05 15:29:00,090 | INFO | Text Analyzer completed
2026-10-05 15:29:00,090 | INFO | LanguageDetector initialized.
2026-10-05 15:29:00,090 | INFO | VoiceSelector initialized.
2026-10-05 15:29:00,090 | INFO | ============================================================
2026-10-05 15:29:00,090 | INFO | Speech Intelligence Engine
2026-10-05 15:29:00,090 | INFO | ============================================================
2026-10-05 15:29:00,090 | INFO | Starting language detection...
2026-10-05 15:29:00,090 | INFO | Characters: 5413
2026-10-05 15:29:00,318 | INFO | Language detected: Portuguese
2026-10-05 15:29:00,318 | INFO | Confidence: 100.00%
2026-10-05 15:29:00,318 | INFO | Detection time: 228.36 ms
2026-10-05 15:29:00,318 | INFO | Language detected: pt
2026-10-05 15:29:00,318 | INFO | Selecting voice for language 'pt' using provider 'edge'.
2026-10-05 15:29:00,318 | INFO | Voice selected successfully: pt-BR-FranciscaNeural (edge)
2026-10-05 15:29:00,318 | INFO | ============================================================
2026-10-05 15:29:00,318 | INFO | Speech Analyzer Started
2026-10-05 15:29:00,319 | INFO | ============================================================
2026-10-05 15:29:00,319 | INFO | ============================================================
2026-10-05 15:29:00,319 | INFO | Speech Analysis Report
2026-10-05 15:29:00,319 | INFO | ============================================================
2026-10-05 15:29:00,319 | INFO | Words.............. 932
2026-10-05 15:29:00,319 | INFO | Sentences.......... 57
2026-10-05 15:29:00,319 | INFO | Paragraphs......... 18
2026-10-05 15:29:00,320 | INFO | Characters......... 5430
2026-10-05 15:29:00,320 | INFO | List Items......... 0
2026-10-05 15:29:00,320 | INFO | Numbers............ 53
2026-10-05 15:29:00,320 | INFO | Uppercase Words.... 8
2026-10-05 15:29:00,320 | INFO | Vocabulary Density.. 0.47
2026-10-05 15:29:00,320 | INFO | Complexity......... MEDIUM
2026-10-05 15:29:00,320 | INFO | Reading Style...... Presentation
2026-10-05 15:29:00,320 | INFO | Reading Pace....... Normal
2026-10-05 15:29:00,320 | INFO | Execution Time..... 0.84ms
2026-10-05 15:29:00,320 | INFO | ============================================================
2026-10-05 15:29:00,320 | INFO | Speech Analyzer Completed
2026-10-05 15:29:00,320 | INFO | Calculating speech timing...
2026-10-05 15:29:00,320 | INFO | Complexity..... Medium
2026-10-05 15:29:00,320 | INFO | Recommended WPM 135
2026-10-05 15:29:00,320 | INFO | Recommended Rate -10%
2026-10-05 15:29:00,320 | INFO | ============================================================
2026-10-05 15:29:00,320 | INFO | Speech Optimizer
2026-10-05 15:29:00,320 | INFO | ============================================================
2026-10-05 15:29:00,320 | INFO | ============================================================
2026-10-05 15:29:00,320 | INFO | Speech Profile
2026-10-05 15:29:00,320 | INFO | ============================================================
2026-10-05 15:29:00,320 | INFO | Language.......... pt
2026-10-05 15:29:00,320 | INFO | Voice............. pt-BR-FranciscaNeural
2026-10-05 15:29:00,320 | INFO | Provider.......... edge
2026-10-05 15:29:00,320 | INFO | Rate.............. -10%
2026-10-05 15:29:00,320 | INFO | Pitch............. +0Hz
2026-10-05 15:29:00,320 | INFO | Reading Style..... Business
2026-10-05 15:29:00,320 | INFO | Pacing............ Normal
2026-10-05 15:29:00,320 | INFO | Complexity........ Medium
2026-10-05 15:29:00,320 | INFO | Confidence........ 1.00
2026-10-05 15:29:00,320 | INFO | Optimization Time. 0.10 ms
2026-10-05 15:29:00,320 | INFO | ============================================================
2026-10-05 15:29:00,320 | INFO | Speech Profile generated successfully.
2026-10-05 15:29:00,321 | INFO | Building narration...
2026-10-05 15:29:00,321 | INFO | 1 narration blocks generated.
2026-10-05 15:29:00,322 | INFO | Narration exported to D:\Laboratorio de IA\speech-ai\speech-ai\output\narration.txt
2026-10-05 15:29:00,322 | INFO | Building speech text...
2026-10-05 15:29:00,323 | INFO | Speech text generated.
2026-10-05 15:29:00,324 | INFO | Speech text exported to D:\Laboratorio de IA\speech-ai\speech-ai\output\speech.txt
2026-10-05 15:29:00,324 | INFO | ============================================================
2026-10-05 15:29:00,324 | INFO | Speech Service
2026-10-05 15:29:00,324 | INFO | ============================================================
2026-10-05 15:29:00,333 | INFO | Characters: 6037
2026-10-05 15:29:00,333 | INFO | Provider initialized: Microsoft Edge TTS (Microsoft) v1.1.0
2026-10-05 15:29:00,333 | INFO | Provider: Microsoft Edge TTS (Microsoft) v1.1.0
2026-10-05 15:29:00,333 | INFO | TTS Engine initialized with provider: Microsoft Edge TTS (Microsoft) v1.1.0
2026-10-05 15:29:00,334 | INFO | ============================================================
2026-10-05 15:29:00,334 | INFO | TTS Engine
2026-10-05 15:29:00,334 | INFO | ============================================================
2026-10-05 15:29:00,334 | INFO | Provider.....: EdgeProvider
2026-10-05 15:29:00,334 | INFO | Characters...: 6037
2026-10-05 15:29:00,334 | INFO | Output.......: D:\Laboratorio de IA\speech-ai\speech-ai\output\Valor Econômico - 05-10-2026.mp3
2026-10-05 15:29:00,336 | INFO | Generating audio...
2026-10-05 15:29:00,336 | INFO | Voice.....: pt-BR-FranciscaNeural
2026-10-05 15:29:00,336 | INFO | Rate......: -10%
2026-10-05 15:29:00,336 | INFO | Pitch.....: +0Hz
2026-10-05 15:29:00,336 | INFO | Volume....: +0%
2026-10-05 15:29:19,516 | INFO | Audio generated successfully.
2026-10-05 15:29:19,518 | INFO | TTS finished successfully.
2026-10-05 15:29:19,518 | INFO | Speech synthesis completed.
2026-10-05 15:29:19,518 | INFO | Pipeline finished
2026-10-05 15:29:19,521 | INFO | PDF archived: D:\Laboratorio de IA\speech-ai\speech-ai\input\Jornais\processados\2026-10-05\Valor Economico teste.pdf
2026-10-05 15:29:19,521 | INFO | Processed D:\Laboratorio de IA\speech-ai\speech-ai\input\Jornais\Valor Economico teste.pdf -> D:\Laboratorio de IA\speech-ai\speech-ai\output\Valor Econômico - 05-10-2026.mp3 (pdf archived at D:\Laboratorio de IA\speech-ai\speech-ai\input\Jornais\processados\2026-10-05\Valor Economico teste.pdf)
2026-10-05 15:34:17,943 | INFO | Running skill 'estado-de-sp' on D:\Laboratorio de IA\speech-ai\speech-ai\input\Jornais\SP O Estado de S Paulo- 051026.pdf (log: D:\Laboratorio de IA\speech-ai\speech-ai\logs\skills\estado-de-sp_20261005_153417.jsonl)
2026-10-05 15:37:51,112 | INFO | Running skill 'estado-de-sp' on D:\Laboratorio de IA\speech-ai\speech-ai\input\Jornais\SP O Estado de S Paulo- 051026.pdf (log: D:\Laboratorio de IA\speech-ai\speech-ai\logs\skills\estado-de-sp_20261005_153751.jsonl)
2026-10-05 15:56:24,360 | INFO | Skill 'estado-de-sp' finished in 18.5 min
2026-10-05 15:56:24,362 | INFO | Script imported from D:\Laboratorio de IA\speech-ai\speech-ai\output\Jornais\O Estado de S. Paulo - 05-10-2026\script.txt
2026-10-05 15:56:24,362 | INFO | Pipeline started
2026-10-05 15:56:24,362 | INFO | Starting Text Analyzer
2026-10-05 15:56:24,362 | INFO | Loading script...
2026-10-05 15:56:24,373 | INFO | Normalizing text...
2026-10-05 15:56:24,373 | INFO | Building Presentation...
2026-10-05 15:56:24,373 | INFO | Detecting slides...
2026-10-05 15:56:24,374 | INFO | Calculating statistics...
2026-10-05 15:56:24,374 | INFO | Text Analyzer completed
2026-10-05 15:56:24,374 | INFO | LanguageDetector initialized.
2026-10-05 15:56:24,374 | INFO | VoiceSelector initialized.
2026-10-05 15:56:24,374 | INFO | ============================================================
2026-10-05 15:56:24,374 | INFO | Speech Intelligence Engine
2026-10-05 15:56:24,374 | INFO | ============================================================
2026-10-05 15:56:24,374 | INFO | Starting language detection...
2026-10-05 15:56:24,374 | INFO | Characters: 5587
2026-10-05 15:56:25,140 | INFO | Language detected: Portuguese
2026-10-05 15:56:25,141 | INFO | Confidence: 100.00%
2026-10-05 15:56:25,141 | INFO | Detection time: 766.31 ms
2026-10-05 15:56:25,141 | INFO | Language detected: pt
2026-10-05 15:56:25,141 | INFO | Selecting voice for language 'pt' using provider 'edge'.
2026-10-05 15:56:25,141 | INFO | Voice selected successfully: pt-BR-FranciscaNeural (edge)
2026-10-05 15:56:25,141 | INFO | ============================================================
2026-10-05 15:56:25,141 | INFO | Speech Analyzer Started
2026-10-05 15:56:25,141 | INFO | ============================================================
2026-10-05 15:56:25,143 | INFO | ============================================================
2026-10-05 15:56:25,146 | INFO | Speech Analysis Report
2026-10-05 15:56:25,146 | INFO | ============================================================
2026-10-05 15:56:25,146 | INFO | Words.............. 1008
2026-10-05 15:56:25,146 | INFO | Sentences.......... 75
2026-10-05 15:56:25,146 | INFO | Paragraphs......... 21
2026-10-05 15:56:25,146 | INFO | Characters......... 5607
2026-10-05 15:56:25,146 | INFO | List Items......... 0
2026-10-05 15:56:25,146 | INFO | Numbers............ 73
2026-10-05 15:56:25,146 | INFO | Uppercase Words.... 13
2026-10-05 15:56:25,146 | INFO | Vocabulary Density.. 0.49
2026-10-05 15:56:25,146 | INFO | Complexity......... MEDIUM
2026-10-05 15:56:25,146 | INFO | Reading Style...... Presentation
2026-10-05 15:56:25,147 | INFO | Reading Pace....... Normal
2026-10-05 15:56:25,147 | INFO | Execution Time..... 1.86ms
2026-10-05 15:56:25,147 | INFO | ============================================================
2026-10-05 15:56:25,147 | INFO | Speech Analyzer Completed
2026-10-05 15:56:25,147 | INFO | Calculating speech timing...
2026-10-05 15:56:25,147 | INFO | Complexity..... Low
2026-10-05 15:56:25,147 | INFO | Recommended WPM 145
2026-10-05 15:56:25,147 | INFO | Recommended Rate -5%
2026-10-05 15:56:25,147 | INFO | ============================================================
2026-10-05 15:56:25,147 | INFO | Speech Optimizer
2026-10-05 15:56:25,147 | INFO | ============================================================
2026-10-05 15:56:25,147 | INFO | ============================================================
2026-10-05 15:56:25,147 | INFO | Speech Profile
2026-10-05 15:56:25,147 | INFO | ============================================================
2026-10-05 15:56:25,147 | INFO | Language.......... pt
2026-10-05 15:56:25,147 | INFO | Voice............. pt-BR-FranciscaNeural
2026-10-05 15:56:25,147 | INFO | Provider.......... edge
2026-10-05 15:56:25,147 | INFO | Rate.............. -5%
2026-10-05 15:56:25,147 | INFO | Pitch............. +1Hz
2026-10-05 15:56:25,147 | INFO | Reading Style..... Conversational
2026-10-05 15:56:25,147 | INFO | Pacing............ Fast
2026-10-05 15:56:25,147 | INFO | Complexity........ Low
2026-10-05 15:56:25,147 | INFO | Confidence........ 1.00
2026-10-05 15:56:25,147 | INFO | Optimization Time. 0.19 ms
2026-10-05 15:56:25,147 | INFO | ============================================================
2026-10-05 15:56:25,147 | INFO | Speech Profile generated successfully.
2026-10-05 15:56:25,149 | INFO | Building narration...
2026-10-05 15:56:25,150 | INFO | 1 narration blocks generated.
2026-10-05 15:56:25,150 | INFO | Narration exported to D:\Laboratorio de IA\speech-ai\speech-ai\output\narration.txt
2026-10-05 15:56:25,151 | INFO | Building speech text...
2026-10-05 15:56:25,152 | INFO | Speech text generated.
2026-10-05 15:56:25,153 | INFO | Speech text exported to D:\Laboratorio de IA\speech-ai\speech-ai\output\speech.txt
2026-10-05 15:56:25,153 | INFO | ============================================================
2026-10-05 15:56:25,153 | INFO | Speech Service
2026-10-05 15:56:25,153 | INFO | ============================================================
2026-10-05 15:56:25,168 | INFO | Characters: 6173
2026-10-05 15:56:25,168 | INFO | Provider initialized: Microsoft Edge TTS (Microsoft) v1.1.0
2026-10-05 15:56:25,168 | INFO | Provider: Microsoft Edge TTS (Microsoft) v1.1.0
2026-10-05 15:56:25,168 | INFO | TTS Engine initialized with provider: Microsoft Edge TTS (Microsoft) v1.1.0
2026-10-05 15:56:25,168 | INFO | ============================================================
2026-10-05 15:56:25,168 | INFO | TTS Engine
2026-10-05 15:56:25,168 | INFO | ============================================================
2026-10-05 15:56:25,168 | INFO | Provider.....: EdgeProvider
2026-10-05 15:56:25,168 | INFO | Characters...: 6173
2026-10-05 15:56:25,168 | INFO | Output.......: D:\Laboratorio de IA\speech-ai\speech-ai\output\O Estado de S. Paulo - 05-10-2026.mp3
2026-10-05 15:56:25,170 | INFO | Generating audio...
2026-10-05 15:56:25,170 | INFO | Voice.....: pt-BR-FranciscaNeural
2026-10-05 15:56:25,171 | INFO | Rate......: -5%
2026-10-05 15:56:25,171 | INFO | Pitch.....: +1Hz
2026-10-05 15:56:25,171 | INFO | Volume....: +0%
2026-10-05 15:57:15,572 | INFO | Audio generated successfully.
2026-10-05 15:57:15,573 | INFO | TTS finished successfully.
2026-10-05 15:57:15,574 | INFO | Speech synthesis completed.
2026-10-05 15:57:15,574 | INFO | Pipeline finished
2026-10-05 15:57:15,574 | INFO | PDF archived: D:\Laboratorio de IA\speech-ai\speech-ai\input\Jornais\processados\2026-10-05\SP O Estado de S Paulo- 051026.pdf
2026-10-05 15:57:15,574 | INFO | Processed D:\Laboratorio de IA\speech-ai\speech-ai\input\Jornais\SP O Estado de S Paulo- 051026.pdf -> D:\Laboratorio de IA\speech-ai\speech-ai\output\O Estado de S. Paulo - 05-10-2026.mp3 (pdf archived at D:\Laboratorio de IA\speech-ai\speech-ai\input\Jornais\processados\2026-10-05\SP O Estado de S Paulo- 051026.pdf)
2026-10-05 15:57:15,578 | INFO | Running skill 'valor-economico' on D:\Laboratorio de IA\speech-ai\speech-ai\input\Jornais\Valor Econômico- HD \u2010 03 a 051026.pdf (log: D:\Laboratorio de IA\speech-ai\speech-ai\logs\skills\valor-economico_20261005_155715.jsonl)
2026-10-05 15:57:21,853 | ERROR | Failed to process D:\Laboratorio de IA\speech-ai\speech-ai\input\Jornais\Valor Econômico- HD \u2010 03 a 051026.pdf
Traceback (most recent call last):
  File "D:\Laboratorio de IA\speech-ai\speech-ai\skill_bridge\skill_pipeline.py", line 110, in run_inbox
    audio = self.run(skill.name, pdf)
            ^^^^^^^^^^^^^^^^^^^^^^^^^
  File "D:\Laboratorio de IA\speech-ai\speech-ai\skill_bridge\skill_pipeline.py", line 162, in run
    self.runner.run(skill, Path(pdf))
  File "D:\Laboratorio de IA\speech-ai\speech-ai\skill_bridge\skill_runner.py", line 308, in run
    raise RuntimeError(
RuntimeError: Skill 'valor-economico' failed (exit code 1). See D:\Laboratorio de IA\speech-ai\speech-ai\logs\skills\valor-economico_20261005_155715.jsonl
2026-10-05 17:31:00,976 | INFO | Running skill 'valor-economico' on D:\Laboratorio de IA\speech-ai\speech-ai\input\Jornais\Valor Econômico- HD \u2010 03 a 051026.pdf (log: D:\Laboratorio de IA\speech-ai\speech-ai\logs\skills\valor-economico_20261005_173100.jsonl)
2026-10-05 17:31:07,664 | ERROR | Failed to process D:\Laboratorio de IA\speech-ai\speech-ai\input\Jornais\Valor Econômico- HD \u2010 03 a 051026.pdf
Traceback (most recent call last):
  File "D:\Laboratorio de IA\speech-ai\speech-ai\skill_bridge\skill_pipeline.py", line 110, in run_inbox
    audio = self.run(skill.name, pdf)
            ^^^^^^^^^^^^^^^^^^^^^^^^^
  File "D:\Laboratorio de IA\speech-ai\speech-ai\skill_bridge\skill_pipeline.py", line 162, in run
    self.runner.run(skill, Path(pdf))
  File "D:\Laboratorio de IA\speech-ai\speech-ai\skill_bridge\skill_runner.py", line 308, in run
    raise RuntimeError(
RuntimeError: Skill 'valor-economico' failed (exit code 1). See D:\Laboratorio de IA\speech-ai\speech-ai\logs\skills\valor-economico_20261005_173100.jsonl
2026-10-05 18:21:19,047 | INFO | Running skill 'valor-economico' on D:\Laboratorio de IA\speech-ai\speech-ai\input\Jornais\Valor Econômico- HD \u2010 03 a 051026.pdf (log: D:\Laboratorio de IA\speech-ai\speech-ai\logs\skills\valor-economico_20261005_182119.jsonl)
2026-10-05 18:42:55,823 | INFO | Skill 'valor-economico' finished in 21.5 min
2026-10-05 18:42:55,833 | INFO | Script imported from D:\Laboratorio de IA\speech-ai\speech-ai\output\Jornais\Valor Econômico - 05-10-2026\script.txt
2026-10-05 18:42:55,833 | INFO | Pipeline started
2026-10-05 18:42:55,833 | INFO | Starting Text Analyzer
2026-10-05 18:42:55,833 | INFO | Loading script...
2026-10-05 18:42:55,833 | INFO | Normalizing text...
2026-10-05 18:42:55,833 | INFO | Building Presentation...
2026-10-05 18:42:55,833 | INFO | Detecting slides...
2026-10-05 18:42:55,833 | INFO | Calculating statistics...
2026-10-05 18:42:55,833 | INFO | Text Analyzer completed
2026-10-05 18:42:55,833 | INFO | LanguageDetector initialized.
2026-10-05 18:42:55,833 | INFO | VoiceSelector initialized.
2026-10-05 18:42:55,833 | INFO | ============================================================
2026-10-05 18:42:55,833 | INFO | Speech Intelligence Engine
2026-10-05 18:42:55,833 | INFO | ============================================================
2026-10-05 18:42:55,833 | INFO | Starting language detection...
2026-10-05 18:42:55,833 | INFO | Characters: 6128
2026-10-05 18:42:56,560 | INFO | Language detected: Portuguese
2026-10-05 18:42:56,560 | INFO | Confidence: 100.00%
2026-10-05 18:42:56,560 | INFO | Detection time: 723.48 ms
2026-10-05 18:42:56,560 | INFO | Language detected: pt
2026-10-05 18:42:56,560 | INFO | Selecting voice for language 'pt' using provider 'edge'.
2026-10-05 18:42:56,560 | INFO | Voice selected successfully: pt-BR-FranciscaNeural (edge)
2026-10-05 18:42:56,560 | INFO | ============================================================
2026-10-05 18:42:56,560 | INFO | Speech Analyzer Started
2026-10-05 18:42:56,560 | INFO | ============================================================
2026-10-05 18:42:56,560 | INFO | ============================================================
2026-10-05 18:42:56,560 | INFO | Speech Analysis Report
2026-10-05 18:42:56,560 | INFO | ============================================================
2026-10-05 18:42:56,560 | INFO | Words.............. 1080
2026-10-05 18:42:56,560 | INFO | Sentences.......... 80
2026-10-05 18:42:56,560 | INFO | Paragraphs......... 20
2026-10-05 18:42:56,560 | INFO | Characters......... 6147
2026-10-05 18:42:56,560 | INFO | List Items......... 0
2026-10-05 18:42:56,560 | INFO | Numbers............ 74
2026-10-05 18:42:56,560 | INFO | Uppercase Words.... 10
2026-10-05 18:42:56,560 | INFO | Vocabulary Density.. 0.48
2026-10-05 18:42:56,560 | INFO | Complexity......... MEDIUM
2026-10-05 18:42:56,560 | INFO | Reading Style...... Presentation
2026-10-05 18:42:56,560 | INFO | Reading Pace....... Normal
2026-10-05 18:42:56,560 | INFO | Execution Time..... 0.88ms
2026-10-05 18:42:56,560 | INFO | ============================================================
2026-10-05 18:42:56,560 | INFO | Speech Analyzer Completed
2026-10-05 18:42:56,560 | INFO | Calculating speech timing...
2026-10-05 18:42:56,560 | INFO | Complexity..... Low
2026-10-05 18:42:56,560 | INFO | Recommended WPM 145
2026-10-05 18:42:56,560 | INFO | Recommended Rate -5%
2026-10-05 18:42:56,560 | INFO | ============================================================
2026-10-05 18:42:56,560 | INFO | Speech Optimizer
2026-10-05 18:42:56,560 | INFO | ============================================================
2026-10-05 18:42:56,560 | INFO | ============================================================
2026-10-05 18:42:56,560 | INFO | Speech Profile
2026-10-05 18:42:56,560 | INFO | ============================================================
2026-10-05 18:42:56,560 | INFO | Language.......... pt
2026-10-05 18:42:56,560 | INFO | Voice............. pt-BR-FranciscaNeural
2026-10-05 18:42:56,560 | INFO | Provider.......... edge
2026-10-05 18:42:56,560 | INFO | Rate.............. -5%
2026-10-05 18:42:56,560 | INFO | Pitch............. +1Hz
2026-10-05 18:42:56,560 | INFO | Reading Style..... Conversational
2026-10-05 18:42:56,560 | INFO | Pacing............ Fast
2026-10-05 18:42:56,560 | INFO | Complexity........ Low
2026-10-05 18:42:56,560 | INFO | Confidence........ 1.00
2026-10-05 18:42:56,560 | INFO | Optimization Time. 0.14 ms
2026-10-05 18:42:56,560 | INFO | ============================================================
2026-10-05 18:42:56,560 | INFO | Speech Profile generated successfully.
2026-10-05 18:42:56,560 | INFO | Building narration...
2026-10-05 18:42:56,560 | INFO | 1 narration blocks generated.
2026-10-05 18:42:56,560 | INFO | Narration exported to D:\Laboratorio de IA\speech-ai\speech-ai\output\narration.txt
2026-10-05 18:42:56,560 | INFO | Building speech text...
2026-10-05 18:42:56,576 | INFO | Speech text generated.
2026-10-05 18:42:56,576 | INFO | Speech text exported to D:\Laboratorio de IA\speech-ai\speech-ai\output\speech.txt
2026-10-05 18:42:56,576 | INFO | ============================================================
2026-10-05 18:42:56,576 | INFO | Speech Service
2026-10-05 18:42:56,576 | INFO | ============================================================
2026-10-05 18:42:56,576 | INFO | Characters: 6768
2026-10-05 18:42:56,576 | INFO | Provider initialized: Microsoft Edge TTS (Microsoft) v1.1.0
2026-10-05 18:42:56,576 | INFO | Provider: Microsoft Edge TTS (Microsoft) v1.1.0
2026-10-05 18:42:56,576 | INFO | TTS Engine initialized with provider: Microsoft Edge TTS (Microsoft) v1.1.0
2026-10-05 18:42:56,576 | INFO | ============================================================
2026-10-05 18:42:56,576 | INFO | TTS Engine
2026-10-05 18:42:56,576 | INFO | ============================================================
2026-10-05 18:42:56,576 | INFO | Provider.....: EdgeProvider
2026-10-05 18:42:56,576 | INFO | Characters...: 6768
2026-10-05 18:42:56,576 | INFO | Output.......: D:\Laboratorio de IA\speech-ai\speech-ai\output\Valor Econômico - 05-10-2026.mp3
2026-10-05 18:42:56,576 | INFO | Generating audio...
2026-10-05 18:42:56,576 | INFO | Voice.....: pt-BR-FranciscaNeural
2026-10-05 18:42:56,576 | INFO | Rate......: -5%
2026-10-05 18:42:56,576 | INFO | Pitch.....: +1Hz
2026-10-05 18:42:56,576 | INFO | Volume....: +0%
2026-10-05 18:44:03,551 | INFO | Audio generated successfully.
2026-10-05 18:44:03,567 | INFO | TTS finished successfully.
2026-10-05 18:44:03,567 | INFO | Speech synthesis completed.
2026-10-05 18:44:03,567 | INFO | Pipeline finished
2026-10-05 18:44:03,567 | INFO | PDF archived: D:\Laboratorio de IA\speech-ai\speech-ai\input\Jornais\processados\2026-10-05\Valor Econômico- HD \u2010 03 a 051026.pdf
2026-10-05 18:44:03,567 | INFO | Processed D:\Laboratorio de IA\speech-ai\speech-ai\input\Jornais\Valor Econômico- HD \u2010 03 a 051026.pdf -> D:\Laboratorio de IA\speech-ai\speech-ai\output\Valor Econômico - 05-10-2026.mp3 (pdf archived at D:\Laboratorio de IA\speech-ai\speech-ai\input\Jornais\processados\2026-10-05\Valor Econômico- HD \u2010 03 a 051026.pdf)
2026-10-05 18:44:23,623 | INFO | Script imported from D:\Laboratorio de IA\speech-ai\speech-ai\output\Jornais\O Estado de S. Paulo - 05-10-2026\script.txt
2026-10-05 18:44:23,623 | INFO | Pipeline started
2026-10-05 18:44:23,623 | INFO | Starting Text Analyzer
2026-10-05 18:44:23,623 | INFO | Loading script...
2026-10-05 18:44:23,623 | INFO | Normalizing text...
2026-10-05 18:44:23,633 | INFO | Building Presentation...
2026-10-05 18:44:23,633 | INFO | Detecting slides...
2026-10-05 18:44:23,633 | INFO | Calculating statistics...
2026-10-05 18:44:23,633 | INFO | Text Analyzer completed
2026-10-05 18:44:23,633 | INFO | LanguageDetector initialized.
2026-10-05 18:44:23,633 | INFO | VoiceSelector initialized.
2026-10-05 18:44:23,633 | INFO | ============================================================
2026-10-05 18:44:23,633 | INFO | Speech Intelligence Engine
2026-10-05 18:44:23,633 | INFO | ============================================================
2026-10-05 18:44:23,633 | INFO | Starting language detection...
2026-10-05 18:44:23,633 | INFO | Characters: 5587
2026-10-05 18:44:23,819 | INFO | Language detected: Portuguese
2026-10-05 18:44:23,819 | INFO | Confidence: 100.00%
2026-10-05 18:44:23,819 | INFO | Detection time: 193.82 ms
2026-10-05 18:44:23,819 | INFO | Language detected: pt
2026-10-05 18:44:23,819 | INFO | Selecting voice for language 'pt' using provider 'edge'.
2026-10-05 18:44:23,829 | INFO | Voice selected successfully: pt-BR-FranciscaNeural (edge)
2026-10-05 18:44:23,829 | INFO | ============================================================
2026-10-05 18:44:23,829 | INFO | Speech Analyzer Started
2026-10-05 18:44:23,829 | INFO | ============================================================
2026-10-05 18:44:23,829 | INFO | ============================================================
2026-10-05 18:44:23,829 | INFO | Speech Analysis Report
2026-10-05 18:44:23,829 | INFO | ============================================================
2026-10-05 18:44:23,829 | INFO | Words.............. 1008
2026-10-05 18:44:23,829 | INFO | Sentences.......... 75
2026-10-05 18:44:23,829 | INFO | Paragraphs......... 21
2026-10-05 18:44:23,829 | INFO | Characters......... 5607
2026-10-05 18:44:23,829 | INFO | List Items......... 0
2026-10-05 18:44:23,829 | INFO | Numbers............ 73
2026-10-05 18:44:23,829 | INFO | Uppercase Words.... 13
2026-10-05 18:44:23,829 | INFO | Vocabulary Density.. 0.49
2026-10-05 18:44:23,829 | INFO | Complexity......... MEDIUM
2026-10-05 18:44:23,829 | INFO | Reading Style...... Presentation
2026-10-05 18:44:23,829 | INFO | Reading Pace....... Normal
2026-10-05 18:44:23,829 | INFO | Execution Time..... 1.18ms
2026-10-05 18:44:23,829 | INFO | ============================================================
2026-10-05 18:44:23,829 | INFO | Speech Analyzer Completed
2026-10-05 18:44:23,829 | INFO | Calculating speech timing...
2026-10-05 18:44:23,829 | INFO | Complexity..... Low
2026-10-05 18:44:23,829 | INFO | Recommended WPM 145
2026-10-05 18:44:23,829 | INFO | Recommended Rate -5%
2026-10-05 18:44:23,829 | INFO | ============================================================
2026-10-05 18:44:23,829 | INFO | Speech Optimizer
2026-10-05 18:44:23,829 | INFO | ============================================================
2026-10-05 18:44:23,829 | INFO | ============================================================
2026-10-05 18:44:23,829 | INFO | Speech Profile
2026-10-05 18:44:23,829 | INFO | ============================================================
2026-10-05 18:44:23,829 | INFO | Language.......... pt
2026-10-05 18:44:23,829 | INFO | Voice............. pt-BR-FranciscaNeural
2026-10-05 18:44:23,829 | INFO | Provider.......... edge
2026-10-05 18:44:23,829 | INFO | Rate.............. -5%
2026-10-05 18:44:23,829 | INFO | Pitch............. +1Hz
2026-10-05 18:44:23,829 | INFO | Reading Style..... Conversational
2026-10-05 18:44:23,829 | INFO | Pacing............ Fast
2026-10-05 18:44:23,829 | INFO | Complexity........ Low
2026-10-05 18:44:23,829 | INFO | Confidence........ 1.00
2026-10-05 18:44:23,829 | INFO | Optimization Time. 0.09 ms
2026-10-05 18:44:23,829 | INFO | ============================================================
2026-10-05 18:44:23,829 | INFO | Speech Profile generated successfully.
2026-10-05 18:44:23,829 | INFO | Building narration...
2026-10-05 18:44:23,829 | INFO | 1 narration blocks generated.
2026-10-05 18:44:23,829 | INFO | Narration exported to D:\Laboratorio de IA\speech-ai\speech-ai\output\narration.txt
2026-10-05 18:44:23,829 | INFO | Building speech text...
2026-10-05 18:44:23,829 | INFO | Speech text generated.
2026-10-05 18:44:23,829 | INFO | Speech text exported to D:\Laboratorio de IA\speech-ai\speech-ai\output\speech.txt
2026-10-05 18:44:23,829 | INFO | ============================================================
2026-10-05 18:44:23,829 | INFO | Speech Service
2026-10-05 18:44:23,829 | INFO | ============================================================
2026-10-05 18:44:23,829 | INFO | Characters: 6173
2026-10-05 18:44:23,829 | INFO | Provider initialized: Microsoft Edge TTS (Microsoft) v1.1.0
2026-10-05 18:44:23,829 | INFO | Provider: Microsoft Edge TTS (Microsoft) v1.1.0
2026-10-05 18:44:23,829 | INFO | TTS Engine initialized with provider: Microsoft Edge TTS (Microsoft) v1.1.0
2026-10-05 18:44:23,829 | INFO | ============================================================
2026-10-05 18:44:23,829 | INFO | TTS Engine
2026-10-05 18:44:23,829 | INFO | ============================================================
2026-10-05 18:44:23,829 | INFO | Provider.....: EdgeProvider
2026-10-05 18:44:23,829 | INFO | Characters...: 6173
2026-10-05 18:44:23,829 | INFO | Output.......: D:\Laboratorio de IA\speech-ai\speech-ai\output\O Estado de S. Paulo - 05-10-2026.mp3
2026-10-05 18:44:23,829 | INFO | Generating audio...
2026-10-05 18:44:23,829 | INFO | Voice.....: pt-BR-FranciscaNeural
2026-10-05 18:44:23,829 | INFO | Rate......: -5%
2026-10-05 18:44:23,829 | INFO | Pitch.....: +1Hz
2026-10-05 18:44:23,829 | INFO | Volume....: +0%
2026-10-05 18:44:30,816 | INFO | Audio generated successfully.
2026-10-05 18:44:30,816 | INFO | TTS finished successfully.
2026-10-05 18:44:30,816 | INFO | Speech synthesis completed.
2026-10-05 18:44:30,816 | INFO | Pipeline finished
2026-10-05 18:58:22,073 | INFO | Pipeline started
2026-10-05 18:58:22,073 | INFO | Starting Text Analyzer
2026-10-05 18:58:22,073 | INFO | Loading script...
2026-10-05 18:58:22,077 | INFO | Normalizing text...
2026-10-05 18:58:22,077 | INFO | Building Presentation...
2026-10-05 18:58:22,077 | INFO | Detecting slides...
2026-10-05 18:58:22,077 | INFO | Calculating statistics...
2026-10-05 18:58:22,077 | INFO | Text Analyzer completed
2026-10-05 18:58:22,077 | INFO | LanguageDetector initialized.
2026-10-05 18:58:22,077 | INFO | VoiceSelector initialized.
2026-10-05 18:58:22,077 | INFO | ============================================================
2026-10-05 18:58:22,077 | INFO | Speech Intelligence Engine
2026-10-05 18:58:22,077 | INFO | ============================================================
2026-10-05 18:58:22,077 | INFO | Starting language detection...
2026-10-05 18:58:22,077 | INFO | Characters: 72
2026-10-05 18:58:22,726 | INFO | Language detected: Portuguese
2026-10-05 18:58:22,726 | INFO | Confidence: 100.00%
2026-10-05 18:58:22,726 | INFO | Detection time: 650.33 ms
2026-10-05 18:58:22,726 | INFO | Language detected: pt
2026-10-05 18:58:22,726 | INFO | Selecting voice for language 'pt' using provider 'edge'.
2026-10-05 18:58:22,726 | INFO | Voice selected successfully: pt-BR-FranciscaNeural (edge)
2026-10-05 18:58:22,726 | INFO | ============================================================
2026-10-05 18:58:22,726 | INFO | Speech Analyzer Started
2026-10-05 18:58:22,726 | INFO | ============================================================
2026-10-05 18:58:22,726 | INFO | ============================================================
2026-10-05 18:58:22,726 | INFO | Speech Analysis Report
2026-10-05 18:58:22,726 | INFO | ============================================================
2026-10-05 18:58:22,726 | INFO | Words.............. 14
2026-10-05 18:58:22,726 | INFO | Sentences.......... 3
2026-10-05 18:58:22,726 | INFO | Paragraphs......... 2
2026-10-05 18:58:22,726 | INFO | Characters......... 73
2026-10-05 18:58:22,726 | INFO | List Items......... 0
2026-10-05 18:58:22,726 | INFO | Numbers............ 0
2026-10-05 18:58:22,726 | INFO | Uppercase Words.... 1
2026-10-05 18:58:22,726 | INFO | Vocabulary Density.. 0.86
2026-10-05 18:58:22,726 | INFO | Complexity......... LOW
2026-10-05 18:58:22,726 | INFO | Reading Style...... Conversational
2026-10-05 18:58:22,726 | INFO | Reading Pace....... Fast
2026-10-05 18:58:22,726 | INFO | Execution Time..... 0.39ms
2026-10-05 18:58:22,726 | INFO | ============================================================
2026-10-05 18:58:22,726 | INFO | Speech Analyzer Completed
2026-10-05 18:58:22,726 | INFO | Calculating speech timing...
2026-10-05 18:58:22,726 | INFO | Complexity..... Low
2026-10-05 18:58:22,726 | INFO | Recommended WPM 145
2026-10-05 18:58:22,726 | INFO | Recommended Rate -5%
2026-10-05 18:58:22,726 | INFO | ============================================================
2026-10-05 18:58:22,726 | INFO | Speech Optimizer
2026-10-05 18:58:22,726 | INFO | ============================================================
2026-10-05 18:58:22,726 | INFO | ============================================================
2026-10-05 18:58:22,726 | INFO | Speech Profile
2026-10-05 18:58:22,726 | INFO | ============================================================
2026-10-05 18:58:22,726 | INFO | Language.......... pt
2026-10-05 18:58:22,726 | INFO | Voice............. pt-BR-FranciscaNeural
2026-10-05 18:58:22,726 | INFO | Provider.......... edge
2026-10-05 18:58:22,726 | INFO | Rate.............. -5%
2026-10-05 18:58:22,726 | INFO | Pitch............. +1Hz
2026-10-05 18:58:22,726 | INFO | Reading Style..... Conversational
2026-10-05 18:58:22,726 | INFO | Pacing............ Fast
2026-10-05 18:58:22,726 | INFO | Complexity........ Low
2026-10-05 18:58:22,726 | INFO | Confidence........ 0.80
2026-10-05 18:58:22,726 | INFO | Optimization Time. 0.09 ms
2026-10-05 18:58:22,726 | INFO | ============================================================
2026-10-05 18:58:22,726 | INFO | Speech Profile generated successfully.
2026-10-05 18:58:22,726 | INFO | Building narration...
2026-10-05 18:58:22,726 | INFO | 1 narration blocks generated.
2026-10-05 18:58:22,726 | INFO | Narration exported to C:\Users\f48047b\AppData\Local\Temp\speechai_test_iw6xm_cz\output\narration.txt
2026-10-05 18:58:22,726 | INFO | Building speech text...
2026-10-05 18:58:22,726 | INFO | Speech text generated.
2026-10-05 18:58:22,735 | INFO | Speech text exported to C:\Users\f48047b\AppData\Local\Temp\speechai_test_iw6xm_cz\output\speech.txt
2026-10-05 18:58:22,735 | INFO | ============================================================
2026-10-05 18:58:22,735 | INFO | Speech Service
2026-10-05 18:58:22,735 | INFO | ============================================================
2026-10-05 18:58:22,744 | INFO | Characters: 82
2026-10-05 18:58:22,744 | INFO | Provider initialized: Microsoft Edge TTS (Microsoft) v1.1.0
2026-10-05 18:58:22,744 | INFO | Provider: Microsoft Edge TTS (Microsoft) v1.1.0
2026-10-05 18:58:22,744 | INFO | TTS Engine initialized with provider: Microsoft Edge TTS (Microsoft) v1.1.0
2026-10-05 18:58:22,744 | INFO | ============================================================
2026-10-05 18:58:22,744 | INFO | TTS Engine
2026-10-05 18:58:22,744 | INFO | ============================================================
2026-10-05 18:58:22,744 | INFO | Provider.....: EdgeProvider
2026-10-05 18:58:22,744 | INFO | Characters...: 82
2026-10-05 18:58:22,744 | INFO | Output.......: C:\Users\f48047b\AppData\Local\Temp\speechai_test_iw6xm_cz\output\aviso_pt_2026-10-05_18-58-22.mp3
2026-10-05 18:58:22,744 | INFO | Generating audio...
2026-10-05 18:58:22,744 | INFO | Voice.....: pt-BR-FranciscaNeural
2026-10-05 18:58:22,744 | INFO | Rate......: -5%
2026-10-05 18:58:22,746 | INFO | Pitch.....: +1Hz
2026-10-05 18:58:22,746 | INFO | Volume....: +0%
2026-10-05 18:58:24,568 | INFO | Audio generated successfully.
2026-10-05 18:58:24,569 | INFO | TTS finished successfully.
2026-10-05 18:58:24,570 | INFO | Speech synthesis completed.
2026-10-05 18:58:24,570 | INFO | Pipeline finished
2026-10-05 18:58:24,571 | INFO | Processed C:\Users\f48047b\AppData\Local\Temp\speechai_test_iw6xm_cz\input\aviso_pt.txt -> C:\Users\f48047b\AppData\Local\Temp\speechai_test_iw6xm_cz\output\aviso_pt_2026-10-05_18-58-22.mp3 (archived at C:\Users\f48047b\AppData\Local\Temp\speechai_test_iw6xm_cz\input\processados\2026-10-05\aviso_pt.txt)
2026-10-05 18:58:24,571 | INFO | Pipeline started
2026-10-05 18:58:24,571 | INFO | Starting Text Analyzer
2026-10-05 18:58:24,571 | INFO | Loading script...
2026-10-05 18:58:24,577 | INFO | Normalizing text...
2026-10-05 18:58:24,577 | INFO | Building Presentation...
2026-10-05 18:58:24,577 | INFO | Detecting slides...
2026-10-05 18:58:24,577 | INFO | Calculating statistics...
2026-10-05 18:58:24,577 | INFO | Text Analyzer completed
2026-10-05 18:58:24,577 | INFO | LanguageDetector initialized.
2026-10-05 18:58:24,577 | INFO | VoiceSelector initialized.
2026-10-05 18:58:24,577 | INFO | ============================================================
2026-10-05 18:58:24,577 | INFO | Speech Intelligence Engine
2026-10-05 18:58:24,577 | INFO | ============================================================
2026-10-05 18:58:24,577 | INFO | Starting language detection...
2026-10-05 18:58:24,577 | INFO | Characters: 45
2026-10-05 18:58:24,579 | INFO | Language detected: English
2026-10-05 18:58:24,579 | INFO | Confidence: 100.00%
2026-10-05 18:58:24,579 | INFO | Detection time: 1.49 ms
2026-10-05 18:58:24,579 | INFO | Language detected: en
2026-10-05 18:58:24,579 | INFO | Selecting voice for language 'en' using provider 'edge'.
2026-10-05 18:58:24,579 | INFO | Voice selected successfully: en-US-GuyNeural (edge)
2026-10-05 18:58:24,580 | INFO | ============================================================
2026-10-05 18:58:24,580 | INFO | Speech Analyzer Started
2026-10-05 18:58:24,580 | INFO | ============================================================
2026-10-05 18:58:24,580 | INFO | ============================================================
2026-10-05 18:58:24,580 | INFO | Speech Analysis Report
2026-10-05 18:58:24,580 | INFO | ============================================================
2026-10-05 18:58:24,580 | INFO | Words.............. 9
2026-10-05 18:58:24,580 | INFO | Sentences.......... 2
2026-10-05 18:58:24,580 | INFO | Paragraphs......... 1
2026-10-05 18:58:24,580 | INFO | Characters......... 45
2026-10-05 18:58:24,580 | INFO | List Items......... 0
2026-10-05 18:58:24,580 | INFO | Numbers............ 0
2026-10-05 18:58:24,580 | INFO | Uppercase Words.... 1
2026-10-05 18:58:24,580 | INFO | Vocabulary Density.. 1.00
2026-10-05 18:58:24,580 | INFO | Complexity......... LOW
2026-10-05 18:58:24,580 | INFO | Reading Style...... Conversational
2026-10-05 18:58:24,580 | INFO | Reading Pace....... Fast
2026-10-05 18:58:24,580 | INFO | Execution Time..... 0.11ms
2026-10-05 18:58:24,580 | INFO | ============================================================
2026-10-05 18:58:24,580 | INFO | Speech Analyzer Completed
2026-10-05 18:58:24,580 | INFO | Calculating speech timing...
2026-10-05 18:58:24,580 | INFO | Complexity..... Low
2026-10-05 18:58:24,580 | INFO | Recommended WPM 150
2026-10-05 18:58:24,580 | INFO | Recommended Rate -5%
2026-10-05 18:58:24,580 | INFO | ============================================================
2026-10-05 18:58:24,580 | INFO | Speech Optimizer
2026-10-05 18:58:24,580 | INFO | ============================================================
2026-10-05 18:58:24,580 | INFO | ============================================================
2026-10-05 18:58:24,580 | INFO | Speech Profile
2026-10-05 18:58:24,580 | INFO | ============================================================
2026-10-05 18:58:24,580 | INFO | Language.......... en
2026-10-05 18:58:24,580 | INFO | Voice............. en-US-GuyNeural
2026-10-05 18:58:24,580 | INFO | Provider.......... edge
2026-10-05 18:58:24,580 | INFO | Rate.............. -5%
2026-10-05 18:58:24,580 | INFO | Pitch............. +1Hz
2026-10-05 18:58:24,580 | INFO | Reading Style..... Conversational
2026-10-05 18:58:24,580 | INFO | Pacing............ Fast
2026-10-05 18:58:24,580 | INFO | Complexity........ Low
2026-10-05 18:58:24,580 | INFO | Confidence........ 0.80
2026-10-05 18:58:24,581 | INFO | Optimization Time. 0.08 ms
2026-10-05 18:58:24,581 | INFO | ============================================================
2026-10-05 18:58:24,581 | INFO | Speech Profile generated successfully.
2026-10-05 18:58:24,581 | INFO | Building narration...
2026-10-05 18:58:24,581 | INFO | 1 narration blocks generated.
2026-10-05 18:58:24,581 | INFO | Narration exported to C:\Users\f48047b\AppData\Local\Temp\speechai_test_iw6xm_cz\output\narration.txt
2026-10-05 18:58:24,581 | INFO | Building speech text...
2026-10-05 18:58:24,581 | INFO | Speech text generated.
2026-10-05 18:58:24,582 | INFO | Speech text exported to C:\Users\f48047b\AppData\Local\Temp\speechai_test_iw6xm_cz\output\speech.txt
2026-10-05 18:58:24,582 | INFO | ============================================================
2026-10-05 18:58:24,582 | INFO | Speech Service
2026-10-05 18:58:24,582 | INFO | ============================================================
2026-10-05 18:58:24,588 | INFO | Characters: 54
2026-10-05 18:58:24,588 | INFO | Provider initialized: Microsoft Edge TTS (Microsoft) v1.1.0
2026-10-05 18:58:24,588 | INFO | Provider: Microsoft Edge TTS (Microsoft) v1.1.0
2026-10-05 18:58:24,588 | INFO | TTS Engine initialized with provider: Microsoft Edge TTS (Microsoft) v1.1.0
2026-10-05 18:58:24,588 | INFO | ============================================================
2026-10-05 18:58:24,588 | INFO | TTS Engine
2026-10-05 18:58:24,588 | INFO | ============================================================
2026-10-05 18:58:24,588 | INFO | Provider.....: EdgeProvider
2026-10-05 18:58:24,588 | INFO | Characters...: 54
2026-10-05 18:58:24,588 | INFO | Output.......: C:\Users\f48047b\AppData\Local\Temp\speechai_test_iw6xm_cz\output\notice_en_2026-10-05_18-58-24.mp3
2026-10-05 18:58:24,589 | INFO | Generating audio...
2026-10-05 18:58:24,589 | INFO | Voice.....: en-US-GuyNeural
2026-10-05 18:58:24,589 | INFO | Rate......: -5%
2026-10-05 18:58:24,589 | INFO | Pitch.....: +1Hz
2026-10-05 18:58:24,589 | INFO | Volume....: +0%
2026-10-05 18:58:26,215 | INFO | Audio generated successfully.
2026-10-05 18:58:26,217 | INFO | TTS finished successfully.
2026-10-05 18:58:26,217 | INFO | Speech synthesis completed.
2026-10-05 18:58:26,217 | INFO | Pipeline finished
2026-10-05 18:58:26,217 | INFO | Processed C:\Users\f48047b\AppData\Local\Temp\speechai_test_iw6xm_cz\input\notice_en.txt -> C:\Users\f48047b\AppData\Local\Temp\speechai_test_iw6xm_cz\output\notice_en_2026-10-05_18-58-24.mp3 (archived at C:\Users\f48047b\AppData\Local\Temp\speechai_test_iw6xm_cz\input\processados\2026-10-05\notice_en.txt)
2026-10-05 18:58:26,217 | INFO | Pipeline started
2026-10-05 18:58:26,218 | INFO | Starting Text Analyzer
2026-10-05 18:58:26,218 | INFO | Loading script...
2026-10-05 18:58:26,225 | ERROR | Failed to process C:\Users\f48047b\AppData\Local\Temp\speechai_test_iw6xm_cz\input\quebrado.txt
Traceback (most recent call last):
  File "D:\Laboratorio de IA\speech-ai\speech-ai\app\script_inbox.py", line 100, in run
    audio = self.app.run(script_file=script)
            ^^^^^^^^^^^^^^^^^^^^^^^^^^^^^^^^
  File "D:\Laboratorio de IA\speech-ai\speech-ai\app\speech_ai_app.py", line 130, in run
    presentation = analyzer.run()
                   ^^^^^^^^^^^^^^
  File "D:\Laboratorio de IA\speech-ai\speech-ai\pipeline\text_analyzer.py", line 242, in run
    self.load()
  File "D:\Laboratorio de IA\speech-ai\speech-ai\pipeline\text_analyzer.py", line 56, in load
    self.raw_text = script.read_text(
                    ^^^^^^^^^^^^^^^^^
  File "C:\Program Files\Python312\Lib\pathlib.py", line 1028, in read_text
    return f.read()
           ^^^^^^^^
  File "<frozen codecs>", line 322, in decode
UnicodeDecodeError: 'utf-8' codec can't decode byte 0xe1 in position 20: invalid continuation byte
2026-10-05 18:58:26,244 | INFO | Pipeline started
2026-10-05 18:58:26,244 | INFO | Starting Text Analyzer
2026-10-05 18:58:26,244 | INFO | Loading script...
2026-10-05 18:58:26,252 | INFO | Normalizing text...
2026-10-05 18:58:26,253 | INFO | Building Presentation...
2026-10-05 18:58:26,253 | INFO | Detecting slides...
2026-10-05 18:58:26,253 | INFO | Calculating statistics...
2026-10-05 18:58:26,253 | INFO | Text Analyzer completed
2026-10-05 18:58:26,253 | INFO | LanguageDetector initialized.
2026-10-05 18:58:26,253 | INFO | VoiceSelector initialized.
2026-10-05 18:58:26,253 | INFO | ============================================================
2026-10-05 18:58:26,253 | INFO | Speech Intelligence Engine
2026-10-05 18:58:26,253 | INFO | ============================================================
2026-10-05 18:58:26,253 | INFO | Starting language detection...
2026-10-05 18:58:26,253 | INFO | Characters: 47
2026-10-05 18:58:26,254 | INFO | Language detected: Portuguese
2026-10-05 18:58:26,254 | INFO | Confidence: 100.00%
2026-10-05 18:58:26,254 | INFO | Detection time: 1.84 ms
2026-10-05 18:58:26,254 | INFO | Language detected: pt
2026-10-05 18:58:26,254 | INFO | Selecting voice for language 'pt' using provider 'edge'.
2026-10-05 18:58:26,254 | INFO | Voice selected successfully: pt-BR-FranciscaNeural (edge)
2026-10-05 18:58:26,254 | INFO | ============================================================
2026-10-05 18:58:26,254 | INFO | Speech Analyzer Started
2026-10-05 18:58:26,254 | INFO | ============================================================
2026-10-05 18:58:26,254 | INFO | ============================================================
2026-10-05 18:58:26,256 | INFO | Speech Analysis Report
2026-10-05 18:58:26,256 | INFO | ============================================================
2026-10-05 18:58:26,256 | INFO | Words.............. 10
2026-10-05 18:58:26,256 | INFO | Sentences.......... 2
2026-10-05 18:58:26,256 | INFO | Paragraphs......... 1
2026-10-05 18:58:26,256 | INFO | Characters......... 47
2026-10-05 18:58:26,256 | INFO | List Items......... 0
2026-10-05 18:58:26,256 | INFO | Numbers............ 0
2026-10-05 18:58:26,256 | INFO | Uppercase Words.... 0
2026-10-05 18:58:26,256 | INFO | Vocabulary Density.. 0.90
2026-10-05 18:58:26,256 | INFO | Complexity......... LOW
2026-10-05 18:58:26,256 | INFO | Reading Style...... Conversational
2026-10-05 18:58:26,256 | INFO | Reading Pace....... Fast
2026-10-05 18:58:26,256 | INFO | Execution Time..... 0.12ms
2026-10-05 18:58:26,256 | INFO | ============================================================
2026-10-05 18:58:26,256 | INFO | Speech Analyzer Completed
2026-10-05 18:58:26,256 | INFO | Calculating speech timing...
2026-10-05 18:58:26,256 | INFO | Complexity..... Low
2026-10-05 18:58:26,256 | INFO | Recommended WPM 145
2026-10-05 18:58:26,256 | INFO | Recommended Rate -5%
2026-10-05 18:58:26,256 | INFO | ============================================================
2026-10-05 18:58:26,256 | INFO | Speech Optimizer
2026-10-05 18:58:26,256 | INFO | ============================================================
2026-10-05 18:58:26,256 | INFO | ============================================================
2026-10-05 18:58:26,256 | INFO | Speech Profile
2026-10-05 18:58:26,256 | INFO | ============================================================
2026-10-05 18:58:26,256 | INFO | Language.......... pt
2026-10-05 18:58:26,256 | INFO | Voice............. pt-BR-FranciscaNeural
2026-10-05 18:58:26,256 | INFO | Provider.......... edge
2026-10-05 18:58:26,256 | INFO | Rate.............. -5%
2026-10-05 18:58:26,256 | INFO | Pitch............. +1Hz
2026-10-05 18:58:26,256 | INFO | Reading Style..... Conversational
2026-10-05 18:58:26,256 | INFO | Pacing............ Fast
2026-10-05 18:58:26,256 | INFO | Complexity........ Low
2026-10-05 18:58:26,256 | INFO | Confidence........ 0.80
2026-10-05 18:58:26,256 | INFO | Optimization Time. 0.09 ms
2026-10-05 18:58:26,256 | INFO | ============================================================
2026-10-05 18:58:26,257 | INFO | Speech Profile generated successfully.
2026-10-05 18:58:26,257 | INFO | Building narration...
2026-10-05 18:58:26,257 | INFO | 1 narration blocks generated.
2026-10-05 18:58:26,257 | INFO | Narration exported to C:\Users\f48047b\AppData\Local\Temp\speechai_test_iw6xm_cz\output\narration.txt
2026-10-05 18:58:26,257 | INFO | Building speech text...
2026-10-05 18:58:26,257 | INFO | Speech text generated.
2026-10-05 18:58:26,258 | INFO | Speech text exported to C:\Users\f48047b\AppData\Local\Temp\speechai_test_iw6xm_cz\output\speech.txt
2026-10-05 18:58:26,258 | INFO | ============================================================
2026-10-05 18:58:26,258 | INFO | Speech Service
2026-10-05 18:58:26,258 | INFO | ============================================================
2026-10-05 18:58:26,264 | INFO | Characters: 56
2026-10-05 18:58:26,264 | INFO | Provider initialized: Microsoft Edge TTS (Microsoft) v1.1.0
2026-10-05 18:58:26,264 | INFO | Provider: Microsoft Edge TTS (Microsoft) v1.1.0
2026-10-05 18:58:26,264 | INFO | TTS Engine initialized with provider: Microsoft Edge TTS (Microsoft) v1.1.0
2026-10-05 18:58:26,264 | INFO | ============================================================
2026-10-05 18:58:26,264 | INFO | TTS Engine
2026-10-05 18:58:26,264 | INFO | ============================================================
2026-10-05 18:58:26,264 | INFO | Provider.....: EdgeProvider
2026-10-05 18:58:26,264 | INFO | Characters...: 56
2026-10-05 18:58:26,264 | INFO | Output.......: C:\Users\f48047b\AppData\Local\Temp\speechai_test_iw6xm_cz\output\SP O Estado de S. Paulo teste_2026-10-05_18-58-26.mp3
2026-10-05 18:58:26,266 | INFO | Generating audio...
2026-10-05 18:58:26,266 | INFO | Voice.....: pt-BR-FranciscaNeural
2026-10-05 18:58:26,266 | INFO | Rate......: -5%
2026-10-05 18:58:26,266 | INFO | Pitch.....: +1Hz
2026-10-05 18:58:26,266 | INFO | Volume....: +0%
2026-10-05 18:58:27,615 | INFO | Audio generated successfully.
2026-10-05 18:58:27,615 | INFO | TTS finished successfully.
2026-10-05 18:58:27,615 | INFO | Speech synthesis completed.
2026-10-05 18:58:27,615 | INFO | Pipeline finished
2026-10-05 18:58:27,622 | INFO | PDF archived: C:\Users\f48047b\AppData\Local\Temp\speechai_test_iw6xm_cz\input\Jornais\processados\2026-10-05\SP O Estado de S. Paulo teste.pdf
2026-10-05 18:58:27,622 | INFO | Processed C:\Users\f48047b\AppData\Local\Temp\speechai_test_iw6xm_cz\input\Jornais\SP O Estado de S. Paulo teste.pdf -> C:\Users\f48047b\AppData\Local\Temp\speechai_test_iw6xm_cz\output\SP O Estado de S. Paulo teste_2026-10-05_18-58-26.mp3 (pdf archived at C:\Users\f48047b\AppData\Local\Temp\speechai_test_iw6xm_cz\input\Jornais\processados\2026-10-05\SP O Estado de S. Paulo teste.pdf)
2026-10-05 18:58:27,623 | INFO | Pipeline started
2026-10-05 18:58:27,624 | INFO | Starting Text Analyzer
2026-10-05 18:58:27,624 | INFO | Loading script...
2026-10-05 18:58:27,631 | INFO | Normalizing text...
2026-10-05 18:58:27,631 | INFO | Building Presentation...
2026-10-05 18:58:27,631 | INFO | Detecting slides...
2026-10-05 18:58:27,631 | INFO | Calculating statistics...
2026-10-05 18:58:27,631 | INFO | Text Analyzer completed
2026-10-05 18:58:27,631 | INFO | LanguageDetector initialized.
2026-10-05 18:58:27,631 | INFO | VoiceSelector initialized.
2026-10-05 18:58:27,631 | INFO | ============================================================
2026-10-05 18:58:27,631 | INFO | Speech Intelligence Engine
2026-10-05 18:58:27,631 | INFO | ============================================================
2026-10-05 18:58:27,631 | INFO | Starting language detection...
2026-10-05 18:58:27,631 | INFO | Characters: 42
2026-10-05 18:58:27,635 | INFO | Language detected: Portuguese
2026-10-05 18:58:27,635 | INFO | Confidence: 100.00%
2026-10-05 18:58:27,635 | INFO | Detection time: 3.90 ms
2026-10-05 18:58:27,635 | INFO | Language detected: pt
2026-10-05 18:58:27,635 | INFO | Selecting voice for language 'pt' using provider 'edge'.
2026-10-05 18:58:27,635 | INFO | Voice selected successfully: pt-BR-FranciscaNeural (edge)
2026-10-05 18:58:27,635 | INFO | ============================================================
2026-10-05 18:58:27,635 | INFO | Speech Analyzer Started
2026-10-05 18:58:27,635 | INFO | ============================================================
2026-10-05 18:58:27,635 | INFO | ============================================================
2026-10-05 18:58:27,635 | INFO | Speech Analysis Report
2026-10-05 18:58:27,635 | INFO | ============================================================
2026-10-05 18:58:27,635 | INFO | Words.............. 7
2026-10-05 18:58:27,635 | INFO | Sentences.......... 1
2026-10-05 18:58:27,635 | INFO | Paragraphs......... 1
2026-10-05 18:58:27,635 | INFO | Characters......... 42
2026-10-05 18:58:27,635 | INFO | List Items......... 0
2026-10-05 18:58:27,635 | INFO | Numbers............ 0
2026-10-05 18:58:27,635 | INFO | Uppercase Words.... 0
2026-10-05 18:58:27,635 | INFO | Vocabulary Density.. 1.00
2026-10-05 18:58:27,635 | INFO | Complexity......... MEDIUM
2026-10-05 18:58:27,635 | INFO | Reading Style...... Conversational
2026-10-05 18:58:27,635 | INFO | Reading Pace....... Fast
2026-10-05 18:58:27,635 | INFO | Execution Time..... 0.11ms
2026-10-05 18:58:27,635 | INFO | ============================================================
2026-10-05 18:58:27,635 | INFO | Speech Analyzer Completed
2026-10-05 18:58:27,635 | INFO | Calculating speech timing...
2026-10-05 18:58:27,635 | INFO | Complexity..... Low
2026-10-05 18:58:27,635 | INFO | Recommended WPM 145
2026-10-05 18:58:27,635 | INFO | Recommended Rate -5%
2026-10-05 18:58:27,635 | INFO | ============================================================
2026-10-05 18:58:27,635 | INFO | Speech Optimizer
2026-10-05 18:58:27,636 | INFO | ============================================================
2026-10-05 18:58:27,636 | INFO | ============================================================
2026-10-05 18:58:27,636 | INFO | Speech Profile
2026-10-05 18:58:27,636 | INFO | ============================================================
2026-10-05 18:58:27,636 | INFO | Language.......... pt
2026-10-05 18:58:27,636 | INFO | Voice............. pt-BR-FranciscaNeural
2026-10-05 18:58:27,636 | INFO | Provider.......... edge
2026-10-05 18:58:27,636 | INFO | Rate.............. -5%
2026-10-05 18:58:27,636 | INFO | Pitch............. +1Hz
2026-10-05 18:58:27,636 | INFO | Reading Style..... Conversational
2026-10-05 18:58:27,636 | INFO | Pacing............ Fast
2026-10-05 18:58:27,636 | INFO | Complexity........ Low
2026-10-05 18:58:27,636 | INFO | Confidence........ 0.80
2026-10-05 18:58:27,636 | INFO | Optimization Time. 0.08 ms
2026-10-05 18:58:27,636 | INFO | ============================================================
2026-10-05 18:58:27,636 | INFO | Speech Profile generated successfully.
2026-10-05 18:58:27,636 | INFO | Building narration...
2026-10-05 18:58:27,636 | INFO | 1 narration blocks generated.
2026-10-05 18:58:27,636 | INFO | Narration exported to C:\Users\f48047b\AppData\Local\Temp\speechai_test_iw6xm_cz\output\narration.txt
2026-10-05 18:58:27,636 | INFO | Building speech text...
2026-10-05 18:58:27,636 | INFO | Speech text generated.
2026-10-05 18:58:27,637 | INFO | Speech text exported to C:\Users\f48047b\AppData\Local\Temp\speechai_test_iw6xm_cz\output\speech.txt
2026-10-05 18:58:27,637 | INFO | ============================================================
2026-10-05 18:58:27,637 | INFO | Speech Service
2026-10-05 18:58:27,637 | INFO | ============================================================
2026-10-05 18:58:27,642 | INFO | Characters: 51
2026-10-05 18:58:27,642 | INFO | Provider initialized: Microsoft Edge TTS (Microsoft) v1.1.0
2026-10-05 18:58:27,642 | INFO | Provider: Microsoft Edge TTS (Microsoft) v1.1.0
2026-10-05 18:58:27,642 | INFO | TTS Engine initialized with provider: Microsoft Edge TTS (Microsoft) v1.1.0
2026-10-05 18:58:27,642 | INFO | ============================================================
2026-10-05 18:58:27,642 | INFO | TTS Engine
2026-10-05 18:58:27,642 | INFO | ============================================================
2026-10-05 18:58:27,642 | INFO | Provider.....: EdgeProvider
2026-10-05 18:58:27,642 | INFO | Characters...: 51
2026-10-05 18:58:27,642 | INFO | Output.......: C:\Users\f48047b\AppData\Local\Temp\speechai_test_iw6xm_cz\output\Valor Econômico- teste_2026-10-05_18-58-27.mp3
2026-10-05 18:58:27,666 | INFO | Generating audio...
2026-10-05 18:58:27,666 | INFO | Voice.....: pt-BR-FranciscaNeural
2026-10-05 18:58:27,666 | INFO | Rate......: -5%
2026-10-05 18:58:27,666 | INFO | Pitch.....: +1Hz
2026-10-05 18:58:27,666 | INFO | Volume....: +0%
2026-10-05 18:58:29,396 | INFO | Audio generated successfully.
2026-10-05 18:58:29,398 | INFO | TTS finished successfully.
2026-10-05 18:58:29,398 | INFO | Speech synthesis completed.
2026-10-05 18:58:29,398 | INFO | Pipeline finished
2026-10-05 18:58:29,398 | INFO | PDF archived: C:\Users\f48047b\AppData\Local\Temp\speechai_test_iw6xm_cz\input\Jornais\processados\2026-10-05\Valor Econômico- teste.pdf
2026-10-05 18:58:29,398 | INFO | Processed C:\Users\f48047b\AppData\Local\Temp\speechai_test_iw6xm_cz\input\Jornais\Valor Econômico- teste.pdf -> C:\Users\f48047b\AppData\Local\Temp\speechai_test_iw6xm_cz\output\Valor Econômico- teste_2026-10-05_18-58-27.mp3 (pdf archived at C:\Users\f48047b\AppData\Local\Temp\speechai_test_iw6xm_cz\input\Jornais\processados\2026-10-05\Valor Econômico- teste.pdf)
2026-10-05 18:58:30,400 | INFO | Pipeline started
2026-10-05 18:58:30,400 | INFO | Starting Text Analyzer
2026-10-05 18:58:30,400 | INFO | Loading script...
2026-10-05 18:58:30,400 | INFO | Normalizing text...
2026-10-05 18:58:30,400 | INFO | Building Presentation...
2026-10-05 18:58:30,400 | INFO | Detecting slides...
2026-10-05 18:58:30,400 | INFO | Calculating statistics...
2026-10-05 18:58:30,400 | INFO | Text Analyzer completed
2026-10-05 18:58:30,400 | INFO | LanguageDetector initialized.
2026-10-05 18:58:30,400 | INFO | VoiceSelector initialized.
2026-10-05 18:58:30,400 | INFO | ============================================================
2026-10-05 18:58:30,400 | INFO | Speech Intelligence Engine
2026-10-05 18:58:30,400 | INFO | ============================================================
2026-10-05 18:58:30,400 | INFO | Starting language detection...
2026-10-05 18:58:30,400 | INFO | Characters: 47
2026-10-05 18:58:30,403 | INFO | Language detected: Portuguese
2026-10-05 18:58:30,403 | INFO | Confidence: 100.00%
2026-10-05 18:58:30,403 | INFO | Detection time: 1.94 ms
2026-10-05 18:58:30,403 | INFO | Language detected: pt
2026-10-05 18:58:30,403 | INFO | Selecting voice for language 'pt' using provider 'edge'.
2026-10-05 18:58:30,403 | INFO | Voice selected successfully: pt-BR-FranciscaNeural (edge)
2026-10-05 18:58:30,403 | INFO | ============================================================
2026-10-05 18:58:30,403 | INFO | Speech Analyzer Started
2026-10-05 18:58:30,403 | INFO | ============================================================
2026-10-05 18:58:30,403 | INFO | ============================================================
2026-10-05 18:58:30,403 | INFO | Speech Analysis Report
2026-10-05 18:58:30,403 | INFO | ============================================================
2026-10-05 18:58:30,403 | INFO | Words.............. 10
2026-10-05 18:58:30,403 | INFO | Sentences.......... 2
2026-10-05 18:58:30,403 | INFO | Paragraphs......... 1
2026-10-05 18:58:30,403 | INFO | Characters......... 47
2026-10-05 18:58:30,403 | INFO | List Items......... 0
2026-10-05 18:58:30,403 | INFO | Numbers............ 0
2026-10-05 18:58:30,403 | INFO | Uppercase Words.... 0
2026-10-05 18:58:30,403 | INFO | Vocabulary Density.. 0.90
2026-10-05 18:58:30,403 | INFO | Complexity......... LOW
2026-10-05 18:58:30,403 | INFO | Reading Style...... Conversational
2026-10-05 18:58:30,403 | INFO | Reading Pace....... Fast
2026-10-05 18:58:30,404 | INFO | Execution Time..... 0.12ms
2026-10-05 18:58:30,404 | INFO | ============================================================
2026-10-05 18:58:30,404 | INFO | Speech Analyzer Completed
2026-10-05 18:58:30,404 | INFO | Calculating speech timing...
2026-10-05 18:58:30,404 | INFO | Complexity..... Low
2026-10-05 18:58:30,404 | INFO | Recommended WPM 145
2026-10-05 18:58:30,404 | INFO | Recommended Rate -5%
2026-10-05 18:58:30,404 | INFO | ============================================================
2026-10-05 18:58:30,404 | INFO | Speech Optimizer
2026-10-05 18:58:30,404 | INFO | ============================================================
2026-10-05 18:58:30,404 | INFO | ============================================================
2026-10-05 18:58:30,404 | INFO | Speech Profile
2026-10-05 18:58:30,404 | INFO | ============================================================
2026-10-05 18:58:30,404 | INFO | Language.......... pt
2026-10-05 18:58:30,404 | INFO | Voice............. pt-BR-FranciscaNeural
2026-10-05 18:58:30,404 | INFO | Provider.......... edge
2026-10-05 18:58:30,404 | INFO | Rate.............. -5%
2026-10-05 18:58:30,404 | INFO | Pitch............. +1Hz
2026-10-05 18:58:30,404 | INFO | Reading Style..... Conversational
2026-10-05 18:58:30,404 | INFO | Pacing............ Fast
2026-10-05 18:58:30,404 | INFO | Complexity........ Low
2026-10-05 18:58:30,404 | INFO | Confidence........ 0.80
2026-10-05 18:58:30,404 | INFO | Optimization Time. 0.15 ms
2026-10-05 18:58:30,404 | INFO | ============================================================
2026-10-05 18:58:30,405 | INFO | Speech Profile generated successfully.
2026-10-05 18:58:30,405 | INFO | Building narration...
2026-10-05 18:58:30,405 | INFO | 1 narration blocks generated.
2026-10-05 18:58:30,405 | INFO | Narration exported to C:\Users\f48047b\AppData\Local\Temp\speechai_test_iw6xm_cz\output\narration.txt
2026-10-05 18:58:30,405 | INFO | Building speech text...
2026-10-05 18:58:30,405 | INFO | Speech text generated.
2026-10-05 18:58:30,407 | INFO | Speech text exported to C:\Users\f48047b\AppData\Local\Temp\speechai_test_iw6xm_cz\output\speech.txt
2026-10-05 18:58:30,407 | INFO | ============================================================
2026-10-05 18:58:30,407 | INFO | Speech Service
2026-10-05 18:58:30,407 | INFO | ============================================================
2026-10-05 18:58:30,409 | INFO | Characters: 56
2026-10-05 18:58:30,409 | INFO | Provider initialized: Microsoft Edge TTS (Microsoft) v1.1.0
2026-10-05 18:58:30,409 | INFO | Provider: Microsoft Edge TTS (Microsoft) v1.1.0
2026-10-05 18:58:30,409 | INFO | TTS Engine initialized with provider: Microsoft Edge TTS (Microsoft) v1.1.0
2026-10-05 18:58:30,409 | INFO | ============================================================
2026-10-05 18:58:30,409 | INFO | TTS Engine
2026-10-05 18:58:30,409 | INFO | ============================================================
2026-10-05 18:58:30,409 | INFO | Provider.....: EdgeProvider
2026-10-05 18:58:30,409 | INFO | Characters...: 56
2026-10-05 18:58:30,409 | INFO | Output.......: C:\Users\f48047b\AppData\Local\Temp\speechai_test_iw6xm_cz\output\O Estado de S. Paulo - 05-10-2026_2026-10-05_18-58-30.mp3
2026-10-05 18:58:30,410 | INFO | Generating audio...
2026-10-05 18:58:30,410 | INFO | Voice.....: pt-BR-FranciscaNeural
2026-10-05 18:58:30,410 | INFO | Rate......: -5%
2026-10-05 18:58:30,410 | INFO | Pitch.....: +1Hz
2026-10-05 18:58:30,410 | INFO | Volume....: +0%
2026-10-05 18:58:31,589 | INFO | Audio generated successfully.
2026-10-05 18:58:31,591 | INFO | TTS finished successfully.
2026-10-05 18:58:31,591 | INFO | Speech synthesis completed.
2026-10-05 18:58:31,591 | INFO | Pipeline finished
2026-10-05 19:00:48,299 | INFO | Loading Voice Profiles...
2026-10-05 19:00:48,299 | INFO | Loaded 4 Voice Profiles.
2026-10-05 19:00:48,299 | INFO | Loading Voice Profiles...
2026-10-05 19:00:48,299 | INFO | Loaded 4 Voice Profiles.
2026-10-05 19:00:48,299 | INFO | Loading Voice Profiles...
2026-10-05 19:00:48,299 | INFO | Loaded 4 Voice Profiles.
2026-10-05 19:00:48,306 | INFO | Loading Voice Profiles...
2026-10-05 19:00:48,308 | INFO | Loaded 4 Voice Profiles.
2026-10-05 19:00:48,308 | INFO | Loading Voice Profiles...
2026-10-05 19:00:48,308 | INFO | Loaded 4 Voice Profiles.
2026-10-05 19:01:37,411 | INFO | Pipeline started
2026-10-05 19:01:37,411 | INFO | Starting Text Analyzer
2026-10-05 19:01:37,411 | INFO | Loading script...
2026-10-05 19:01:37,411 | INFO | Normalizing text...
2026-10-05 19:01:37,412 | INFO | Building Presentation...
2026-10-05 19:01:37,412 | INFO | Detecting slides...
2026-10-05 19:01:37,412 | INFO | Calculating statistics...
2026-10-05 19:01:37,413 | INFO | Text Analyzer completed
2026-10-05 19:01:37,413 | INFO | LanguageDetector initialized.
2026-10-05 19:01:37,413 | INFO | VoiceSelector initialized.
2026-10-05 19:01:37,413 | INFO | ============================================================
2026-10-05 19:01:37,413 | INFO | Speech Intelligence Engine
2026-10-05 19:01:37,413 | INFO | ============================================================
2026-10-05 19:01:37,413 | INFO | Starting language detection...
2026-10-05 19:01:37,413 | INFO | Characters: 5587
2026-10-05 19:01:37,597 | INFO | Language detected: Portuguese
2026-10-05 19:01:37,597 | INFO | Confidence: 100.00%
2026-10-05 19:01:37,597 | INFO | Detection time: 183.82 ms
2026-10-05 19:01:37,597 | INFO | Language detected: pt
2026-10-05 19:01:37,597 | INFO | Selecting voice for language 'pt' using provider 'edge'.
2026-10-05 19:01:37,597 | INFO | Voice selected successfully: pt-BR-FranciscaNeural (edge)
2026-10-05 19:01:37,597 | INFO | ============================================================
2026-10-05 19:01:37,597 | INFO | Speech Analyzer Started
2026-10-05 19:01:37,597 | INFO | ============================================================
2026-10-05 19:01:37,597 | INFO | ============================================================
2026-10-05 19:01:37,597 | INFO | Speech Analysis Report
2026-10-05 19:01:37,597 | INFO | ============================================================
2026-10-05 19:01:37,597 | INFO | Words.............. 1008
2026-10-05 19:01:37,597 | INFO | Sentences.......... 75
2026-10-05 19:01:37,597 | INFO | Paragraphs......... 21
2026-10-05 19:01:37,597 | INFO | Characters......... 5607
2026-10-05 19:01:37,597 | INFO | List Items......... 0
2026-10-05 19:01:37,597 | INFO | Numbers............ 73
2026-10-05 19:01:37,597 | INFO | Uppercase Words.... 13
2026-10-05 19:01:37,597 | INFO | Vocabulary Density.. 0.49
2026-10-05 19:01:37,597 | INFO | Complexity......... MEDIUM
2026-10-05 19:01:37,597 | INFO | Reading Style...... Presentation
2026-10-05 19:01:37,597 | INFO | Reading Pace....... Normal
2026-10-05 19:01:37,597 | INFO | Execution Time..... 0.82ms
2026-10-05 19:01:37,597 | INFO | ============================================================
2026-10-05 19:01:37,597 | INFO | Speech Analyzer Completed
2026-10-05 19:01:37,597 | INFO | Calculating speech timing...
2026-10-05 19:01:37,597 | INFO | Complexity..... Low
2026-10-05 19:01:37,597 | INFO | Recommended WPM 145
2026-10-05 19:01:37,597 | INFO | Recommended Rate -5%
2026-10-05 19:01:37,597 | INFO | ============================================================
2026-10-05 19:01:37,597 | INFO | Speech Optimizer
2026-10-05 19:01:37,597 | INFO | ============================================================
2026-10-05 19:01:37,597 | INFO | ============================================================
2026-10-05 19:01:37,597 | INFO | Speech Profile
2026-10-05 19:01:37,597 | INFO | ============================================================
2026-10-05 19:01:37,597 | INFO | Language.......... pt
2026-10-05 19:01:37,597 | INFO | Voice............. pt-BR-FranciscaNeural
2026-10-05 19:01:37,597 | INFO | Provider.......... edge
2026-10-05 19:01:37,597 | INFO | Rate.............. -5%
2026-10-05 19:01:37,599 | INFO | Pitch............. +1Hz
2026-10-05 19:01:37,599 | INFO | Reading Style..... Conversational
2026-10-05 19:01:37,599 | INFO | Pacing............ Fast
2026-10-05 19:01:37,599 | INFO | Complexity........ Low
2026-10-05 19:01:37,599 | INFO | Confidence........ 1.00
2026-10-05 19:01:37,599 | INFO | Optimization Time. 0.08 ms
2026-10-05 19:01:37,599 | INFO | ============================================================
2026-10-05 19:01:37,599 | INFO | Speech Profile generated successfully.
2026-10-05 19:01:37,599 | INFO | Building narration...
2026-10-05 19:01:37,599 | INFO | 1 narration blocks generated.
2026-10-05 19:01:37,599 | INFO | Narration exported to D:\Laboratorio de IA\speech-ai\speech-ai\output\narration.txt
2026-10-05 19:01:37,599 | INFO | Building speech text...
2026-10-05 19:01:37,599 | INFO | Speech text generated.
2026-10-05 19:01:37,599 | INFO | Speech text exported to D:\Laboratorio de IA\speech-ai\speech-ai\output\speech.txt
2026-10-05 19:01:37,599 | INFO | ============================================================
2026-10-05 19:01:37,599 | INFO | Speech Service
2026-10-05 19:01:37,599 | INFO | ============================================================
2026-10-05 19:01:37,599 | INFO | Characters: 6173
2026-10-05 19:01:37,599 | INFO | Provider initialized: Microsoft Edge TTS (Microsoft) v1.1.0
2026-10-05 19:01:37,599 | INFO | Provider: Microsoft Edge TTS (Microsoft) v1.1.0
2026-10-05 19:01:37,599 | INFO | TTS Engine initialized with provider: Microsoft Edge TTS (Microsoft) v1.1.0
2026-10-05 19:01:37,599 | INFO | ============================================================
2026-10-05 19:01:37,599 | INFO | TTS Engine
2026-10-05 19:01:37,599 | INFO | ============================================================
2026-10-05 19:01:37,599 | INFO | Provider.....: EdgeProvider
2026-10-05 19:01:37,599 | INFO | Characters...: 6173
2026-10-05 19:01:37,599 | INFO | Output.......: D:\Laboratorio de IA\speech-ai\speech-ai\output\script_2026-10-05_19-01-37.mp3
2026-10-05 19:01:37,599 | INFO | Generating audio...
2026-10-05 19:01:37,599 | INFO | Voice.....: pt-BR-FranciscaNeural
2026-10-05 19:01:37,599 | INFO | Rate......: -5%
2026-10-05 19:01:37,599 | INFO | Pitch.....: +1Hz
2026-10-05 19:01:37,599 | INFO | Volume....: +0%
2026-10-05 19:02:10,476 | INFO | Audio generated successfully.
2026-10-05 19:02:10,488 | INFO | TTS finished successfully.
2026-10-05 19:02:10,489 | INFO | Speech synthesis completed.
2026-10-05 19:02:10,490 | INFO | Pipeline finished
2026-10-05 19:02:10,491 | INFO | Processed D:\Laboratorio de IA\speech-ai\speech-ai\input\script.txt -> D:\Laboratorio de IA\speech-ai\speech-ai\output\script_2026-10-05_19-01-37.mp3 (archived at D:\Laboratorio de IA\speech-ai\speech-ai\input\processados\2026-10-05\script.txt)
2026-10-05 19:02:31,228 | INFO | Running skill 'valor-economico' on D:\Laboratorio de IA\speech-ai\speech-ai\input\Jornais\Valor Econômico- HD \u2010 03 a 051026.pdf (log: D:\Laboratorio de IA\speech-ai\speech-ai\logs\skills\valor-economico_20261005_190231.jsonl)
2026-10-05 19:16:50,602 | INFO | Skill 'valor-economico' finished in 14.2 min
2026-10-05 19:16:50,602 | INFO | Pipeline started
2026-10-05 19:16:50,602 | INFO | Starting Text Analyzer
2026-10-05 19:16:50,602 | INFO | Loading script...
2026-10-05 19:16:50,612 | INFO | Normalizing text...
2026-10-05 19:16:50,612 | INFO | Building Presentation...
2026-10-05 19:16:50,612 | INFO | Detecting slides...
2026-10-05 19:16:50,612 | INFO | Calculating statistics...
2026-10-05 19:16:50,614 | INFO | Text Analyzer completed
2026-10-05 19:16:50,614 | INFO | LanguageDetector initialized.
2026-10-05 19:16:50,614 | INFO | VoiceSelector initialized.
2026-10-05 19:16:50,614 | INFO | ============================================================
2026-10-05 19:16:50,614 | INFO | Speech Intelligence Engine
2026-10-05 19:16:50,614 | INFO | ============================================================
2026-10-05 19:16:50,614 | INFO | Starting language detection...
2026-10-05 19:16:50,614 | INFO | Characters: 6353
2026-10-05 19:16:50,844 | INFO | Language detected: Portuguese
2026-10-05 19:16:50,844 | INFO | Confidence: 100.00%
2026-10-05 19:16:50,844 | INFO | Detection time: 231.26 ms
2026-10-05 19:16:50,844 | INFO | Language detected: pt
2026-10-05 19:16:50,844 | INFO | Selecting voice for language 'pt' using provider 'edge'.
2026-10-05 19:16:50,844 | INFO | Voice selected successfully: pt-BR-FranciscaNeural (edge)
2026-10-05 19:16:50,844 | INFO | ============================================================
2026-10-05 19:16:50,844 | INFO | Speech Analyzer Started
2026-10-05 19:16:50,844 | INFO | ============================================================
2026-10-05 19:16:50,844 | INFO | ============================================================
2026-10-05 19:16:50,844 | INFO | Speech Analysis Report
2026-10-05 19:16:50,844 | INFO | ============================================================
2026-10-05 19:16:50,844 | INFO | Words.............. 1106
2026-10-05 19:16:50,844 | INFO | Sentences.......... 76
2026-10-05 19:16:50,844 | INFO | Paragraphs......... 24
2026-10-05 19:16:50,844 | INFO | Characters......... 6376
2026-10-05 19:16:50,844 | INFO | List Items......... 0
2026-10-05 19:16:50,844 | INFO | Numbers............ 69
2026-10-05 19:16:50,844 | INFO | Uppercase Words.... 11
2026-10-05 19:16:50,844 | INFO | Vocabulary Density.. 0.48
2026-10-05 19:16:50,844 | INFO | Complexity......... MEDIUM
2026-10-05 19:16:50,844 | INFO | Reading Style...... Presentation
2026-10-05 19:16:50,844 | INFO | Reading Pace....... Normal
2026-10-05 19:16:50,844 | INFO | Execution Time..... 0.85ms
2026-10-05 19:16:50,844 | INFO | ============================================================
2026-10-05 19:16:50,844 | INFO | Speech Analyzer Completed
2026-10-05 19:16:50,844 | INFO | Calculating speech timing...
2026-10-05 19:16:50,844 | INFO | Complexity..... Low
2026-10-05 19:16:50,844 | INFO | Recommended WPM 145
2026-10-05 19:16:50,844 | INFO | Recommended Rate -5%
2026-10-05 19:16:50,844 | INFO | ============================================================
2026-10-05 19:16:50,848 | INFO | Speech Optimizer
2026-10-05 19:16:50,848 | INFO | ============================================================
2026-10-05 19:16:50,848 | INFO | ============================================================
2026-10-05 19:16:50,848 | INFO | Speech Profile
2026-10-05 19:16:50,848 | INFO | ============================================================
2026-10-05 19:16:50,848 | INFO | Language.......... pt
2026-10-05 19:16:50,848 | INFO | Voice............. pt-BR-FranciscaNeural
2026-10-05 19:16:50,848 | INFO | Provider.......... edge
2026-10-05 19:16:50,848 | INFO | Rate.............. -5%
2026-10-05 19:16:50,848 | INFO | Pitch............. +1Hz
2026-10-05 19:16:50,848 | INFO | Reading Style..... Business
2026-10-05 19:16:50,848 | INFO | Pacing............ Fast
2026-10-05 19:16:50,848 | INFO | Complexity........ Low
2026-10-05 19:16:50,848 | INFO | Confidence........ 1.00
2026-10-05 19:16:50,848 | INFO | Optimization Time. 0.10 ms
2026-10-05 19:16:50,848 | INFO | ============================================================
2026-10-05 19:16:50,848 | INFO | Speech Profile generated successfully.
2026-10-05 19:16:50,849 | INFO | Building narration...
2026-10-05 19:16:50,849 | INFO | 1 narration blocks generated.
2026-10-05 19:16:50,851 | INFO | Narration exported to D:\Laboratorio de IA\speech-ai\speech-ai\output\narration.txt
2026-10-05 19:16:50,851 | INFO | Building speech text...
2026-10-05 19:16:50,851 | INFO | Speech text generated.
2026-10-05 19:16:50,851 | INFO | Speech text exported to D:\Laboratorio de IA\speech-ai\speech-ai\output\speech.txt
2026-10-05 19:16:50,851 | INFO | ============================================================
2026-10-05 19:16:50,851 | INFO | Speech Service
2026-10-05 19:16:50,851 | INFO | ============================================================
2026-10-05 19:16:50,862 | INFO | Characters: 7052
2026-10-05 19:16:50,862 | INFO | Provider initialized: Microsoft Edge TTS (Microsoft) v1.1.0
2026-10-05 19:16:50,862 | INFO | Provider: Microsoft Edge TTS (Microsoft) v1.1.0
2026-10-05 19:16:50,862 | INFO | TTS Engine initialized with provider: Microsoft Edge TTS (Microsoft) v1.1.0
2026-10-05 19:16:50,862 | INFO | ============================================================
2026-10-05 19:16:50,862 | INFO | TTS Engine
2026-10-05 19:16:50,862 | INFO | ============================================================
2026-10-05 19:16:50,862 | INFO | Provider.....: EdgeProvider
2026-10-05 19:16:50,863 | INFO | Characters...: 7052
2026-10-05 19:16:50,863 | INFO | Output.......: D:\Laboratorio de IA\speech-ai\speech-ai\output\Valor Econômico- HD \u2010 03 a 051026_2026-10-05_19-16-50.mp3
2026-10-05 19:16:50,864 | INFO | Generating audio...
2026-10-05 19:16:50,864 | INFO | Voice.....: pt-BR-FranciscaNeural
2026-10-05 19:16:50,864 | INFO | Rate......: -5%
2026-10-05 19:16:50,864 | INFO | Pitch.....: +1Hz
2026-10-05 19:16:50,864 | INFO | Volume....: +0%
2026-10-05 19:17:50,502 | INFO | Audio generated successfully.
2026-10-05 19:17:50,502 | INFO | TTS finished successfully.
2026-10-05 19:17:50,502 | INFO | Speech synthesis completed.
2026-10-05 19:17:50,502 | INFO | Pipeline finished
2026-10-05 19:17:50,502 | INFO | PDF archived: D:\Laboratorio de IA\speech-ai\speech-ai\input\Jornais\processados\2026-10-05\Valor Econômico- HD \u2010 03 a 051026.pdf
2026-10-05 19:17:50,502 | INFO | Processed D:\Laboratorio de IA\speech-ai\speech-ai\input\Jornais\Valor Econômico- HD \u2010 03 a 051026.pdf -> D:\Laboratorio de IA\speech-ai\speech-ai\output\Valor Econômico- HD \u2010 03 a 051026_2026-10-05_19-16-50.mp3 (pdf archived at D:\Laboratorio de IA\speech-ai\speech-ai\input\Jornais\processados\2026-10-05\Valor Econômico- HD \u2010 03 a 051026.pdf)
2026-10-05 19:30:38,903 | INFO | Running skill 'estado-de-sp' on D:\Laboratorio de IA\speech-ai\speech-ai\input\Jornais\SP O Estado de S Paulo- 021026.pdf (log: D:\Laboratorio de IA\speech-ai\speech-ai\logs\skills\estado-de-sp_20261005_193038.jsonl)
2026-10-05 19:34:15,502 | ERROR | Failed to process D:\Laboratorio de IA\speech-ai\speech-ai\input\Jornais\SP O Estado de S Paulo- 021026.pdf
Traceback (most recent call last):
  File "D:\Laboratorio de IA\speech-ai\speech-ai\skill_bridge\skill_pipeline.py", line 106, in run_inbox
    audio = self.run(skill.name, pdf)
            ^^^^^^^^^^^^^^^^^^^^^^^^^
  File "D:\Laboratorio de IA\speech-ai\speech-ai\skill_bridge\skill_pipeline.py", line 158, in run
    self.runner.run(skill, Path(pdf))
  File "D:\Laboratorio de IA\speech-ai\speech-ai\skill_bridge\skill_runner.py", line 308, in run
    raise RuntimeError(
RuntimeError: Skill 'estado-de-sp' failed (exit code 1). See D:\Laboratorio de IA\speech-ai\speech-ai\logs\skills\estado-de-sp_20261005_193038.jsonl
2026-10-06 07:44:34,705 | INFO | AI call destaque 1 finished in 79.0s
2026-10-06 07:44:51,710 | INFO | AI call destaque 3 finished in 96.0s
2026-10-06 07:45:05,438 | INFO | AI call destaque 2 finished in 109.8s
2026-10-06 07:45:16,589 | INFO | AI call capa finished in 11.2s
2026-10-06 07:45:21,614 | INFO | Fast pipeline Valor Econômico finished in 127.7s (US$ 6.62)
2026-10-06 07:45:21,614 | INFO | Pipeline started
2026-10-06 07:45:21,614 | INFO | Starting Text Analyzer
2026-10-06 07:45:21,614 | INFO | Loading script...
2026-10-06 07:45:21,624 | INFO | Normalizing text...
2026-10-06 07:45:21,625 | INFO | Building Presentation...
2026-10-06 07:45:21,625 | INFO | Detecting slides...
2026-10-06 07:45:21,626 | INFO | Calculating statistics...
2026-10-06 07:45:21,627 | INFO | Text Analyzer completed
2026-10-06 07:45:21,627 | INFO | LanguageDetector initialized.
2026-10-06 07:45:21,627 | INFO | VoiceSelector initialized.
2026-10-06 07:45:21,627 | INFO | ============================================================
2026-10-06 07:45:21,627 | INFO | Speech Intelligence Engine
2026-10-06 07:45:21,627 | INFO | ============================================================
2026-10-06 07:45:21,627 | INFO | Starting language detection...
2026-10-06 07:45:21,627 | INFO | Characters: 6462
2026-10-06 07:45:22,604 | INFO | Language detected: Portuguese
2026-10-06 07:45:22,604 | INFO | Confidence: 100.00%
2026-10-06 07:45:22,604 | INFO | Detection time: 983.68 ms
2026-10-06 07:45:22,604 | INFO | Language detected: pt
2026-10-06 07:45:22,604 | INFO | Selecting voice for language 'pt' using provider 'edge'.
2026-10-06 07:45:22,604 | INFO | Voice selected successfully: pt-BR-FranciscaNeural (edge)
2026-10-06 07:45:22,604 | INFO | ============================================================
2026-10-06 07:45:22,604 | INFO | Speech Analyzer Started
2026-10-06 07:45:22,604 | INFO | ============================================================
2026-10-06 07:45:22,604 | INFO | ============================================================
2026-10-06 07:45:22,604 | INFO | Speech Analysis Report
2026-10-06 07:45:22,604 | INFO | ============================================================
2026-10-06 07:45:22,604 | INFO | Words.............. 1158
2026-10-06 07:45:22,604 | INFO | Sentences.......... 91
2026-10-06 07:45:22,604 | INFO | Paragraphs......... 25
2026-10-06 07:45:22,604 | INFO | Characters......... 6486
2026-10-06 07:45:22,604 | INFO | List Items......... 0
2026-10-06 07:45:22,604 | INFO | Numbers............ 96
2026-10-06 07:45:22,604 | INFO | Uppercase Words.... 19
2026-10-06 07:45:22,604 | INFO | Vocabulary Density.. 0.46
2026-10-06 07:45:22,604 | INFO | Complexity......... MEDIUM
2026-10-06 07:45:22,604 | INFO | Reading Style...... Presentation
2026-10-06 07:45:22,604 | INFO | Reading Pace....... Normal
2026-10-06 07:45:22,604 | INFO | Execution Time..... 0.99ms
2026-10-06 07:45:22,604 | INFO | ============================================================
2026-10-06 07:45:22,604 | INFO | Speech Analyzer Completed
2026-10-06 07:45:22,604 | INFO | Calculating speech timing...
2026-10-06 07:45:22,604 | INFO | Complexity..... Low
2026-10-06 07:45:22,604 | INFO | Recommended WPM 145
2026-10-06 07:45:22,604 | INFO | Recommended Rate -5%
2026-10-06 07:45:22,604 | INFO | ============================================================
2026-10-06 07:45:22,604 | INFO | Speech Optimizer
2026-10-06 07:45:22,604 | INFO | ============================================================
2026-10-06 07:45:22,604 | INFO | ============================================================
2026-10-06 07:45:22,604 | INFO | Speech Profile
2026-10-06 07:45:22,604 | INFO | ============================================================
2026-10-06 07:45:22,604 | INFO | Language.......... pt
2026-10-06 07:45:22,604 | INFO | Voice............. pt-BR-FranciscaNeural
2026-10-06 07:45:22,604 | INFO | Provider.......... edge
2026-10-06 07:45:22,604 | INFO | Rate.............. -5%
2026-10-06 07:45:22,604 | INFO | Pitch............. +1Hz
2026-10-06 07:45:22,604 | INFO | Reading Style..... Conversational
2026-10-06 07:45:22,604 | INFO | Pacing............ Fast
2026-10-06 07:45:22,604 | INFO | Complexity........ Low
2026-10-06 07:45:22,604 | INFO | Confidence........ 1.00
2026-10-06 07:45:22,604 | INFO | Optimization Time. 0.10 ms
2026-10-06 07:45:22,604 | INFO | ============================================================
2026-10-06 07:45:22,604 | INFO | Speech Profile generated successfully.
2026-10-06 07:45:22,604 | INFO | Building narration...
2026-10-06 07:45:22,604 | INFO | 1 narration blocks generated.
2026-10-06 07:45:22,604 | INFO | Narration exported to D:\Laboratorio de IA\speech-ai\speech-ai\output\narration.txt
2026-10-06 07:45:22,604 | INFO | Building speech text...
2026-10-06 07:45:22,604 | INFO | Speech text generated.
2026-10-06 07:45:22,604 | INFO | Speech text exported to D:\Laboratorio de IA\speech-ai\speech-ai\output\speech.txt
2026-10-06 07:45:22,604 | INFO | ============================================================
2026-10-06 07:45:22,604 | INFO | Speech Service
2026-10-06 07:45:22,604 | INFO | ============================================================
2026-10-06 07:45:22,620 | INFO | Characters: 7148
2026-10-06 07:45:22,620 | INFO | Provider initialized: Microsoft Edge TTS (Microsoft) v1.1.0
2026-10-06 07:45:22,620 | INFO | Provider: Microsoft Edge TTS (Microsoft) v1.1.0
2026-10-06 07:45:22,620 | INFO | TTS Engine initialized with provider: Microsoft Edge TTS (Microsoft) v1.1.0
2026-10-06 07:45:22,620 | INFO | ============================================================
2026-10-06 07:45:22,620 | INFO | TTS Engine
2026-10-06 07:45:22,620 | INFO | ============================================================
2026-10-06 07:45:22,620 | INFO | Provider.....: EdgeProvider
2026-10-06 07:45:22,620 | INFO | Characters...: 7148
2026-10-06 07:45:22,620 | INFO | Output.......: D:\Laboratorio de IA\speech-ai\speech-ai\output\Valor Econômico- HD \u2010 03 a 051026_2026-10-06_07-45-21.mp3
2026-10-06 07:45:22,620 | INFO | Generating audio...
2026-10-06 07:45:22,620 | INFO | Voice.....: pt-BR-FranciscaNeural
2026-10-06 07:45:22,620 | INFO | Rate......: -5%
2026-10-06 07:45:22,620 | INFO | Pitch.....: +1Hz
2026-10-06 07:45:22,620 | INFO | Volume....: +0%
2026-10-06 07:46:17,540 | INFO | Audio generated successfully.
2026-10-06 07:46:17,542 | INFO | TTS finished successfully.
2026-10-06 07:46:17,542 | INFO | Speech synthesis completed.
2026-10-06 07:46:17,542 | INFO | Pipeline finished
2026-10-06 12:25:33,991 | INFO | AI call destaque 3 finished in 109.6s
2026-10-06 12:26:11,947 | INFO | AI call destaque 2 finished in 135.6s
2026-10-06 12:26:31,564 | INFO | AI call destaque 1 finished in 155.2s
2026-10-06 12:26:44,190 | INFO | AI call capa finished in 12.6s
2026-10-06 12:26:57,387 | INFO | Fast pipeline Valor Econômico finished in 194.6s (US$ 3.21)
2026-10-06 12:26:57,387 | INFO | Pipeline started
2026-10-06 12:26:57,387 | INFO | Starting Text Analyzer
2026-10-06 12:26:57,387 | INFO | Loading script...
2026-10-06 12:26:57,395 | INFO | Normalizing text...
2026-10-06 12:26:57,395 | INFO | Building Presentation...
2026-10-06 12:26:57,395 | INFO | Detecting slides...
2026-10-06 12:26:57,395 | INFO | Calculating statistics...
2026-10-06 12:26:57,395 | INFO | Text Analyzer completed
2026-10-06 12:26:57,395 | INFO | LanguageDetector initialized.
2026-10-06 12:26:57,395 | INFO | VoiceSelector initialized.
2026-10-06 12:26:57,395 | INFO | ============================================================
2026-10-06 12:26:57,395 | INFO | Speech Intelligence Engine
2026-10-06 12:26:57,395 | INFO | ============================================================
2026-10-06 12:26:57,395 | INFO | Starting language detection...
2026-10-06 12:26:57,395 | INFO | Characters: 5882
2026-10-06 12:26:58,273 | INFO | Language detected: Portuguese
2026-10-06 12:26:58,273 | INFO | Confidence: 100.00%
2026-10-06 12:26:58,275 | INFO | Detection time: 874.04 ms
2026-10-06 12:26:58,275 | INFO | Language detected: pt
2026-10-06 12:26:58,275 | INFO | Selecting voice for language 'pt' using provider 'edge'.
2026-10-06 12:26:58,275 | INFO | Voice selected successfully: pt-BR-FranciscaNeural (edge)
2026-10-06 12:26:58,275 | INFO | ============================================================
2026-10-06 12:26:58,275 | INFO | Speech Analyzer Started
2026-10-06 12:26:58,275 | INFO | ============================================================
2026-10-06 12:26:58,277 | INFO | ============================================================
2026-10-06 12:26:58,277 | INFO | Speech Analysis Report
2026-10-06 12:26:58,277 | INFO | ============================================================
2026-10-06 12:26:58,277 | INFO | Words.............. 1069
2026-10-06 12:26:58,277 | INFO | Sentences.......... 85
2026-10-06 12:26:58,277 | INFO | Paragraphs......... 23
2026-10-06 12:26:58,277 | INFO | Characters......... 5904
2026-10-06 12:26:58,277 | INFO | List Items......... 0
2026-10-06 12:26:58,277 | INFO | Numbers............ 102
2026-10-06 12:26:58,277 | INFO | Uppercase Words.... 21
2026-10-06 12:26:58,277 | INFO | Vocabulary Density.. 0.48
2026-10-06 12:26:58,277 | INFO | Complexity......... MEDIUM
2026-10-06 12:26:58,277 | INFO | Reading Style...... Presentation
2026-10-06 12:26:58,277 | INFO | Reading Pace....... Normal
2026-10-06 12:26:58,277 | INFO | Execution Time..... 1.82ms
2026-10-06 12:26:58,277 | INFO | ============================================================
2026-10-06 12:26:58,277 | INFO | Speech Analyzer Completed
2026-10-06 12:26:58,277 | INFO | Calculating speech timing...
2026-10-06 12:26:58,277 | INFO | Complexity..... Low
2026-10-06 12:26:58,279 | INFO | Recommended WPM 145
2026-10-06 12:26:58,279 | INFO | Recommended Rate -5%
2026-10-06 12:26:58,279 | INFO | ============================================================
2026-10-06 12:26:58,279 | INFO | Speech Optimizer
2026-10-06 12:26:58,279 | INFO | ============================================================
2026-10-06 12:26:58,279 | INFO | ============================================================
2026-10-06 12:26:58,279 | INFO | Speech Profile
2026-10-06 12:26:58,279 | INFO | ============================================================
2026-10-06 12:26:58,279 | INFO | Language.......... pt
2026-10-06 12:26:58,279 | INFO | Voice............. pt-BR-FranciscaNeural
2026-10-06 12:26:58,279 | INFO | Provider.......... edge
2026-10-06 12:26:58,279 | INFO | Rate.............. -5%
2026-10-06 12:26:58,279 | INFO | Pitch............. +1Hz
2026-10-06 12:26:58,279 | INFO | Reading Style..... Conversational
2026-10-06 12:26:58,279 | INFO | Pacing............ Fast
2026-10-06 12:26:58,279 | INFO | Complexity........ Low
2026-10-06 12:26:58,279 | INFO | Confidence........ 1.00
2026-10-06 12:26:58,279 | INFO | Optimization Time. 0.17 ms
2026-10-06 12:26:58,279 | INFO | ============================================================
2026-10-06 12:26:58,279 | INFO | Speech Profile generated successfully.
2026-10-06 12:26:58,279 | INFO | Building narration...
2026-10-06 12:26:58,279 | INFO | 1 narration blocks generated.
2026-10-06 12:26:58,279 | INFO | Narration exported to D:\Laboratorio de IA\speech-ai\speech-ai\output\narration.txt
2026-10-06 12:26:58,279 | INFO | Building speech text...
2026-10-06 12:26:58,279 | INFO | Speech text generated.
2026-10-06 12:26:58,279 | INFO | Speech text exported to D:\Laboratorio de IA\speech-ai\speech-ai\output\speech.txt
2026-10-06 12:26:58,279 | INFO | ============================================================
2026-10-06 12:26:58,279 | INFO | Speech Service
2026-10-06 12:26:58,279 | INFO | ============================================================
2026-10-06 12:26:58,286 | INFO | Characters: 6695
2026-10-06 12:26:58,286 | INFO | Provider initialized: Microsoft Edge TTS (Microsoft) v1.1.0
2026-10-06 12:26:58,286 | INFO | Provider: Microsoft Edge TTS (Microsoft) v1.1.0
2026-10-06 12:26:58,286 | INFO | TTS Engine initialized with provider: Microsoft Edge TTS (Microsoft) v1.1.0
2026-10-06 12:26:58,286 | INFO | ============================================================
2026-10-06 12:26:58,286 | INFO | TTS Engine
2026-10-06 12:26:58,286 | INFO | ============================================================
2026-10-06 12:26:58,286 | INFO | Provider.....: EdgeProvider
2026-10-06 12:26:58,286 | INFO | Characters...: 6695
2026-10-06 12:26:58,286 | INFO | Output.......: D:\Laboratorio de IA\speech-ai\speech-ai\output\Valor Econômico \u2010 HD  - 061026_2026-10-06_12-26-57.mp3
2026-10-06 12:26:58,286 | INFO | Generating audio...
2026-10-06 12:26:58,286 | INFO | Voice.....: pt-BR-FranciscaNeural
2026-10-06 12:26:58,286 | INFO | Rate......: -5%
2026-10-06 12:26:58,286 | INFO | Pitch.....: +1Hz
2026-10-06 12:26:58,295 | INFO | Volume....: +0%
2026-10-06 12:28:09,705 | INFO | Audio generated successfully.
2026-10-06 12:28:09,707 | INFO | TTS finished successfully.
2026-10-06 12:28:09,707 | INFO | Speech synthesis completed.
2026-10-06 12:28:09,707 | INFO | Pipeline finished
2026-10-06 12:28:09,708 | INFO | PDF archived: D:\Laboratorio de IA\speech-ai\speech-ai\input\Jornais\processados\2026-10-06\Valor Econômico \u2010 HD  - 061026.pdf
2026-10-06 12:28:09,708 | INFO | Processed D:\Laboratorio de IA\speech-ai\speech-ai\input\Jornais\Valor Econômico \u2010 HD  - 061026.pdf -> D:\Laboratorio de IA\speech-ai\speech-ai\output\Valor Econômico \u2010 HD  - 061026_2026-10-06_12-26-57.mp3 (pdf archived at D:\Laboratorio de IA\speech-ai\speech-ai\input\Jornais\processados\2026-10-06\Valor Econômico \u2010 HD  - 061026.pdf)
2026-10-06 12:34:38,360 | INFO | AI call destaque 3 finished in 120.8s
2026-10-06 12:34:55,990 | INFO | AI call destaque 1 finished in 148.5s
2026-10-06 12:35:28,042 | INFO | AI call destaque 2 finished in 170.5s
2026-10-06 12:35:39,740 | INFO | AI call capa finished in 11.7s
2026-10-06 12:35:39,745 | INFO | Pipeline started
2026-10-06 12:35:39,746 | INFO | Starting Text Analyzer
2026-10-06 12:35:39,746 | INFO | Loading script...
2026-10-06 12:35:39,782 | INFO | Normalizing text...
2026-10-06 12:35:39,784 | INFO | Building Presentation...
2026-10-06 12:35:39,784 | INFO | Detecting slides...
2026-10-06 12:35:39,785 | INFO | Calculating statistics...
2026-10-06 12:35:39,786 | INFO | Text Analyzer completed
2026-10-06 12:35:39,792 | INFO | LanguageDetector initialized.
2026-10-06 12:35:39,792 | INFO | VoiceSelector initialized.
2026-10-06 12:35:39,792 | INFO | ============================================================
2026-10-06 12:35:39,792 | INFO | Speech Intelligence Engine
2026-10-06 12:35:39,792 | INFO | ============================================================
2026-10-06 12:35:39,793 | INFO | Starting language detection...
2026-10-06 12:35:39,793 | INFO | Characters: 6427
2026-10-06 12:35:40,171 | INFO | Language detected: Portuguese
2026-10-06 12:35:40,171 | INFO | Confidence: 100.00%
2026-10-06 12:35:40,171 | INFO | Detection time: 377.92 ms
2026-10-06 12:35:40,171 | INFO | Language detected: pt
2026-10-06 12:35:40,171 | INFO | Selecting voice for language 'pt' using provider 'edge'.
2026-10-06 12:35:40,171 | INFO | Voice selected successfully: pt-BR-FranciscaNeural (edge)
2026-10-06 12:35:40,171 | INFO | ============================================================
2026-10-06 12:35:40,171 | INFO | Speech Analyzer Started
2026-10-06 12:35:40,172 | INFO | ============================================================
2026-10-06 12:35:40,175 | INFO | ============================================================
2026-10-06 12:35:40,175 | INFO | Speech Analysis Report
2026-10-06 12:35:40,175 | INFO | ============================================================
2026-10-06 12:35:40,175 | INFO | Words.............. 1163
2026-10-06 12:35:40,175 | INFO | Sentences.......... 94
2026-10-06 12:35:40,175 | INFO | Paragraphs......... 24
2026-10-06 12:35:40,175 | INFO | Characters......... 6450
2026-10-06 12:35:40,175 | INFO | List Items......... 0
2026-10-06 12:35:40,175 | INFO | Numbers............ 97
2026-10-06 12:35:40,175 | INFO | Uppercase Words.... 23
2026-10-06 12:35:40,175 | INFO | Vocabulary Density.. 0.45
2026-10-06 12:35:40,175 | INFO | Complexity......... MEDIUM
2026-10-06 12:35:40,175 | INFO | Reading Style...... Presentation
2026-10-06 12:35:40,175 | INFO | Reading Pace....... Normal
2026-10-06 12:35:40,175 | INFO | Execution Time..... 2.7ms
2026-10-06 12:35:40,175 | INFO | ============================================================
2026-10-06 12:35:40,176 | INFO | Speech Analyzer Completed
2026-10-06 12:35:40,176 | INFO | Calculating speech timing...
2026-10-06 12:35:40,176 | INFO | Complexity..... Low
2026-10-06 12:35:40,176 | INFO | Recommended WPM 145
2026-10-06 12:35:40,176 | INFO | Recommended Rate -5%
2026-10-06 12:35:40,176 | INFO | ============================================================
2026-10-06 12:35:40,176 | INFO | Speech Optimizer
2026-10-06 12:35:40,176 | INFO | ============================================================
2026-10-06 12:35:40,176 | INFO | ============================================================
2026-10-06 12:35:40,176 | INFO | Speech Profile
2026-10-06 12:35:40,177 | INFO | ============================================================
2026-10-06 12:35:40,177 | INFO | Language.......... pt
2026-10-06 12:35:40,177 | INFO | Voice............. pt-BR-FranciscaNeural
2026-10-06 12:35:40,177 | INFO | Provider.......... edge
2026-10-06 12:35:40,177 | INFO | Rate.............. -5%
2026-10-06 12:35:40,177 | INFO | Pitch............. +1Hz
2026-10-06 12:35:40,177 | INFO | Reading Style..... Conversational
2026-10-06 12:35:40,177 | INFO | Pacing............ Fast
2026-10-06 12:35:40,177 | INFO | Complexity........ Low
2026-10-06 12:35:40,177 | INFO | Confidence........ 1.00
2026-10-06 12:35:40,177 | INFO | Optimization Time. 0.19 ms
2026-10-06 12:35:40,177 | INFO | ============================================================
2026-10-06 12:35:40,177 | INFO | Speech Profile generated successfully.
2026-10-06 12:35:40,179 | INFO | Building narration...
2026-10-06 12:35:40,179 | INFO | 1 narration blocks generated.
2026-10-06 12:35:40,180 | INFO | Narration exported to D:\Laboratorio de IA\speech-ai\speech-ai\output\narration.txt
2026-10-06 12:35:40,180 | INFO | Building speech text...
2026-10-06 12:35:40,182 | INFO | Speech text generated.
2026-10-06 12:35:40,183 | INFO | Speech text exported to D:\Laboratorio de IA\speech-ai\speech-ai\output\speech.txt
2026-10-06 12:35:40,183 | INFO | ============================================================
2026-10-06 12:35:40,183 | INFO | Speech Service
2026-10-06 12:35:40,183 | INFO | ============================================================
2026-10-06 12:35:40,197 | INFO | Characters: 7144
2026-10-06 12:35:40,197 | INFO | Provider initialized: Microsoft Edge TTS (Microsoft) v1.1.0
2026-10-06 12:35:40,197 | INFO | Provider: Microsoft Edge TTS (Microsoft) v1.1.0
2026-10-06 12:35:40,197 | INFO | TTS Engine initialized with provider: Microsoft Edge TTS (Microsoft) v1.1.0
2026-10-06 12:35:40,197 | INFO | ============================================================
2026-10-06 12:35:40,197 | INFO | TTS Engine
2026-10-06 12:35:40,197 | INFO | ============================================================
2026-10-06 12:35:40,198 | INFO | Provider.....: EdgeProvider
2026-10-06 12:35:40,198 | INFO | Characters...: 7144
2026-10-06 12:35:40,198 | INFO | Output.......: D:\Laboratorio de IA\speech-ai\speech-ai\output\Valor Econômico \u2010 HD  - 061026_2026-10-06_12-35-39.mp3
2026-10-06 12:35:40,201 | INFO | Generating audio...
2026-10-06 12:35:40,201 | INFO | Voice.....: pt-BR-FranciscaNeural
2026-10-06 12:35:40,201 | INFO | Rate......: -5%
2026-10-06 12:35:40,202 | INFO | Pitch.....: +1Hz
2026-10-06 12:35:40,202 | INFO | Volume....: +0%
2026-10-06 12:35:45,650 | INFO | Fast pipeline Valor Econômico finished in 200.0s (US$ 1.58)
2026-10-06 12:36:35,432 | INFO | Audio generated successfully.
2026-10-06 12:36:35,434 | INFO | TTS finished successfully.
2026-10-06 12:36:35,434 | INFO | Speech synthesis completed.
2026-10-06 12:36:35,434 | INFO | Pipeline finished
2026-10-06 12:36:35,435 | INFO | PDF archived: D:\Laboratorio de IA\speech-ai\speech-ai\input\Jornais\processados\2026-10-06\Valor Econômico \u2010 HD  - 061026.pdf
2026-10-06 12:36:35,435 | INFO | Processed D:\Laboratorio de IA\speech-ai\speech-ai\input\Jornais\Valor Econômico \u2010 HD  - 061026.pdf -> D:\Laboratorio de IA\speech-ai\speech-ai\output\Valor Econômico \u2010 HD  - 061026_2026-10-06_12-35-39.mp3 (pdf archived at D:\Laboratorio de IA\speech-ai\speech-ai\input\Jornais\processados\2026-10-06\Valor Econômico \u2010 HD  - 061026.pdf)
2026-10-06 17:33:37,257 | INFO | AI call destaque 3 · Demais temas finished in 39.8s
2026-10-06 17:33:40,665 | INFO | AI call destaque 1 finished in 53.2s
2026-10-06 17:33:43,893 | INFO | AI call destaque 2 · Mercados e macroeconomia finished in 46.4s
2026-10-06 17:34:03,475 | INFO | AI call destaque 2 · Empresas e setores finished in 66.0s
2026-10-06 17:34:12,907 | INFO | AI call destaque 3 · Política e eleições finished in 75.5s
2026-10-06 17:34:23,969 | INFO | AI call capa finished in 11.1s
2026-10-06 17:34:23,974 | INFO | Pipeline started
2026-10-06 17:34:23,974 | INFO | Starting Text Analyzer
2026-10-06 17:34:23,977 | INFO | Loading script...
2026-10-06 17:34:23,984 | INFO | Normalizing text...
2026-10-06 17:34:23,985 | INFO | Building Presentation...
2026-10-06 17:34:23,985 | INFO | Detecting slides...
2026-10-06 17:34:23,985 | INFO | Calculating statistics...
2026-10-06 17:34:23,987 | INFO | Text Analyzer completed
2026-10-06 17:34:23,987 | INFO | LanguageDetector initialized.
2026-10-06 17:34:23,987 | INFO | VoiceSelector initialized.
2026-10-06 17:34:23,987 | INFO | ============================================================
2026-10-06 17:34:23,987 | INFO | Speech Intelligence Engine
2026-10-06 17:34:23,987 | INFO | ============================================================
2026-10-06 17:34:23,987 | INFO | Starting language detection...
2026-10-06 17:34:23,987 | INFO | Characters: 5620
2026-10-06 17:34:25,069 | INFO | Language detected: Portuguese
2026-10-06 17:34:25,069 | INFO | Confidence: 100.00%
2026-10-06 17:34:25,069 | INFO | Detection time: 1081.21 ms
2026-10-06 17:34:25,069 | INFO | Language detected: pt
2026-10-06 17:34:25,069 | INFO | Selecting voice for language 'pt' using provider 'edge'.
2026-10-06 17:34:25,069 | INFO | Voice selected successfully: pt-BR-FranciscaNeural (edge)
2026-10-06 17:34:25,069 | INFO | ============================================================
2026-10-06 17:34:25,069 | INFO | Speech Analyzer Started
2026-10-06 17:34:25,069 | INFO | ============================================================
2026-10-06 17:34:25,071 | INFO | ============================================================
2026-10-06 17:34:25,071 | INFO | Speech Analysis Report
2026-10-06 17:34:25,071 | INFO | ============================================================
2026-10-06 17:34:25,071 | INFO | Words.............. 993
2026-10-06 17:34:25,071 | INFO | Sentences.......... 71
2026-10-06 17:34:25,071 | INFO | Paragraphs......... 23
2026-10-06 17:34:25,071 | INFO | Characters......... 5642
2026-10-06 17:34:25,071 | INFO | List Items......... 0
2026-10-06 17:34:25,071 | INFO | Numbers............ 101
2026-10-06 17:34:25,071 | INFO | Uppercase Words.... 15
2026-10-06 17:34:25,071 | INFO | Vocabulary Density.. 0.48
2026-10-06 17:34:25,072 | INFO | Complexity......... MEDIUM
2026-10-06 17:34:25,072 | INFO | Reading Style...... Presentation
2026-10-06 17:34:25,072 | INFO | Reading Pace....... Normal
2026-10-06 17:34:25,072 | INFO | Execution Time..... 1.74ms
2026-10-06 17:34:25,072 | INFO | ============================================================
2026-10-06 17:34:25,072 | INFO | Speech Analyzer Completed
2026-10-06 17:34:25,072 | INFO | Calculating speech timing...
2026-10-06 17:34:25,072 | INFO | Complexity..... Low
2026-10-06 17:34:25,072 | INFO | Recommended WPM 145
2026-10-06 17:34:25,072 | INFO | Recommended Rate -5%
2026-10-06 17:34:25,072 | INFO | ============================================================
2026-10-06 17:34:25,072 | INFO | Speech Optimizer
2026-10-06 17:34:25,072 | INFO | ============================================================
2026-10-06 17:34:25,072 | INFO | ============================================================
2026-10-06 17:34:25,072 | INFO | Speech Profile
2026-10-06 17:34:25,073 | INFO | ============================================================
2026-10-06 17:34:25,073 | INFO | Language.......... pt
2026-10-06 17:34:25,073 | INFO | Voice............. pt-BR-FranciscaNeural
2026-10-06 17:34:25,073 | INFO | Provider.......... edge
2026-10-06 17:34:25,073 | INFO | Rate.............. -5%
2026-10-06 17:34:25,073 | INFO | Pitch............. +1Hz
2026-10-06 17:34:25,073 | INFO | Reading Style..... Business
2026-10-06 17:34:25,073 | INFO | Pacing............ Fast
2026-10-06 17:34:25,073 | INFO | Complexity........ Low
2026-10-06 17:34:25,073 | INFO | Confidence........ 1.00
2026-10-06 17:34:25,073 | INFO | Optimization Time. 0.23 ms
2026-10-06 17:34:25,073 | INFO | ============================================================
2026-10-06 17:34:25,073 | INFO | Speech Profile generated successfully.
2026-10-06 17:34:25,073 | INFO | Building narration...
2026-10-06 17:34:25,074 | INFO | 1 narration blocks generated.
2026-10-06 17:34:25,075 | INFO | Narration exported to D:\Laboratorio de IA\speech-ai\speech-ai\output\narration.txt
2026-10-06 17:34:25,075 | INFO | Building speech text...
2026-10-06 17:34:25,076 | INFO | Speech text generated.
2026-10-06 17:34:25,077 | INFO | Speech text exported to D:\Laboratorio de IA\speech-ai\speech-ai\output\speech.txt
2026-10-06 17:34:25,077 | INFO | ============================================================
2026-10-06 17:34:25,077 | INFO | Speech Service
2026-10-06 17:34:25,077 | INFO | ============================================================
2026-10-06 17:34:25,088 | INFO | Characters: 6377
2026-10-06 17:34:25,088 | INFO | Provider initialized: Microsoft Edge TTS (Microsoft) v1.1.0
2026-10-06 17:34:25,088 | INFO | Provider: Microsoft Edge TTS (Microsoft) v1.1.0
2026-10-06 17:34:25,088 | INFO | TTS Engine initialized with provider: Microsoft Edge TTS (Microsoft) v1.1.0
2026-10-06 17:34:25,088 | INFO | ============================================================
2026-10-06 17:34:25,088 | INFO | TTS Engine
2026-10-06 17:34:25,088 | INFO | ============================================================
2026-10-06 17:34:25,088 | INFO | Provider.....: EdgeProvider
2026-10-06 17:34:25,088 | INFO | Characters...: 6377
2026-10-06 17:34:25,088 | INFO | Output.......: D:\Laboratorio de IA\speech-ai\speech-ai\output\Valor Econômico \u2010 HD  - 061026_2026-10-06_17-34-23.mp3
2026-10-06 17:34:25,088 | INFO | Generating audio...
2026-10-06 17:34:25,088 | INFO | Voice.....: pt-BR-FranciscaNeural
2026-10-06 17:34:25,088 | INFO | Rate......: -5%
2026-10-06 17:34:25,088 | INFO | Pitch.....: +1Hz
2026-10-06 17:34:25,088 | INFO | Volume....: +0%
2026-10-06 17:34:39,200 | INFO | Fast pipeline Valor Econômico finished in 113.4s (US$ 1.02)
2026-10-06 17:35:04,903 | INFO | Audio generated successfully.
2026-10-06 17:35:04,906 | INFO | TTS finished successfully.
2026-10-06 17:35:04,906 | INFO | Speech synthesis completed.
2026-10-06 17:35:04,906 | INFO | Pipeline finished
2026-10-06 17:35:04,907 | INFO | PDF archived: D:\Laboratorio de IA\speech-ai\speech-ai\input\Jornais\processados\2026-10-06\Valor Econômico \u2010 HD  - 061026.pdf
2026-10-06 17:35:04,907 | INFO | Processed D:\Laboratorio de IA\speech-ai\speech-ai\input\Jornais\Valor Econômico \u2010 HD  - 061026.pdf -> D:\Laboratorio de IA\speech-ai\speech-ai\output\Valor Econômico \u2010 HD  - 061026_2026-10-06_17-34-23.mp3 (pdf archived at D:\Laboratorio de IA\speech-ai\speech-ai\input\Jornais\processados\2026-10-06\Valor Econômico \u2010 HD  - 061026.pdf)
2026-10-06 18:16:13,117 | INFO | AI call destaque 1 finished in 45.5s
2026-10-06 18:16:15,273 | INFO | AI call destaque 3 · Política e eleições finished in 37.6s
2026-10-06 18:16:16,026 | INFO | AI call destaque 3 · Demais temas finished in 38.4s
2026-10-06 18:16:22,035 | INFO | AI call destaque 2 · Mercados e macroeconomia finished in 44.4s
2026-10-06 18:17:03,452 | INFO | AI call destaque 2 · Empresas e setores finished in 85.8s
2026-10-06 18:17:14,927 | INFO | AI call capa finished in 11.5s
2026-10-06 18:17:14,931 | INFO | Pipeline started
2026-10-06 18:17:14,931 | INFO | Starting Text Analyzer
2026-10-06 18:17:14,931 | INFO | Loading script...
2026-10-06 18:17:14,940 | INFO | Normalizing text...
2026-10-06 18:17:14,940 | INFO | Building Presentation...
2026-10-06 18:17:14,940 | INFO | Detecting slides...
2026-10-06 18:17:14,940 | INFO | Calculating statistics...
2026-10-06 18:17:14,940 | INFO | Text Analyzer completed
2026-10-06 18:17:14,940 | INFO | LanguageDetector initialized.
2026-10-06 18:17:14,940 | INFO | VoiceSelector initialized.
2026-10-06 18:17:14,940 | INFO | ============================================================
2026-10-06 18:17:14,940 | INFO | Speech Intelligence Engine
2026-10-06 18:17:14,940 | INFO | ============================================================
2026-10-06 18:17:14,940 | INFO | Starting language detection...
2026-10-06 18:17:14,940 | INFO | Characters: 5791
2026-10-06 18:17:15,830 | INFO | Language detected: Portuguese
2026-10-06 18:17:15,830 | INFO | Confidence: 100.00%
2026-10-06 18:17:15,830 | INFO | Detection time: 887.68 ms
2026-10-06 18:17:15,830 | INFO | Language detected: pt
2026-10-06 18:17:15,830 | INFO | Selecting voice for language 'pt' using provider 'edge'.
2026-10-06 18:17:15,830 | INFO | Voice selected successfully: pt-BR-FranciscaNeural (edge)
2026-10-06 18:17:15,830 | INFO | ============================================================
2026-10-06 18:17:15,830 | INFO | Speech Analyzer Started
2026-10-06 18:17:15,830 | INFO | ============================================================
2026-10-06 18:17:15,830 | INFO | ============================================================
2026-10-06 18:17:15,830 | INFO | Speech Analysis Report
2026-10-06 18:17:15,830 | INFO | ============================================================
2026-10-06 18:17:15,830 | INFO | Words.............. 1033
2026-10-06 18:17:15,830 | INFO | Sentences.......... 73
2026-10-06 18:17:15,830 | INFO | Paragraphs......... 23
2026-10-06 18:17:15,832 | INFO | Characters......... 5813
2026-10-06 18:17:15,832 | INFO | List Items......... 0
2026-10-06 18:17:15,832 | INFO | Numbers............ 89
2026-10-06 18:17:15,832 | INFO | Uppercase Words.... 21
2026-10-06 18:17:15,832 | INFO | Vocabulary Density.. 0.47
2026-10-06 18:17:15,832 | INFO | Complexity......... MEDIUM
2026-10-06 18:17:15,832 | INFO | Reading Style...... Presentation
2026-10-06 18:17:15,832 | INFO | Reading Pace....... Normal
2026-10-06 18:17:15,832 | INFO | Execution Time..... 1.14ms
2026-10-06 18:17:15,832 | INFO | ============================================================
2026-10-06 18:17:15,832 | INFO | Speech Analyzer Completed
2026-10-06 18:17:15,832 | INFO | Calculating speech timing...
2026-10-06 18:17:15,832 | INFO | Complexity..... Low
2026-10-06 18:17:15,832 | INFO | Recommended WPM 145
2026-10-06 18:17:15,832 | INFO | Recommended Rate -5%
2026-10-06 18:17:15,832 | INFO | ============================================================
2026-10-06 18:17:15,832 | INFO | Speech Optimizer
2026-10-06 18:17:15,832 | INFO | ============================================================
2026-10-06 18:17:15,832 | INFO | ============================================================
2026-10-06 18:17:15,832 | INFO | Speech Profile
2026-10-06 18:17:15,832 | INFO | ============================================================
2026-10-06 18:17:15,832 | INFO | Language.......... pt
2026-10-06 18:17:15,832 | INFO | Voice............. pt-BR-FranciscaNeural
2026-10-06 18:17:15,832 | INFO | Provider.......... edge
2026-10-06 18:17:15,832 | INFO | Rate.............. -5%
2026-10-06 18:17:15,832 | INFO | Pitch............. +1Hz
2026-10-06 18:17:15,832 | INFO | Reading Style..... Business
2026-10-06 18:17:15,832 | INFO | Pacing............ Fast
2026-10-06 18:17:15,832 | INFO | Complexity........ Low
2026-10-06 18:17:15,832 | INFO | Confidence........ 1.00
2026-10-06 18:17:15,832 | INFO | Optimization Time. 0.11 ms
2026-10-06 18:17:15,832 | INFO | ============================================================
2026-10-06 18:17:15,832 | INFO | Speech Profile generated successfully.
2026-10-06 18:17:15,832 | INFO | Building narration...
2026-10-06 18:17:15,832 | INFO | 1 narration blocks generated.
2026-10-06 18:17:15,835 | INFO | Narration exported to D:\Laboratorio de IA\speech-ai\speech-ai\output\narration.txt
2026-10-06 18:17:15,835 | INFO | Building speech text...
2026-10-06 18:17:15,836 | INFO | Speech text generated.
2026-10-06 18:17:15,836 | INFO | Speech text exported to D:\Laboratorio de IA\speech-ai\speech-ai\output\speech.txt
2026-10-06 18:17:15,837 | INFO | ============================================================
2026-10-06 18:17:15,837 | INFO | Speech Service
2026-10-06 18:17:15,837 | INFO | ============================================================
2026-10-06 18:17:15,847 | INFO | Characters: 6396
2026-10-06 18:17:15,847 | INFO | Provider initialized: Microsoft Edge TTS (Microsoft) v1.1.0
2026-10-06 18:17:15,847 | INFO | Provider: Microsoft Edge TTS (Microsoft) v1.1.0
2026-10-06 18:17:15,847 | INFO | TTS Engine initialized with provider: Microsoft Edge TTS (Microsoft) v1.1.0
2026-10-06 18:17:15,847 | INFO | ============================================================
2026-10-06 18:17:15,847 | INFO | TTS Engine
2026-10-06 18:17:15,847 | INFO | ============================================================
2026-10-06 18:17:15,847 | INFO | Provider.....: EdgeProvider
2026-10-06 18:17:15,847 | INFO | Characters...: 6396
2026-10-06 18:17:15,847 | INFO | Output.......: D:\Laboratorio de IA\speech-ai\speech-ai\output\Valor Econômico- HD \u2010 03 a 051026_2026-10-06_18-17-14.mp3
2026-10-06 18:17:15,849 | INFO | Generating audio...
2026-10-06 18:17:15,849 | INFO | Voice.....: pt-BR-FranciscaNeural
2026-10-06 18:17:15,849 | INFO | Rate......: -5%
2026-10-06 18:17:15,849 | INFO | Pitch.....: +1Hz
2026-10-06 18:17:15,849 | INFO | Volume....: +0%
2026-10-06 18:17:19,453 | INFO | Fast pipeline Valor Econômico finished in 113.7s (US$ 2.51)
2026-10-06 18:18:17,961 | INFO | Audio generated successfully.
2026-10-06 18:18:17,961 | INFO | TTS finished successfully.
2026-10-06 18:18:17,961 | INFO | Speech synthesis completed.
2026-10-06 18:18:17,961 | INFO | Pipeline finished
2026-10-06 18:18:17,961 | INFO | PDF archived: D:\Laboratorio de IA\speech-ai\speech-ai\input\Jornais\processados\2026-10-06\Valor Econômico- HD \u2010 03 a 051026.pdf
2026-10-06 18:18:17,961 | INFO | Processed D:\Laboratorio de IA\speech-ai\speech-ai\input\Jornais\Valor Econômico- HD \u2010 03 a 051026.pdf -> D:\Laboratorio de IA\speech-ai\speech-ai\output\Valor Econômico- HD \u2010 03 a 051026_2026-10-06_18-17-14.mp3 (pdf archived at D:\Laboratorio de IA\speech-ai\speech-ai\input\Jornais\processados\2026-10-06\Valor Econômico- HD \u2010 03 a 051026.pdf)
2026-10-06 18:19:38,407 | INFO | Pipeline started
2026-10-06 18:19:38,407 | INFO | Starting Text Analyzer
2026-10-06 18:19:38,407 | INFO | Loading script...
2026-10-06 18:19:38,410 | INFO | Normalizing text...
2026-10-06 18:19:38,410 | INFO | Building Presentation...
2026-10-06 18:19:38,410 | INFO | Detecting slides...
2026-10-06 18:19:38,410 | INFO | Calculating statistics...
2026-10-06 18:19:38,410 | INFO | Text Analyzer completed
2026-10-06 18:19:38,410 | INFO | LanguageDetector initialized.
2026-10-06 18:19:38,410 | INFO | VoiceSelector initialized.
2026-10-06 18:19:38,410 | INFO | ============================================================
2026-10-06 18:19:38,410 | INFO | Speech Intelligence Engine
2026-10-06 18:19:38,410 | INFO | ============================================================
2026-10-06 18:19:38,412 | INFO | Starting language detection...
2026-10-06 18:19:38,412 | INFO | Characters: 5587
2026-10-06 18:19:38,748 | INFO | Language detected: Portuguese
2026-10-06 18:19:38,748 | INFO | Confidence: 100.00%
2026-10-06 18:19:38,748 | INFO | Detection time: 335.30 ms
2026-10-06 18:19:38,748 | INFO | Language detected: pt
2026-10-06 18:19:38,748 | INFO | Selecting voice for language 'pt' using provider 'edge'.
2026-10-06 18:19:38,748 | INFO | Voice selected successfully: pt-BR-FranciscaNeural (edge)
2026-10-06 18:19:38,748 | INFO | ============================================================
2026-10-06 18:19:38,748 | INFO | Speech Analyzer Started
2026-10-06 18:19:38,748 | INFO | ============================================================
2026-10-06 18:19:38,749 | INFO | ============================================================
2026-10-06 18:19:38,749 | INFO | Speech Analysis Report
2026-10-06 18:19:38,749 | INFO | ============================================================
2026-10-06 18:19:38,749 | INFO | Words.............. 1008
2026-10-06 18:19:38,749 | INFO | Sentences.......... 75
2026-10-06 18:19:38,749 | INFO | Paragraphs......... 21
2026-10-06 18:19:38,749 | INFO | Characters......... 5607
2026-10-06 18:19:38,749 | INFO | List Items......... 0
2026-10-06 18:19:38,749 | INFO | Numbers............ 73
2026-10-06 18:19:38,749 | INFO | Uppercase Words.... 13
2026-10-06 18:19:38,749 | INFO | Vocabulary Density.. 0.49
2026-10-06 18:19:38,750 | INFO | Complexity......... MEDIUM
2026-10-06 18:19:38,750 | INFO | Reading Style...... Presentation
2026-10-06 18:19:38,750 | INFO | Reading Pace....... Normal
2026-10-06 18:19:38,750 | INFO | Execution Time..... 1.08ms
2026-10-06 18:19:38,750 | INFO | ============================================================
2026-10-06 18:19:38,750 | INFO | Speech Analyzer Completed
2026-10-06 18:19:38,750 | INFO | Calculating speech timing...
2026-10-06 18:19:38,750 | INFO | Complexity..... Low
2026-10-06 18:19:38,750 | INFO | Recommended WPM 145
2026-10-06 18:19:38,750 | INFO | Recommended Rate -5%
2026-10-06 18:19:38,750 | INFO | ============================================================
2026-10-06 18:19:38,750 | INFO | Speech Optimizer
2026-10-06 18:19:38,750 | INFO | ============================================================
2026-10-06 18:19:38,750 | INFO | ============================================================
2026-10-06 18:19:38,750 | INFO | Speech Profile
2026-10-06 18:19:38,750 | INFO | ============================================================
2026-10-06 18:19:38,750 | INFO | Language.......... pt
2026-10-06 18:19:38,750 | INFO | Voice............. pt-BR-FranciscaNeural
2026-10-06 18:19:38,750 | INFO | Provider.......... edge
2026-10-06 18:19:38,750 | INFO | Rate.............. -5%
2026-10-06 18:19:38,750 | INFO | Pitch............. +1Hz
2026-10-06 18:19:38,750 | INFO | Reading Style..... Conversational
2026-10-06 18:19:38,750 | INFO | Pacing............ Fast
2026-10-06 18:19:38,750 | INFO | Complexity........ Low
2026-10-06 18:19:38,750 | INFO | Confidence........ 1.00
2026-10-06 18:19:38,750 | INFO | Optimization Time. 0.11 ms
2026-10-06 18:19:38,750 | INFO | ============================================================
2026-10-06 18:19:38,750 | INFO | Speech Profile generated successfully.
2026-10-06 18:19:38,751 | INFO | Building narration...
2026-10-06 18:19:38,751 | INFO | 1 narration blocks generated.
2026-10-06 18:19:38,752 | INFO | Narration exported to D:\Laboratorio de IA\speech-ai\speech-ai\output\narration.txt
2026-10-06 18:19:38,752 | INFO | Building speech text...
2026-10-06 18:19:38,753 | INFO | Speech text generated.
2026-10-06 18:19:38,753 | INFO | Speech text exported to D:\Laboratorio de IA\speech-ai\speech-ai\output\speech.txt
2026-10-06 18:19:38,753 | INFO | ============================================================
2026-10-06 18:19:38,753 | INFO | Speech Service
2026-10-06 18:19:38,753 | INFO | ============================================================
2026-10-06 18:19:38,763 | INFO | Characters: 6173
2026-10-06 18:19:38,763 | INFO | Provider initialized: Microsoft Edge TTS (Microsoft) v1.1.0
2026-10-06 18:19:38,763 | INFO | Provider: Microsoft Edge TTS (Microsoft) v1.1.0
2026-10-06 18:19:38,763 | INFO | TTS Engine initialized with provider: Microsoft Edge TTS (Microsoft) v1.1.0
2026-10-06 18:19:38,763 | INFO | ============================================================
2026-10-06 18:19:38,763 | INFO | TTS Engine
2026-10-06 18:19:38,763 | INFO | ============================================================
2026-10-06 18:19:38,763 | INFO | Provider.....: EdgeProvider
2026-10-06 18:19:38,763 | INFO | Characters...: 6173
2026-10-06 18:19:38,763 | INFO | Output.......: D:\Laboratorio de IA\speech-ai\speech-ai\output\script_2026-10-06_18-19-38.mp3
2026-10-06 18:19:38,767 | INFO | Generating audio...
2026-10-06 18:19:38,767 | INFO | Voice.....: pt-BR-FranciscaNeural
2026-10-06 18:19:38,767 | INFO | Rate......: -5%
2026-10-06 18:19:38,767 | INFO | Pitch.....: +1Hz
2026-10-06 18:19:38,767 | INFO | Volume....: +0%
2026-10-06 18:20:16,996 | INFO | Audio generated successfully.
2026-10-06 18:20:16,998 | INFO | TTS finished successfully.
2026-10-06 18:20:16,999 | INFO | Speech synthesis completed.
2026-10-06 18:20:16,999 | INFO | Pipeline finished
2026-10-06 18:20:17,000 | INFO | Processed D:\Laboratorio de IA\speech-ai\speech-ai\input\script.txt -> D:\Laboratorio de IA\speech-ai\speech-ai\output\script_2026-10-06_18-19-38.mp3 (archived at D:\Laboratorio de IA\speech-ai\speech-ai\input\processados\2026-10-06\script.txt)
2026-10-06 18:22:37,960 | INFO | Pipeline started
2026-10-06 18:22:37,960 | INFO | Starting Text Analyzer
2026-10-06 18:22:37,960 | INFO | Loading script...
2026-10-06 18:22:37,960 | INFO | Normalizing text...
2026-10-06 18:22:37,960 | INFO | Building Presentation...
2026-10-06 18:22:37,960 | INFO | Detecting slides...
2026-10-06 18:22:37,960 | INFO | Calculating statistics...
2026-10-06 18:22:37,960 | INFO | Text Analyzer completed
2026-10-06 18:22:37,960 | INFO | LanguageDetector initialized.
2026-10-06 18:22:37,960 | INFO | VoiceSelector initialized.
2026-10-06 18:22:37,960 | INFO | ============================================================
2026-10-06 18:22:37,960 | INFO | Speech Intelligence Engine
2026-10-06 18:22:37,960 | INFO | ============================================================
2026-10-06 18:22:37,960 | INFO | Starting language detection...
2026-10-06 18:22:37,960 | INFO | Characters: 44
2026-10-06 18:22:38,134 | INFO | Language detected: Portuguese
2026-10-06 18:22:38,134 | INFO | Confidence: 100.00%
2026-10-06 18:22:38,134 | INFO | Detection time: 181.16 ms
2026-10-06 18:22:38,134 | INFO | Language detected: pt
2026-10-06 18:22:38,134 | INFO | Selecting voice for language 'pt' using provider 'edge'.
2026-10-06 18:22:38,134 | INFO | Voice selected successfully: pt-BR-FranciscaNeural (edge)
2026-10-06 18:22:38,134 | INFO | ============================================================
2026-10-06 18:22:38,134 | INFO | Speech Analyzer Started
2026-10-06 18:22:38,134 | INFO | ============================================================
2026-10-06 18:22:38,134 | INFO | ============================================================
2026-10-06 18:22:38,134 | INFO | Speech Analysis Report
2026-10-06 18:22:38,134 | INFO | ============================================================
2026-10-06 18:22:38,134 | INFO | Words.............. 11
2026-10-06 18:22:38,134 | INFO | Sentences.......... 1
2026-10-06 18:22:38,134 | INFO | Paragraphs......... 1
2026-10-06 18:22:38,134 | INFO | Characters......... 44
2026-10-06 18:22:38,134 | INFO | List Items......... 0
2026-10-06 18:22:38,134 | INFO | Numbers............ 0
2026-10-06 18:22:38,134 | INFO | Uppercase Words.... 0
2026-10-06 18:22:38,134 | INFO | Vocabulary Density.. 0.91
2026-10-06 18:22:38,134 | INFO | Complexity......... HIGH
2026-10-06 18:22:38,134 | INFO | Reading Style...... Presentation
2026-10-06 18:22:38,134 | INFO | Reading Pace....... Normal
2026-10-06 18:22:38,134 | INFO | Execution Time..... 0.32ms
2026-10-06 18:22:38,134 | INFO | ============================================================
2026-10-06 18:22:38,134 | INFO | Speech Analyzer Completed
2026-10-06 18:22:38,134 | INFO | Calculating speech timing...
2026-10-06 18:22:38,134 | INFO | Complexity..... Low
2026-10-06 18:22:38,134 | INFO | Recommended WPM 145
2026-10-06 18:22:38,134 | INFO | Recommended Rate -5%
2026-10-06 18:22:38,134 | INFO | ============================================================
2026-10-06 18:22:38,134 | INFO | Speech Optimizer
2026-10-06 18:22:38,134 | INFO | ============================================================
2026-10-06 18:22:38,134 | INFO | ============================================================
2026-10-06 18:22:38,134 | INFO | Speech Profile
2026-10-06 18:22:38,134 | INFO | ============================================================
2026-10-06 18:22:38,134 | INFO | Language.......... pt
2026-10-06 18:22:38,134 | INFO | Voice............. pt-BR-FranciscaNeural
2026-10-06 18:22:38,134 | INFO | Provider.......... edge
2026-10-06 18:22:38,134 | INFO | Rate.............. -5%
2026-10-06 18:22:38,134 | INFO | Pitch............. +1Hz
2026-10-06 18:22:38,134 | INFO | Reading Style..... Conversational
2026-10-06 18:22:38,134 | INFO | Pacing............ Fast
2026-10-06 18:22:38,134 | INFO | Complexity........ Low
2026-10-06 18:22:38,134 | INFO | Confidence........ 0.80
2026-10-06 18:22:38,134 | INFO | Optimization Time. 0.08 ms
2026-10-06 18:22:38,134 | INFO | ============================================================
2026-10-06 18:22:38,134 | INFO | Speech Profile generated successfully.
2026-10-06 18:22:38,134 | INFO | Building narration...
2026-10-06 18:22:38,134 | INFO | 1 narration blocks generated.
2026-10-06 18:22:38,134 | INFO | Narration exported to D:\Laboratorio de IA\speech-ai\speech-ai\output\narration.txt
2026-10-06 18:22:38,134 | INFO | Building speech text...
2026-10-06 18:22:38,150 | INFO | Speech text generated.
2026-10-06 18:22:38,150 | INFO | Speech text exported to D:\Laboratorio de IA\speech-ai\speech-ai\output\speech.txt
2026-10-06 18:22:38,150 | INFO | ============================================================
2026-10-06 18:22:38,150 | INFO | Speech Service
2026-10-06 18:22:38,150 | INFO | ============================================================
2026-10-06 18:22:38,150 | INFO | Characters: 53
2026-10-06 18:22:38,150 | INFO | Provider initialized: Microsoft Edge TTS (Microsoft) v1.1.0
2026-10-06 18:22:38,150 | INFO | Provider: Microsoft Edge TTS (Microsoft) v1.1.0
2026-10-06 18:22:38,150 | INFO | TTS Engine initialized with provider: Microsoft Edge TTS (Microsoft) v1.1.0
2026-10-06 18:22:38,150 | INFO | ============================================================
2026-10-06 18:22:38,150 | INFO | TTS Engine
2026-10-06 18:22:38,150 | INFO | ============================================================
2026-10-06 18:22:38,150 | INFO | Provider.....: EdgeProvider
2026-10-06 18:22:38,150 | INFO | Characters...: 53
2026-10-06 18:22:38,150 | INFO | Output.......: D:\Laboratorio de IA\speech-ai\speech-ai\output\script.txt_2026-10-06_18-22-37.mp3
2026-10-06 18:22:38,150 | INFO | Generating audio...
2026-10-06 18:22:38,150 | INFO | Voice.....: pt-BR-FranciscaNeural
2026-10-06 18:22:38,150 | INFO | Rate......: -5%
2026-10-06 18:22:38,150 | INFO | Pitch.....: +1Hz
2026-10-06 18:22:38,150 | INFO | Volume....: +0%
2026-10-06 18:22:39,491 | INFO | Audio generated successfully.
2026-10-06 18:22:39,493 | INFO | TTS finished successfully.
2026-10-06 18:22:39,493 | INFO | Speech synthesis completed.
2026-10-06 18:22:39,494 | INFO | Pipeline finished
2026-10-06 18:22:39,495 | INFO | Processed D:\Laboratorio de IA\speech-ai\speech-ai\input\script.txt.txt -> D:\Laboratorio de IA\speech-ai\speech-ai\output\script.txt_2026-10-06_18-22-37.mp3 (archived at D:\Laboratorio de IA\speech-ai\speech-ai\input\processados\2026-10-06\script.txt.txt)
